model,tag,seed,window,source,dkkm,dkkm_method,lin,fair_lin,fair_method,mkt_est,ew,linrank_m,linlev_m,orig_drift,prov_lin,gap,fair_gap,fair_gap_pct_fair_lin
bgn_gam,g0235,0,360,E1 re-score,0.1751691825011893,rff_ens,0.1454979140426138,0.1748222333048598,linrank_m,0.1737668636032375,0.1737668636032375,0.1748222333048598,0.1637256648753221,8.049116928532385e-16,bgn_gam_estimators_g0235_s000_w360_summary@fef5802+dirty,0.029671268458575484,0.0003469491963294935,0.19845827945949757
bgn_gam,g0235,1,360,E1 re-score,0.1577081770782533,rff_ens,0.1373292277466362,0.1551836966016397,linrank_m,0.1421127344466325,0.1421127344466325,0.1551836966016397,0.075696828939608,4.996003610813204e-16,bgn_gam_estimators_g0235_s001_w360_summary@fef5802+dirty,0.020378949331617102,0.0025244804766136053,1.6267691335475838
bgn_gam,g0235,2,360,E1 re-score,0.0871275215987503,rff_lev_ens,0.0643662957875736,0.0871445559729797,mkt_est,0.0871445559729797,0.0871445559729797,0.0871376021561028,0.0870842743307953,5.967448757360216e-16,bgn_gam_estimators_g0235_s002_w360_summary@fef5802+dirty,0.022761225811176705,-1.7034374229396576e-05,-0.01954726148891998
bgn_gam,g0235,3,360,E1 re-score,0.0800939914977545,rff_ens,0.0728659085383192,0.0785606648969403,linrank_m,0.0781942175907669,0.0781942175907669,0.0785606648969403,0.0733377715409759,4.9057979900624105e-15,bgn_gam_estimators_g0235_s003_w360_summary@fef5802+dirty,0.007228082959435292,0.0015333266008141916,1.9517739607037237
bgn_gam,g0235,4,360,E1 re-score,0.0457530516471708,rff_lev_ens,0.0281128757242953,0.0457935295805625,mkt_est,0.0457935295805625,0.0457935295805625,0.0457885050958134,0.045772925861401,1.4016565685892601e-15,bgn_gam_estimators_g0235_s004_w360_summary@fef5802+dirty,0.0176401759228755,-4.0477933391701304e-05,-0.08839225489376243
bgn_gam,g0235,5,360,E1 re-score,0.08718382612061,rff_lev_ens,0.0584195095134052,0.0872082015072446,mkt_est,0.0872082015072446,0.0872082015072446,0.0872029255695237,0.0858706812486391,9.020562075079397e-16,bgn_gam_estimators_g0235_s005_w360_summary@fef5802+dirty,0.0287643166072048,-2.4375386634606366e-05,-0.027950796156003103
bgn_gam,g0235,6,360,E1 re-score,0.1284413016148702,rff_lev_ens,0.1036871506073914,0.1280475795361507,mkt_est,0.1280475795361507,0.1280475795361507,0.1280464706198887,0.1160050139284698,9.020562075079397e-16,bgn_gam_estimators_g0235_s006_w360_summary@fef5802+dirty,0.024754151007478783,0.0003937220787194884,0.3074810786316596
bgn_gam,g0235,7,360,E1 re-score,0.1217441232280112,rff_lev_ens,0.0882234864772342,0.1215056962382269,mkt_est,0.1215056962382269,0.1215056962382269,0.1215012988285881,0.0685129565136267,3.899658373995862e-15,bgn_gam_estimators_g0235_s007_w360_summary@fef5802+dirty,0.033520636750777,0.0002384269897842961,0.1962270059477957
bgn_gam,g0235,8,360,E1 re-score,0.0962055442953647,rff_lev_ens,0.0665805246268209,0.0963886688795543,mkt_est,0.0963886688795543,0.0963886688795543,0.0963757728807327,0.0963649065643447,1.1032841307212493e-15,bgn_gam_estimators_g0235_s008_w360_summary@fef5802+dirty,0.029625019668543792,-0.0001831245841896062,-0.18998559303525156
bgn_gam,g0235,9,360,E1 re-score,0.1016677652166681,rff_ens,0.0894944133998765,0.1006079418374522,linrank_m,0.1005762433881488,0.1005762433881488,0.1006079418374522,0.1004912422222302,9.71445146547012e-17,bgn_gam_estimators_g0235_s009_w360_summary@fef5802+dirty,0.012173351816791592,0.0010598233792158962,1.0534192031561544
bgn_gam,g0235f,0,360,E1 re-score,0.1136005563993978,rff_lev_ens,0.089506524969795,0.1111142982061681,linrank_m,0.1097246635476493,0.1097246635476493,0.1111142982061681,0.1066852988823847,0.0,bgn_gam_estimators_g0235f_s000_w360_summary@fef5802+dirty,0.0240940314296028,0.002486258193229701,2.2375681918240167
bgn_gam,g0235f,1,360,E1 re-score,0.2150868649685329,rff_ens,0.1729700908502332,0.2072477557470476,linrank_m,0.1527362829038634,0.1527362829038634,0.2072477557470476,0.1423368569256959,0.0,bgn_gam_estimators_g0235f_s001_w360_summary@fef5802+dirty,0.0421167741182997,0.007839109221485313,3.782482079590378
bgn_gam,g0235f,2,360,E1 re-score,0.1078370631021969,rff_ens,0.0911174318107902,0.104585716044238,linrank_m,0.1045180956319763,0.1045180956319763,0.104585716044238,0.1000451343080086,0.0,bgn_gam_estimators_g0235f_s002_w360_summary@fef5802+dirty,0.016719631291406703,0.0032513470579589032,3.108786917501849
bgn_gam,g0235f,3,360,E1 re-score,0.0991368139892738,rff_lev_ens,0.0939679200476941,0.0980561570933205,linrank_m,0.0979539110888681,0.0979539110888681,0.0980561570933205,0.0845906967317882,0.0,bgn_gam_estimators_g0235f_s003_w360_summary@fef5802+dirty,0.005168893941579711,0.0010806568959533108,1.1020795919269453
bgn_gam,g0235f,4,360,E1 re-score,0.1244281644577029,rff_lev_ens,0.1177773469760518,0.1236343357907441,linrank_m,0.1167696119245974,0.1167696119245974,0.1236343357907441,0.1167902745403975,0.0,bgn_gam_estimators_g0235f_s004_w360_summary@fef5802+dirty,0.006650817481651097,0.000793828666958804,0.6420778353210793
bgn_gam,g0235f,5,360,E1 re-score,0.1191295944982182,rff_lev_ens,0.089594990347311,0.1191248596972018,mkt_est,0.1191248596972018,0.1191248596972018,0.119117522606075,0.1190704051552987,0.0,bgn_gam_estimators_g0235f_s005_w360_summary@fef5802+dirty,0.029534604150907195,4.734801016398338e-06,0.003974654012968845
bgn_gam,g0235f,6,360,E1 re-score,0.1629565060713606,rff_ens,0.1479208384023056,0.1554433094927039,linrank_m,0.1290142657052659,0.1290142657052659,0.1554433094927039,0.1402026789782866,0.0,bgn_gam_estimators_g0235f_s006_w360_summary@fef5802+dirty,0.015035667669055008,0.007513196578656706,4.833399779750157
bgn_gam,g0235f,7,360,E1 re-score,0.1520785749230633,rff_ens,0.1018145053049864,0.1515515188025857,mkt_est,0.1515515188025857,0.1515515188025857,0.1515486916445861,0.1511631634435563,0.0,bgn_gam_estimators_g0235f_s007_w360_summary@fef5802+dirty,0.05026406961807689,0.0005270561204775981,0.3477735654791773
bgn_gam,g0235f,8,360,E1 re-score,0.1128978383728021,rff_lev_ens,0.099873202694942,0.1119553558390624,linrank_m,0.1100280889376887,0.1100280889376887,0.1119553558390624,0.1101086521936971,0.0,bgn_gam_estimators_g0235f_s008_w360_summary@fef5802+dirty,0.013024635677860094,0.0009424825337396997,0.841837826047852
bgn_gam,g0235f,9,360,E1 re-score,0.1181462557018157,rff_lev_ens,0.1100097021094641,0.1173835497115697,mkt_est,0.1173835497115697,0.1173835497115697,0.1173817133747,0.1173021546896517,0.0,bgn_gam_estimators_g0235f_s009_w360_summary@fef5802+dirty,0.00813655359235159,0.0007627059902459987,0.6497554317620231
bgn_gam,g0235r,0,360,E1 re-score,0.0040024804913378,rff_lev_ens,-0.0004234982862741,0.0040411591431514,linrank_m,0.0036428845841935,0.0477618074097744,0.0040411591431514,-0.0021327945885065,2.999987411267391e-16,bgn_gam_estimators_g0235r_s000_w360_summary@fef5802+dirty,0.004425978777611901,-3.8678651813599946e-05,-0.9571177586299493
bgn_gam,g0235r,1,360,E1 re-score,0.0546949025446189,rff_lev_ens,0.0171534888646864,0.0547809437951851,mkt_est,0.0547809437951851,0.0547809437951851,0.0547767326551591,0.0039579801855416,7.259991219310535e-14,bgn_gam_estimators_g0235r_s001_w360_summary@fef5802+dirty,0.0375414136799325,-8.604125056619477e-05,-0.15706419898110127
bgn_gam,g0235r,2,360,E1 re-score,0.0473923156206876,rff_lev_ens,0.0095551106151168,0.0473691028915807,mkt_est,0.0473691028915807,0.0473691028915807,0.0473685890431316,-0.0263021859560857,2.0799334476961917e-14,bgn_gam_estimators_g0235r_s002_w360_summary@fef5802+dirty,0.037837205005570806,2.3212729106901475e-05,0.0490039449554939
bgn_gam,g0235r,3,360,E1 re-score,0.045461810948108,rff_lev_ens,0.0322796179716314,0.0455013864126697,mkt_est,0.0455013864126697,0.0455013864126697,0.0454967262319215,0.0433782513121121,1.0563980246125482e-12,bgn_gam_estimators_g0235r_s003_w360_summary@fef5802+dirty,0.013182192976476603,-3.9575464561701634e-05,-0.08697639276917062
bgn_gam,g0235r,4,360,E1 re-score,0.0457387909476456,rff_lev_ens,0.0200294369316979,0.045784670421586,linlev_m,0.0457454144968525,0.0457454144968525,0.0457438726001272,0.045784670421586,7.680999933312727e-13,bgn_gam_estimators_g0235r_s004_w360_summary@fef5802+dirty,0.0257093540159477,-4.5879473940399484e-05,-0.10020706388828517
bgn_gam,g0235r,5,360,E1 re-score,0.0341095424073495,rff,-0.0024949806017812,0.0340919700760363,linrank_m,0.0338857625859242,0.0466986513244259,0.0340919700760363,0.0275550703826693,8.500145032286355e-15,bgn_gam_estimators_g0235r_s005_w360_summary@fef5802+dirty,0.0366045230091307,1.757233131319952e-05,0.05154390102422196
bgn_gam,g0235r,6,360,E1 re-score,0.0062880263387003,rff_ens,-0.0025476958352959,0.0087098815873158,linrank_m,0.0086833693005511,0.045563504139338,0.0087098815873158,-0.0175477809665122,5.209721543053547e-14,bgn_gam_estimators_g0235r_s006_w360_summary@fef5802+dirty,0.0088357221739962,-0.0024218552486154994,-27.805834377156714
bgn_gam,g0235r,7,360,E1 re-score,-0.0121761256279616,rff_lev,-0.0013199597801389,0.0097703706711923,linlev_m,-0.0196167956350935,0.0462478539351875,-0.0096787951804933,0.0097703706711923,9.974659986866641e-17,bgn_gam_estimators_g0235r_s007_w360_summary@fef5802+dirty,-0.0108561658478227,-0.0219464962991539,-224.62296506173104
bgn_gam,g0235r,8,360,E1 re-score,0.0455527583194609,rff_lev_ens,0.0117205180555046,0.0456224771915568,mkt_est,0.0456224771915568,0.0456224771915568,0.0456173719747156,0.0456161557094737,9.659981148324448e-14,bgn_gam_estimators_g0235r_s008_w360_summary@fef5802+dirty,0.0338322402639563,-6.971887209589883e-05,-0.15281693671119084
bgn_gam,g0235r,9,360,E1 re-score,0.046821392598675,rff_lev_ens,0.0248849292330672,0.0467656437067572,linlev_m,0.0467421404721077,0.0467421404721077,0.0467415069380149,0.0467656437067572,2.3510013380523276e-13,bgn_gam_estimators_g0235r_s009_w360_summary@fef5802+dirty,0.0219364633656078,5.57488919178048e-05,0.11920907636250413
bgn_gam,g0235s,0,360,E1 re-score,0.0483741677518102,rff_lev,0.0411311667053848,0.0478029165502973,linrank_m,0.0477349979888814,0.0643363300708633,0.0478029165502973,0.0316137891973719,0.0,bgn_gam_estimators_g0235s_s000_w360_summary@fef5802+dirty,0.007243001046425397,0.0005712512015128984,1.1950132810658927
bgn_gam,g0235s,1,360,E1 re-score,0.077558026322358,rff_lev_ens,0.0482799495020597,0.0776756389263849,mkt_est,0.0776756389263849,0.0776756389263849,0.0776559097774909,0.0263136285060451,3.400058012914542e-15,bgn_gam_estimators_g0235s_s001_w360_summary@fef5802+dirty,0.0292780768202983,-0.00011761260402690099,-0.15141504550527782
bgn_gam,g0235s,2,360,E1 re-score,0.1824080399859614,rff_lev_ens,0.1715160949889701,0.1715160949889701,linrank,0.0668484190963953,0.0668484190963953,0.1435045465644393,0.1706707175266834,0.0,bgn_gam_estimators_g0235s_s002_w360_summary@fef5802+dirty,0.010891944996991282,0.010891944996991282,6.350392362706091
bgn_gam,g0235s,3,360,E1 re-score,0.0423253546648768,rff_lev_ens,0.0328619865343579,0.0418601546123099,mkt_est,0.0418601546123099,0.0418601546123099,0.0418503277087918,0.039272100425225,2.3599178167188484e-14,bgn_gam_estimators_g0235s_s003_w360_summary@fef5802+dirty,0.009463368130518901,0.00046520005256690117,1.1113194800052144
bgn_gam,g0235s,4,360,E1 re-score,0.0419577408385349,rff_ens,0.024362668891998,0.0419624926114213,linlev_m,0.0419531024256792,0.0419531024256792,0.0419524943830693,0.0419624926114213,4.0072112295064244e-16,bgn_gam_estimators_g0235s_s004_w360_summary@fef5802+dirty,0.0175950719465369,-4.751772886397998e-06,-0.011323857546786118
bgn_gam,g0235s,5,360,E1 re-score,0.0428945048326639,rff_lev_ens,0.0248088754402142,0.0427232042314218,mkt_est,0.0427232042314218,0.0427232042314218,0.042717690220112,0.0413709789883815,0.0,bgn_gam_estimators_g0235s_s005_w360_summary@fef5802+dirty,0.018085629392449704,0.00017130060124210394,0.40095447971132475
bgn_gam,g0235s,6,360,E1 re-score,0.0440008209658759,rff_lev_ens,0.0098027086579042,0.0440503496807687,mkt_est,0.0440503496807687,0.0440503496807687,0.0440281102430403,0.0023100980589935,0.0,bgn_gam_estimators_g0235s_s006_w360_summary@fef5802+dirty,0.034198112307971706,-4.952871489279781e-05,-0.11243659869156686
bgn_gam,g0235s,7,360,E1 re-score,0.0516393081423286,rff_lev_ens,0.0110148135157823,0.0517442596930005,linrank_m,0.0516934328235782,0.0516934328235782,0.0517442596930005,0.0270847906468054,0.0,bgn_gam_estimators_g0235s_s007_w360_summary@fef5802+dirty,0.0406244946265463,-0.00010495155067189593,-0.20282742722492336
bgn_gam,g0235s,8,360,E1 re-score,0.042394571433046,rff_lev_ens,0.0317201491135051,0.0424495205865973,mkt_est,0.0424495205865973,0.0424495205865973,0.0424423386831474,0.0424401352178728,0.0,bgn_gam_estimators_g0235s_s008_w360_summary@fef5802+dirty,0.010674422319540904,-5.49491535513022e-05,-0.12944587545860634
bgn_gam,g0235s,9,360,E1 re-score,0.042768034778364,rff_lev_ens,0.040778414853187,0.0426946055247018,mkt_est,0.0426946055247018,0.0426946055247018,0.0426805669972525,0.0426884183607582,0.0,bgn_gam_estimators_g0235s_s009_w360_summary@fef5802+dirty,0.0019896199251770025,7.342925366220221e-05,0.17198719313548472
gs_bx,bx7,0,360,E1 re-score,0.314039539009676,rff_ens,0.3036889521424954,0.315697048644892,linrank_m,0.3063730293923059,0.3063730293923059,0.315697048644892,0.3132922183253988,5.684764881053184e-10,gs_bx_estimators_bx7_s000_w360_summary@fef5802+dirty,0.0103505868671806,-0.0016575096352159924,-0.5250317170625254
gs_bx,bx7,1,360,E1 re-score,0.2390222719311944,rff_ens,0.2291577384894034,0.2395132418924019,linrank_m,0.2367894564774522,0.2367894564774522,0.2395132418924019,0.2382331811640727,1.657556814027572e-09,gs_bx_estimators_bx7_s001_w360_summary@fef5802+dirty,0.009864533441791001,-0.0004909699612074825,-0.20498656246657299
gs_bx,bx7,2,360,E1 re-score,0.243871859081772,rff_ens,0.2376439866235535,0.2436121484578721,mkt_est,0.2436121484578721,0.2436121484578721,0.2436114961601231,0.2435671337151174,2.494842915590212e-09,gs_bx_estimators_bx7_s002_w360_summary@fef5802+dirty,0.006227872458218514,0.0002597106238999003,0.1066082400011394
gs_bx,bx7,3,360,E1 re-score,0.2189856423928655,rff_ens,0.2148379325091361,0.2196819064922386,linrank_m,0.2157094656074111,0.2157094656074111,0.2196819064922386,0.2160023882140471,3.8441830274571487e-10,gs_bx_estimators_bx7_s003_w360_summary@fef5802+dirty,0.004147709883729395,-0.0006962640993730951,-0.3169419414145945
gs_bx,bx7,4,360,E1 re-score,0.2424000391592926,rff_ens,0.2258563538461164,0.2423048947432515,linrank_m,0.2394956436063049,0.2394956436063049,0.2423048947432515,0.2400093795754261,4.2564610169826267e-10,gs_bx_estimators_bx7_s004_w360_summary@fef5802+dirty,0.016543685313176182,9.514441604108193e-05,0.03926640282768444
gs_bx,bx7,5,360,E1 re-score,0.2933316774319655,rff_ens,0.2817439629986932,0.2975093146142323,linrank_m,0.2898220157259161,0.2898220157259161,0.2975093146142323,0.2897605295754719,9.319900406978832e-11,gs_bx_estimators_bx7_s005_w360_summary@fef5802+dirty,0.011587714433272278,-0.004177637182266825,-1.40420382725959
gs_bx,bx7,6,360,E1 re-score,0.4047015197765515,rff_ens,0.403373728998232,0.4099108318661856,linrank_m,0.3989048010146808,0.3989048010146808,0.4099108318661856,0.4042250112144379,1.4631518219232476e-10,gs_bx_estimators_bx7_s006_w360_summary@fef5802+dirty,0.0013277907783195153,-0.005209312089634099,-1.2708403107860948
gs_bx,bx7,7,360,E1 re-score,0.2865635342551576,rff_lev_ens,0.2859208545377692,0.2884196645168959,linrank_m,0.2858544691139343,0.2858544691139343,0.2884196645168959,0.2876167615857152,3.924208180627886e-10,gs_bx_estimators_bx7_s007_w360_summary@fef5802+dirty,0.0006426797173884058,-0.0018561302617382536,-0.6435519106671451
gs_bx,bx7,8,360,E1 re-score,0.2828270172718591,rff_ens,0.2762210675238493,0.2831426884884614,linrank_m,0.2816414300424484,0.2816414300424484,0.2831426884884614,0.283077213946632,1.4892420630019387e-11,gs_bx_estimators_bx7_s008_w360_summary@fef5802+dirty,0.006605949748009821,-0.000315671216602309,-0.11148838710527861
gs_bx,bx7,9,360,E1 re-score,0.4385154779335063,rff_ens,0.4281999236395655,0.4331914612441636,linrank_m,0.4279292321685589,0.4279292321685589,0.4331914612441636,0.4276665656344407,1.3337941862090474e-11,gs_bx_estimators_bx7_s009_w360_summary@fef5802+dirty,0.01031555429394082,0.0053240166893427365,1.2290216141499413
gs_bx,g28,0,360,E1 re-score,0.2961015289663308,rff_lev_ens,0.2841843858009277,0.2988749838828829,linrank_m,0.2946533022147658,0.2946533022147658,0.2988749838828829,0.294652430259015,6.049383216577553e-11,gs_bx_estimators_g28_s000_w360_summary@fef5802+dirty,0.011917143165403099,-0.0027734549165521205,-0.9279648903766821
gs_bx,g28,1,360,E1 re-score,0.2813523960730845,rff_ens,0.2551997347164981,0.2831438216496398,linrank_m,0.2758177860855896,0.2758177860855896,0.2831438216496398,0.2828657146294649,1.0349971157896931e-09,gs_bx_estimators_g28_s001_w360_summary@fef5802+dirty,0.026152661356586393,-0.0017914255765553166,-0.6326910352901906
gs_bx,g28,2,360,E1 re-score,0.3149668131350668,rff_lev_ens,0.2752669788343175,0.3152878158440528,mkt_est,0.3152878158440528,0.3152878158440529,0.3152765231012863,0.3152023131035641,5.690179993855793e-10,gs_bx_estimators_g28_s002_w360_summary@fef5802+dirty,0.039699834300749304,-0.0003210027089859957,-0.10181259562049476
gs_bx,g28,3,360,E1 re-score,0.23521444165106,rff_ens,0.2274095788141754,0.2359434831174322,linrank_m,0.2312506135739153,0.2312506135739153,0.2359434831174322,0.2348700918824517,2.676769916831745e-11,gs_bx_estimators_g28_s003_w360_summary@fef5802+dirty,0.007804862836884613,-0.0007290414663722045,-0.3089898719556288
gs_bx,g28,4,360,E1 re-score,0.339617269623821,rff_ens,0.3089491819045797,0.3460665116844275,linrank_m,0.3371879706188669,0.3371879706188669,0.3460665116844275,0.3373294760203993,2.0492920138615034e-09,gs_bx_estimators_g28_s004_w360_summary@fef5802+dirty,0.030668087719241288,-0.006449242060606486,-1.8635845546614018
gs_bx,g28,5,360,E1 re-score,0.2647526430963868,rff_lev_ens,0.2386481047780158,0.2652781670506314,mkt_est,0.2652781670506314,0.2652781670506314,0.2652653962508507,0.2652080881617042,4.856139101949708e-10,gs_bx_estimators_g28_s005_w360_summary@fef5802+dirty,0.026104538318371007,-0.0005255239542446,-0.1981029800105252
gs_bx,g28,6,360,E1 re-score,0.3202518229578648,rff_lev_ens,0.2743792508927483,0.3242060031848094,linrank_m,0.3117407305004314,0.3117407305004313,0.3242060031848094,0.3237500632274256,9.39580080405733e-11,gs_bx_estimators_g28_s006_w360_summary@fef5802+dirty,0.045872572065116524,-0.003954180226944604,-1.2196505271651539
gs_bx,g28,7,360,E1 re-score,0.3385679709667543,rff_ens,0.2976987307508016,0.3418742391909308,linrank_m,0.3364827400353453,0.3364827400353453,0.3418742391909308,0.3364724691622603,3.1293515001529215e-09,gs_bx_estimators_g28_s007_w360_summary@fef5802+dirty,0.040869240215952674,-0.0033062682241765118,-0.967100718673927
gs_bx,g28,8,360,E1 re-score,0.3243760154960532,rff_ens,0.2841141530377955,0.3280378168166113,linrank_m,0.3173249857709586,0.3173249857709586,0.3280378168166113,0.3260280658766424,6.298996879650076e-10,gs_bx_estimators_g28_s008_w360_summary@fef5802+dirty,0.04026186245825769,-0.0036618013205581,-1.1162741406138612
gs_bx,g28,9,360,E1 re-score,0.2600657016804991,rff_ens,0.2463898055466132,0.2585119368890048,linrank_m,0.2585117042500119,0.2585117042500119,0.2585119368890048,0.2584815434572981,1.4414069937629392e-10,gs_bx_estimators_g28_s009_w360_summary@fef5802+dirty,0.013675896133885895,0.001553764791494272,0.6010417972154993
gs_bx,gx7,0,360,E1 re-score,0.3882299786670485,rff_lev_ens,0.3701056706638779,0.3882172084160313,mkt_est,0.3882172084160313,0.3882172084160313,0.3882141293204651,0.3880934280371581,0.0,gs_bx_estimators_gx7_s000_w360_summary@fef5802+dirty,0.01812430800317061,1.2770251017202305e-05,0.0032894603176676085
gs_bx,gx7,1,360,E1 re-score,0.3815368604577511,rff_ens,0.3516065647766817,0.3816627391736354,linrank_m,0.3802525517081262,0.3802525517081262,0.3816627391736354,0.3801974832078773,0.0,gs_bx_estimators_gx7_s001_w360_summary@fef5802+dirty,0.02993029568106942,-0.00012587871588431998,-0.03298166233278856
gs_bx,gx7,2,360,E1 re-score,0.4898730945861855,rff_lev_ens,0.4494016135607343,0.4883564942933463,linrank_m,0.4878217187232106,0.4878217187232106,0.4883564942933463,0.4875209758589577,0.0,gs_bx_estimators_gx7_s002_w360_summary@fef5802+dirty,0.04047148102545117,0.0015166002928391764,0.31055188383103266
gs_bx,gx7,3,360,E1 re-score,0.2864421604889873,rff_ens,0.2733066247205248,0.2865625525390504,linrank_m,0.2856673659318131,0.2856673659318131,0.2865625525390504,0.2856118538793133,0.0,gs_bx_estimators_gx7_s003_w360_summary@fef5802+dirty,0.013135535768462492,-0.0001203920500630895,-0.04201248523101547
gs_bx,gx7,4,360,E1 re-score,0.5512188803502768,rff_lev_ens,0.5289192823155484,0.5515299392211224,mkt_est,0.5515299392211224,0.5515299392211224,0.5515091990778078,0.5511269501101559,0.0,gs_bx_estimators_gx7_s004_w360_summary@fef5802+dirty,0.022299598034728363,-0.00031105887084559303,-0.05639927204765608
gs_bx,gx7,5,360,E1 re-score,0.3574675177292493,rff_lev_ens,0.3465357222038164,0.3576560901619467,mkt_est,0.3576560901619467,0.3576560901619467,0.3576392383166364,0.3574546769993492,0.0,gs_bx_estimators_gx7_s005_w360_summary@fef5802+dirty,0.010931795525432886,-0.0001885724326974314,-0.05272451326413757
gs_bx,gx7,6,360,E1 re-score,0.4566058979810268,rff_lev_ens,0.4312306303765191,0.4569435296098561,linrank_m,0.4548951172247176,0.4548951172247176,0.4569435296098561,0.4547622103827513,0.0,gs_bx_estimators_gx7_s006_w360_summary@fef5802+dirty,0.0253752676045077,-0.00033763162882932685,-0.07388913661116961
gs_bx,gx7,7,360,E1 re-score,0.6092929736099486,rff_lev_ens,0.5965992988425927,0.6088151357969136,mkt_est,0.6088151357969136,0.6088151357969136,0.6087951795118287,0.6079898090901177,0.0,gs_bx_estimators_gx7_s007_w360_summary@fef5802+dirty,0.012693674767355945,0.00047783781303500916,0.07848651995314462
gs_bx,gx7,8,360,E1 re-score,0.5073879142943065,rff_lev_ens,0.4878056939819946,0.5074932036448139,linrank_m,0.5054812291504954,0.5054812291504954,0.5074932036448139,0.5051955803607074,0.0,gs_bx_estimators_gx7_s008_w360_summary@fef5802+dirty,0.019582220312311938,-0.00010528935050735377,-0.020746947890369002
gs_bx,gx7,9,360,E1 re-score,0.3646739509550977,rff_lev_ens,0.327847904795959,0.3649783298026089,mkt_est,0.3649783298026089,0.3649783298026089,0.3649626150795331,0.3647018555050086,0.0,gs_bx_estimators_gx7_s009_w360_summary@fef5802+dirty,0.0368260461591387,-0.0003043788475112219,-0.08339641635048278
kp_vy,vyx,0,360,E1 re-score,0.7855704421509131,rff_ens,0.6718108874845838,0.6718108874845838,linrank,0.3394553334687655,0.3394553334687655,0.6718108874845837,0.6658727048931307,1.1102230246251565e-16,kp_vy_estimators_vyx_s000_w360_summary@fef5802+dirty,0.11375955466632925,0.11375955466632925,16.933270476200747
kp_vy,vyx,1,360,E1 re-score,0.703454752434368,rff_ens,0.609074520786921,0.609074520786921,fm,0.3705929651706949,0.3705929651706949,0.5879492341232072,0.599623782531222,0.0,kp_vy_estimators_vyx_s001_w360_summary@fef5802+dirty,0.09438023164744691,0.09438023164744691,15.495678841647843
kp_vy,vyx,2,360,E1 re-score,0.7604359284766408,rff_ens,0.6481477525932148,0.6481477525932148,fm,0.3553291344911979,0.3553291344911979,0.6330012539442437,0.619309775185673,1.1102230246251565e-16,kp_vy_estimators_vyx_s002_w360_summary@fef5802+dirty,0.11228817588342599,0.11228817588342599,17.32447199487543
kp_vy,vyx,3,360,E1 re-score,0.7557222213277158,rff_ens,0.6327051567934489,0.6334272808785893,linrank_m,0.3722371291546225,0.3722371291546225,0.6334272808785893,0.6316348174964463,1.1102230246251565e-16,kp_vy_estimators_vyx_s003_w360_summary@fef5802+dirty,0.12301706453426697,0.12229494044912648,19.306863493390818
kp_vy,vyx,4,360,E1 re-score,0.7506999029153362,rff_ens,0.6572618716008433,0.6572618716008433,fm,0.3661550637367012,0.3661550637367012,0.6490364457105015,0.640998663167741,1.1102230246251565e-16,kp_vy_estimators_vyx_s004_w360_summary@fef5802+dirty,0.09343803131449291,0.09343803131449291,14.21625616086826
kp_vy,vyx,5,360,E1 re-score,0.653131868605131,rff_lev_ens,0.5754027645886695,0.5754027645886695,linlev,0.3986973410814146,0.3986973410814145,0.5720040864550279,0.5734021125386003,0.0,kp_vy_estimators_vyx_s005_w360_summary@fef5802+dirty,0.07772910401646149,0.07772910401646149,13.508642780336077
kp_vy,vyx,6,360,E1 re-score,0.8073267840737768,rff_ens,0.6784328128383197,0.6784328128383197,linlev,0.3728885902350407,0.3728885902350407,0.6782452272539676,0.6769808951454228,1.1102230246251565e-16,kp_vy_estimators_vyx_s006_w360_summary@fef5802+dirty,0.1288939712354571,0.1288939712354571,18.998782015894975
kp_vy,vyx,7,360,E1 re-score,0.7160017570428291,rff_ens,0.6224218609607209,0.622421860960721,linrank_m,0.3859472441321501,0.3859472441321501,0.622421860960721,0.6164003543354121,2.220446049250313e-16,kp_vy_estimators_vyx_s007_w360_summary@fef5802+dirty,0.09357989608210815,0.09357989608210804,15.034802270226423
kp_vy,vyx,8,360,E1 re-score,0.7927410790614904,rff_ens,0.6851467664530345,0.6851467664530345,linlev,0.3564787270463923,0.3564787270463923,0.6790080171484817,0.682822992949111,1.1102230246251565e-16,kp_vy_estimators_vyx_s008_w360_summary@fef5802+dirty,0.10759431260845587,0.10759431260845587,15.703834255172135
kp_vy,vyx,9,360,E1 re-score,0.7496758532035953,rff_ens,0.6480895121784446,0.6480895121784446,linlev,0.3574363393926272,0.3574363393926272,0.645348222585941,0.6399352068729791,1.1102230246251565e-16,kp_vy_estimators_vyx_s009_w360_summary@fef5802+dirty,0.10158634102515074,0.10158634102515074,15.674739232191126
bgn_gam,bgnbase,0,360,own run,0.2392311493583261,rff_ens,0.2333612354069781,0.2389328017357094,linrank_m,0.1349216335149672,0.1349216335149672,0.2389328017357094,0.2205164015710407,,bgn_gam_estimators_bgnbase_s000_w360_summary@a5b5673+dirty,0.005869913951348005,0.0002983476226166848,0.12486674933259932
bgn_gam,bgnbase,1,360,own run,0.2353052110204377,rff_lev_ens,0.2164835751456733,0.2164835751456733,fm,0.1164533272454924,0.1164533272454924,0.2087339257621303,0.1597795145199336,,bgn_gam_estimators_bgnbase_s001_w360_summary@a5b5673+dirty,0.018821635874764403,0.018821635874764403,8.69425584000966
bgn_gam,bgnbase,2,360,own run,0.1854174539108623,rff_ens,0.1868491793106511,0.1908837574698721,linrank_m,0.1451092145644104,0.1451092145644104,0.1908837574698721,0.1858310555855297,,bgn_gam_estimators_bgnbase_s002_w360_summary@a5b5673+dirty,-0.0014317253997887802,-0.005466303559009789,-2.8636818718704005
bgn_gam,bgnbase,3,360,own run,0.2029506784001267,rff_lev_ens,0.2095745851813245,0.2095745851813245,linrank,0.1479003374562329,0.147900337456233,0.1621457275925958,0.1854682340554047,,bgn_gam_estimators_bgnbase_s003_w360_summary@a5b5673+dirty,-0.006623906781197786,-0.006623906781197786,-3.160644109335473
bgn_gam,bgnbase,4,360,own run,0.2435089215494408,rff_ens,0.240463848361146,0.2407751008668235,linrank_m,0.1451098544489806,0.1451098544489806,0.2407751008668235,0.2221448448745955,,bgn_gam_estimators_bgnbase_s004_w360_summary@a5b5673+dirty,0.003045073188294778,0.002733820682617294,1.1354249973419857
bgn_gam,bgnbase,5,360,own run,0.205163975182375,rff_ens,0.2046846111517438,0.2065305689147525,linrank_m,0.1486068999376457,0.1486068999376457,0.2065305689147525,0.1977781827971757,,bgn_gam_estimators_bgnbase_s005_w360_summary@a5b5673+dirty,0.0004793640306312019,-0.0013665937323774913,-0.6616907799937191
bgn_gam,bgnbase,6,360,own run,0.2574240149524166,rff_lev_ens,0.2607295590823733,0.2607295590823733,linlev,0.1244651504130864,0.1244651504130864,0.2582974923380954,0.255838508141898,,bgn_gam_estimators_bgnbase_s006_w360_summary@a5b5673+dirty,-0.00330554412995665,-0.00330554412995665,-1.267805668674612
bgn_gam,bgnbase,7,360,own run,0.2129693037136408,rff_lev_ens,0.2027133367203921,0.2109366149415232,linrank_m,0.1476508261594156,0.1476508261594156,0.2109366149415232,0.2044593899580729,,bgn_gam_estimators_bgnbase_s007_w360_summary@a5b5673+dirty,0.01025596699324871,0.0020326887721176246,0.9636490908328722
bgn_gam,bgnbase,8,360,own run,0.2409867144545315,rff_ens,0.2208446474047521,0.2385734651332532,linrank_m,0.1336522804708148,0.1336522804708148,0.2385734651332532,0.2210813501714947,,bgn_gam_estimators_bgnbase_s008_w360_summary@a5b5673+dirty,0.02014206704977939,0.002413249321278288,1.0115329967355706
bgn_gam,bgnbase,9,360,own run,0.1910989623529427,rff_ens,0.1720736356078337,0.1888142509780059,linrank_m,0.1612765972841822,0.1612765972841822,0.1888142509780059,0.1611803499981764,,bgn_gam_estimators_bgnbase_s009_w360_summary@a5b5673+dirty,0.019025326745108984,0.0022847113749367987,1.2100312148593775
bgn_gam,g0235d,0,360,own run,0.1484200286772187,rff_lev_ens,0.1480445848467635,0.1480445848467635,linrank,0.0655117101706079,0.0672039964806215,0.1414834792660171,0.1228515862650303,,bgn_gam_estimators_g0235d_s000_w360_summary@fef5802+dirty,0.0003754438304552077,0.0003754438304552077,0.25360186652137146
gs_bx,gsbase,0,360,own run,0.2924993196133627,rff_ens,0.2970463614422836,0.2970463614422836,fm,0.2897852673372882,0.2897852673372882,0.2952889366422032,0.2957579635555965,,gs_bx_estimators_gsbase_s000_w360_summary@a5b5673+dirty,-0.004547041828920906,-0.004547041828920906,-1.530751565797045
gs_bx,gsbase,1,360,own run,0.2971314674797922,rff_lev_ens,0.2642555050906635,0.2988334579467013,linrank_m,0.2877781661933315,0.2877781661933315,0.2988334579467013,0.2986925407700085,,gs_bx_estimators_gsbase_s001_w360_summary@a5b5673+dirty,0.03287596238912871,-0.001701990466909109,-0.5695448155650191
gs_bx,gsbase,2,360,own run,0.2882797371194306,rff_ens,0.2812285622768989,0.2897321121585388,linrank_m,0.2793908023506689,0.2793908023506689,0.2897321121585388,0.2894184748449372,,gs_bx_estimators_gsbase_s002_w360_summary@a5b5673+dirty,0.0070511748425317045,-0.001452375039108167,-0.501282038876464
gs_bx,gsbase,3,360,own run,0.3029530234237589,rff_ens,0.298885109441943,0.3060720217533944,linlev_m,0.2960185362984616,0.2960185362984616,0.305724550129082,0.3060720217533944,,gs_bx_estimators_gsbase_s003_w360_summary@a5b5673+dirty,0.004067913981815885,-0.0031189983296354695,-1.019040653166424
gs_bx,gsbase,4,360,own run,0.2867431538421746,rff_ens,0.2763155464120554,0.2869748082224752,linlev_m,0.2752446401579389,0.2752446401579389,0.2867134715150256,0.2869748082224752,,gs_bx_estimators_gsbase_s004_w360_summary@a5b5673+dirty,0.010427607430119168,-0.00023165438030059438,-0.08072289750290763
gs_bx,gsbase,5,360,own run,0.2981952169363613,rff_ens,0.2980818188541234,0.3020033145750185,linlev_m,0.292744172590785,0.292744172590785,0.2997723572904353,0.3020033145750185,,gs_bx_estimators_gsbase_s005_w360_summary@a5b5673+dirty,0.00011339808223792547,-0.003808097638657193,-1.2609456435986401
gs_bx,gsbase,6,360,own run,0.2924384117227964,rff_ens,0.2681184533680613,0.2949788685474156,linrank_m,0.2852955679022037,0.2852955679022037,0.2949788685474156,0.2945015371365873,,gs_bx_estimators_gsbase_s006_w360_summary@a5b5673+dirty,0.024319958354735105,-0.0025404568246192305,-0.8612334968702584
gs_bx,gsbase,7,360,own run,0.2738220773437043,rff_ens,0.2600294522919315,0.2763748838896935,linlev_m,0.2669039563229764,0.2669039563229764,0.2759604923699512,0.2763748838896935,,gs_bx_estimators_gsbase_s007_w360_summary@a5b5673+dirty,0.013792625051772811,-0.002552806545989217,-0.9236753029295132
gs_bx,gsbase,8,360,own run,0.2859030886804754,rff_ens,0.2595641662721012,0.2866843079552988,linlev_m,0.2757399970228549,0.2757399970228549,0.2860797363574563,0.2866843079552988,,gs_bx_estimators_gsbase_s008_w360_summary@a5b5673+dirty,0.02633892240837421,-0.0007812192748233859,-0.2725015821044511
gs_bx,gsbase,9,360,own run,0.2896495660270636,rff_ens,0.2787173109733744,0.2908181010899875,linlev_m,0.2895673623590685,0.2895673623590685,0.2900258063732165,0.2908181010899875,,gs_bx_estimators_gsbase_s009_w360_summary@a5b5673+dirty,0.010932255053689222,-0.0011685350629239144,-0.4018096048850604
kp_vy,kpbase,0,360,own run,0.2033980154987646,rff_ens,0.2037012812584532,0.2037012812584532,fm,0.0687240309087768,0.0687240309087768,0.2015699758110792,0.1778164730786042,,kp_vy_estimators_kpbase_s000_w360_summary@a5b5673+dirty,-0.0003032657596885868,-0.0003032657596885868,-0.14887768884664387
kp_vy,kpbase,1,360,own run,0.1997292482616253,rff_lev_ens,0.1998952105429767,0.1998952105429767,linlev,0.0752786067134548,0.0752786067134548,0.1992946546013377,0.1981912284210805,,kp_vy_estimators_kpbase_s001_w360_summary@a5b5673+dirty,-0.00016596228135140612,-0.00016596228135140612,-0.08302464121106336
kp_vy,kpbase,2,360,own run,0.2109721537003601,rff_ens,0.2079631801483541,0.2142581825472515,linrank_m,0.0695893004228171,0.0695893004228171,0.2142581825472515,0.2037863718707862,,kp_vy_estimators_kpbase_s002_w360_summary@a5b5673+dirty,0.0030089735520059946,-0.0032860288468914145,-1.5336771776110483
kp_vy,kpbase,3,360,own run,0.2137840390132411,rff_ens,0.2113851226130202,0.2162629537582354,linrank_m,0.0915974524390051,0.0915974524390051,0.2162629537582354,0.1975954347264569,,kp_vy_estimators_kpbase_s003_w360_summary@a5b5673+dirty,0.002398916400220913,-0.002478914744994287,-1.1462502947987636
kp_vy,kpbase,4,360,own run,0.1977382254708477,rff_ens,0.1937766828246902,0.2071601238494137,linrank_m,0.0763566100537177,0.0763566100537177,0.2071601238494137,0.1831604280386417,,kp_vy_estimators_kpbase_s004_w360_summary@a5b5673+dirty,0.003961542646157501,-0.009421898378565996,-4.548123549788397
kp_vy,kpbase,5,360,own run,0.22090032594838,rff_ens,0.2147845285458846,0.2196456107452814,linrank_m,0.0953091593823119,0.0953091593823119,0.2196456107452814,0.1926391312830613,,kp_vy_estimators_kpbase_s005_w360_summary@a5b5673+dirty,0.006115797402495404,0.001254715203098583,0.5712452886452856
kp_vy,kpbase,6,360,own run,0.2126880865072121,rff_ens,0.1930013954091392,0.2123552540683427,linrank_m,0.0623621651956581,0.0780992597066194,0.2123552540683427,0.1408470030283335,,kp_vy_estimators_kpbase_s006_w360_summary@a5b5673+dirty,0.019686691098072917,0.0003328324388693904,0.1567337904256771
kp_vy,kpbase,7,360,own run,0.2139130638948143,rff_ens,0.1971816093388907,0.2106008606908615,linrank_m,0.0900649493639951,0.0900649493639951,0.2106008606908615,0.1818435596809069,,kp_vy_estimators_kpbase_s007_w360_summary@a5b5673+dirty,0.01673145455592359,0.003312203203952785,1.57273963320346
kp_vy,kpbase,8,360,own run,0.1956596413792227,rff_lev_ens,0.2002307058395884,0.2069463159467564,linlev_m,0.0717287463189818,0.0717287463189818,0.1975330593053028,0.2069463159467564,,kp_vy_estimators_kpbase_s008_w360_summary@a5b5673+dirty,-0.004571064460365704,-0.011286674567533683,-5.4539142269329135
kp_vy,kpbase,9,360,own run,0.2046255466488275,rff_ens,0.1981052370165407,0.2064602552246363,linrank_m,0.0799716383225451,0.0799716383225451,0.2064602552246363,0.2013228134002005,,kp_vy_estimators_kpbase_s009_w360_summary@a5b5673+dirty,0.006520309632286808,-0.00183470857580878,-0.88864976642238
kp_vy,vyg25,0,360,own run,0.9723026766601895,rff_ens,0.8265337168253976,0.8265337168253976,linlev,0.4382651692171849,0.4382651692171849,0.8209523574940435,0.8203727213119799,,kp_vy_estimators_vyg25_s000_w360_summary@fef5802+dirty,0.145768959834792,0.145768959834792,17.636178278929812
kp_vy,vyg25,1,360,own run,0.8937014473186117,rff_ens,0.7558276812198962,0.7558276812198962,fm,0.4729080089681666,0.4729080089681666,0.735456135014133,0.747668868075324,,kp_vy_estimators_vyg25_s001_w360_summary@fef5802+dirty,0.1378737660987155,0.1378737660987155,18.241428506056963
kp_vy,vyg25,2,360,own run,0.9689147448834612,rff_ens,0.7918803602324743,0.7918803602324743,fm,0.4576989892112575,0.4576989892112575,0.777369569768237,0.7655553218542573,,kp_vy_estimators_vyg25_s002_w360_summary@fef5802+dirty,0.17703438465098686,0.17703438465098686,22.356203479906284
kp_vy,vyg25,3,360,own run,0.938890138904884,rff_ens,0.7994587334351354,0.7994587334351354,linlev,0.4689295123520851,0.4689295123520851,0.7940575363957055,0.7986640619471934,,kp_vy_estimators_vyg25_s003_w360_summary@fef5802+dirty,0.13943140546974864,0.13943140546974864,17.44072578588717
kp_vy,vyg25,4,360,own run,0.9662161447554756,rff_ens,0.8188228281305899,0.8188228281305899,fm,0.4685995165642597,0.4685995165642597,0.8076316936657133,0.8057782475764829,,kp_vy_estimators_vyg25_s004_w360_summary@fef5802+dirty,0.14739331662488564,0.14739331662488564,18.00063598146028
kp_vy,vyg25,5,360,own run,0.8473710336682044,rff_ens,0.7389872743955246,0.7389872743955246,linlev,0.5030606552682956,0.5030606552682956,0.7311355059049202,0.7389254482702721,,kp_vy_estimators_vyg25_s005_w360_summary@fef5802+dirty,0.10838375927267985,0.10838375927267985,14.666525801995087
kp_vy,vyg25,6,360,own run,1.0075450585950356,rff_ens,0.8421667508569133,0.8421667508569133,linlev,0.4788703209966986,0.4788703209966986,0.8384977400198751,0.8409801015797508,,kp_vy_estimators_vyg25_s006_w360_summary@fef5802+dirty,0.16537830773812234,0.16537830773812234,19.637240198553105
kp_vy,vyg25,7,360,own run,0.9208860288781412,rff_ens,0.7926703042453717,0.7926703042453717,linlev,0.4890918777836061,0.4890918777836061,0.7863419493488178,0.7905371937653543,,kp_vy_estimators_vyg25_s007_w360_summary@fef5802+dirty,0.12821572463276953,0.12821572463276953,16.17516437112299
kp_vy,vyg25,8,360,own run,0.97803703936217,rff_ens,0.8358904137438989,0.8358904137438989,linlev,0.4582833346622151,0.4582833346622151,0.82411856449572,0.835025223416294,,kp_vy_estimators_vyg25_s008_w360_summary@fef5802+dirty,0.14214662561827107,0.14214662561827107,17.00541402091281
kp_vy,vyg25,9,360,own run,0.9565080242233336,rff_ens,0.7979311350569182,0.7979311350569182,linlev,0.4585387283610461,0.4585387283610461,0.7876964553344584,0.7876649389306681,,kp_vy_estimators_vyg25_s009_w360_summary@fef5802+dirty,0.15857688916641544,0.15857688916641544,19.87350564470752
kp_vy,vyxT860,0,720,own run,0.8962001710367249,rff_ens,0.6839304047253004,0.6839304047253004,fm,0.3367755768258387,0.3367755768258387,0.6583804710520971,0.6236165848349438,,kp_vy_estimators_vyxT860_s000_w720_summary@fef5802+dirty,0.21226976631142447,0.21226976631142447,31.036749476970872
kp_vy,vyxT860,1,720,own run,0.8120831303641193,rff_ens,0.6555990017773383,0.6555990017773383,linlev,0.3566881111411938,0.3566881111411938,0.6538182791434325,0.6555341386164157,,kp_vy_estimators_vyxT860_s001_w720_summary@fef5802+dirty,0.15648412858678096,0.15648412858678096,23.86887840929444
kp_vy,vyxT860,2,720,own run,0.7809122357064728,rff_ens,0.6568166768288822,0.6568166768288822,linlev,0.3771830927006603,0.3771830927006603,0.6522572709145581,0.6536623714838946,,kp_vy_estimators_vyxT860_s002_w720_summary@fef5802+dirty,0.1240955588775906,0.1240955588775906,18.89348478128254
kp_vy,vyxT860,3,720,own run,0.7879936908762682,rff_ens,0.65573617500534,0.65573617500534,fm,0.3612444509078858,0.3612444509078859,0.6546542641165747,0.6426079037492991,,kp_vy_estimators_vyxT860_s003_w720_summary@fef5802+dirty,0.13225751587092827,0.13225751587092827,20.1693182276929
kp_vy,vyxT860,4,720,own run,0.8274874809762698,rff_ens,0.6206643959683937,0.6206643959683937,linlev,0.3613752847418619,0.3613752847418619,0.6150472945033554,0.615622300520524,,kp_vy_estimators_vyxT860_s004_w720_summary@fef5802+dirty,0.20682308500787605,0.20682308500787605,33.32285311535868
kp_vy,vyxT860,5,720,own run,0.862548609053671,rff_ens,0.6521182496447694,0.6521182496447704,linlev_m,0.3624840534109924,0.3624840534109924,0.6503563528126016,0.6521182496447704,,kp_vy_estimators_vyxT860_s005_w720_summary@fef5802+dirty,0.21043035940890165,0.21043035940890065,32.2687425974551
kp_vy,vyxT860,6,720,own run,0.8254937826554934,rff_ens,0.640529708114363,0.6416242363995261,linlev_m,0.3646998616887237,0.3646998616887237,0.6372708758143615,0.6416242363995261,,kp_vy_estimators_vyxT860_s006_w720_summary@fef5802+dirty,0.1849640745411304,0.1838695462559673,28.656889161131303
kp_vy,vyxT860,7,720,own run,0.9623068290831714,rff_ens,0.7116794455566828,0.7116794455566828,linlev,0.3433292181612976,0.3433292181612976,0.7114613310674669,0.7101106672054324,,kp_vy_estimators_vyxT860_s007_w720_summary@fef5802+dirty,0.2506273835264886,0.2506273835264886,35.21633020192755
kp_vy,vyxT860,8,720,own run,0.914489711077766,rff_ens,0.7086791706676976,0.7086791706676976,fm,0.3456119154891918,0.3456119154891918,0.689816972154345,0.6979508868689731,,kp_vy_estimators_vyxT860_s008_w720_summary@fef5802+dirty,0.2058105404100684,0.2058105404100684,29.041426491505245
kp_vy,vyxT860,9,720,own run,0.7826734541062722,rff_ens,0.5916706013608537,0.5929938686327617,linlev_m,0.3680192393926582,0.3680192393926582,0.589858106767295,0.5929938686327617,,kp_vy_estimators_vyxT860_s009_w720_summary@fef5802+dirty,0.1910028527454185,0.1896795854735105,31.98677010115566
