month,n,sr_max,sr_max_code,rf,mean_mu,sd_mu,mean_idio_sd
314,500,0.052355391116318095,0.05235539111631795,-0.0431361012045103,0.0038543091243073055,0.0001021686940965596,0.10590842963342527
315,500,0.05210754059543901,0.052107540595439,0.22318306926186782,0.003991563280737301,0.00011160196654163382,0.11307491859469972
316,500,0.05237148741839585,0.05237148741839582,0.002440302304452012,0.0038762647667187526,0.00010378989182687237,0.10697351867957504
317,500,0.05230722781069819,0.05230722781069813,0.07079756915179261,0.003912473626120163,0.00010522043104563626,0.10869138405733751
318,500,0.05230447431608252,0.05230447431608259,-0.04139533230991893,0.0038546941707694312,0.00010119974469213043,0.10583235766784033
319,500,0.05224836713611948,0.05224836713611937,-0.03609283002735832,0.003859628378266229,0.00010170107535218857,0.10608568478422066
320,500,0.05221911089533787,0.0522191108953379,-0.11697277967725939,0.0038153749104204134,9.907450935021406e-05,0.10403225371216307
321,500,0.05224648886858861,0.052246488868588695,-0.20173722774690006,0.0037652209786501975,9.612069268706542e-05,0.1018332937628973
322,500,0.05221484734939398,0.05221484734939392,-0.27696127106737445,0.0037195739026861224,9.436922124489182e-05,0.10002145755060578
323,500,0.052116471810639976,0.05211647181063995,-0.08328608886967108,0.0038396592597713113,0.00010057076443175983,0.10522625914183953
324,500,0.05211776402355045,0.05211776402355046,-0.06423551253989322,0.003852162239830289,0.00010159310969338559,0.10576481255713108
325,500,0.05209051519859377,0.05209051519859379,-0.10357887733247788,0.0038315734067614375,0.00010014720296833267,0.10483177832686152
326,500,0.05202627116423012,0.052026271164230024,-0.026015983158775947,0.0038782006390125005,0.00010253475317501352,0.10692671296153827
327,500,0.051981723112606376,0.051981723112606355,-0.008552414150472686,0.0038892550124375426,0.00010241751098679197,0.10736571735755171
328,500,0.05199624260084263,0.051996242600842645,0.03556794691376375,0.0039143640418871604,0.00010375440618395337,0.1085175918876256
329,500,0.052110303327778947,0.05211030332777893,-0.12053755093808234,0.0038274936570911883,9.846423522331658e-05,0.10444885637034297
330,500,0.05216193622088655,0.05216193622088659,-0.08877303633607492,0.0038487420242191675,9.879077775591322e-05,0.10536345675900943
331,500,0.052134506824561506,0.05213450682456154,-0.0091446041246661,0.0038963539601145295,0.00010168923792357602,0.10762422175896126
332,500,0.052172132069948876,0.052172132069948716,-0.13860647438174997,0.003821453105750084,9.66597657540021e-05,0.10413513922323901
333,500,0.0522100730554675,0.0522100730554675,-0.08878437264293221,0.0038525964219671195,9.800622027368025e-05,0.10555314115808989
334,500,0.052080618927601484,0.05208061892760156,0.11514884306741124,0.003964390833305804,0.0001047252467996164,0.11094152888059565
335,500,0.05201398991389295,0.05201398991389301,0.16671193607426013,0.003988571422710915,0.00010648194177171537,0.11212296866132769
336,500,0.051963917233405585,0.051963917233405425,0.24080321515283726,0.004028057807195986,0.00010980826761209419,0.11417886166611457
337,500,0.05190806922861125,0.05190806922861117,0.3375900900816664,0.004084549551268114,0.00011426685490606637,0.11698806596950863
338,500,0.05206093979947248,0.05206093979947242,0.2558144604506372,0.004031228521687373,0.0001125171415784746,0.11454351665028484
339,500,0.05215386882448589,0.05215386882448598,0.271253770420585,0.004036980824483003,0.00011476693527647452,0.1148411091953755
340,500,0.05240235080186474,0.05240235080186474,0.08737193034093975,0.003933803045008791,0.00010820776930060619,0.10950935598029142
341,500,0.05252550376896474,0.052525503768964726,0.03247680044899687,0.0039056486675105554,0.00010653524646767951,0.10796564841484078
342,500,0.052403891858412856,0.052403891858413015,0.07723024076123672,0.003927890918375087,0.00010801114590233185,0.10903868307021147
343,500,0.05236208492086327,0.05236208492086314,0.16872155621156848,0.003974156016777624,0.00011128953118713585,0.11141569131628876
344,500,0.052335153264693485,0.052335153264693436,0.19627381836705596,0.003987331094913838,0.00011169596438637664,0.11204947591635508
345,500,0.052256881579326335,0.05225688157932633,0.27720040421589076,0.004030158958988753,0.00011461523831092759,0.11425374377216681
346,500,0.05249294238155943,0.052492942381559424,0.1723984999970715,0.003968106374246733,0.000111533276317725,0.11112233887837149
347,500,0.05249512701355189,0.05249512701355195,0.17255709445350176,0.003966364207354671,0.00011044994828367416,0.11095422004413287
348,500,0.05267541000265655,0.052675410002656464,0.17548505534258763,0.00396463519639555,0.00011174766422518183,0.11076866470434925
349,500,0.052318992273018144,0.05231899227301813,0.3505191200376314,0.004063183583831534,0.00011672509368317734,0.11572896142278334
350,500,0.052442808249878285,0.052442808249878264,0.3182752947634894,0.0040397256353861336,0.00011651947578731927,0.11468224898150178
351,500,0.05241150069834771,0.05241150069834778,0.27911803416308073,0.004012500620467166,0.00011553421074640182,0.11344531724769204
352,500,0.0524502268303824,0.052450226830382314,0.30473250702837545,0.004024182340527897,0.00011658277218567487,0.11409721828899393
353,500,0.05257617949903051,0.052576179499030457,0.18789953112653118,0.003955120747982524,0.00011339516417151122,0.11065043869397194
354,500,0.05252269856677681,0.05252269856677681,0.22184218142690545,0.003969569617291102,0.00011370285367230157,0.11137865263945958
355,500,0.05273998356536522,0.05273998356536529,0.19870141259844576,0.00395341303248916,0.00011521429659059372,0.11055216615701727
356,500,0.05280486797181616,0.052804867971816064,0.03446979408719356,0.003869295996073722,0.00010826920210116807,0.10612809169394419
357,500,0.05274276099160276,0.05274276099160278,0.07154120131879378,0.0038889071799693203,0.00010893618697993402,0.10702812829102913
358,500,0.05276689695522241,0.05276689695522247,0.05753739235789322,0.003881506851773193,0.00010859961764278584,0.10653031259860038
359,500,0.0528257018987443,0.05282570189874428,-0.08476706242526792,0.0038073989307532852,0.00010328389039046125,0.10289038763262136
360,500,0.05278516225305937,0.052785162253059355,-0.08553979673622103,0.00381043355221245,0.00010299417551666558,0.10304997282671303
361,500,0.05275167227130543,0.052751672271305304,0.06510343262340067,0.0038917305336046864,0.00010812973909982433,0.1068599632827514
362,500,0.052729797395843436,0.05272979739584349,0.12533556250110361,0.003918567616717516,0.000109243650415324,0.1081847448746627
363,500,0.052753579987412924,0.05275357998741291,0.1752614691395539,0.003942209532448863,0.00011157093752940711,0.10935396328585338
364,500,0.05287178059735919,0.052871780597359114,0.041323794382691605,0.0038719622820526252,0.00010635807398889554,0.10570513725884677
365,500,0.29553924982395796,0.29553924982395885,0.09872667332145343,0.02544264701049469,0.001419310841220064,0.14011821566634483
366,500,0.2941706307340278,0.29417063073402805,0.11794804190220574,0.02559146586513102,0.0013887714880180871,0.14097450265346156
367,500,0.2968214799260532,0.29682147992605357,0.17968877691490098,0.026079851918466148,0.0014411752001716668,0.14350653307763223
368,500,0.2991532907158247,0.29915329071582514,0.23146132833762942,0.02648887893601358,0.0014979144272232298,0.14564984008821166
369,500,0.2946868474977491,0.29468684749774915,0.10351893872206286,0.025389414512839218,0.0014328472054731078,0.14052989741543803
370,500,0.2958350518070881,0.29583505180708825,0.12635226560563734,0.02554131750438104,0.0014672618816086171,0.14141618525282515
371,500,0.29323183792156204,0.29323183792156154,0.05316989749718508,0.02489823745598197,0.0014324881693914785,0.13853678323362503
372,500,0.29395356025945607,0.2939535602594565,0.07531586274213975,0.025052343641404844,0.0014486503341507835,0.1394176886617592
373,500,0.2909721541834278,0.2909721541834288,-0.01879516368466427,0.024270095337103705,0.0013980764077929345,0.13589842082427722
374,500,0.2962426991930943,0.2962426991930946,0.1276865013412614,0.025440462012040393,0.001484073572924459,0.14156201480943
375,500,0.2945255560706717,0.2945255560706722,0.048544434972559884,0.02475548443962104,0.0014583118430665134,0.1383789769554808
376,500,0.29186309167950203,0.2918630916795015,-0.03831301745734814,0.024029932259208152,0.001412560520338105,0.13509383316707196
377,500,0.2919310520960134,0.2919310520960136,-0.02790171252193268,0.02408327265846617,0.0014214209196808355,0.1354860363700799
378,500,0.2898962318829263,0.2898962318829259,-0.09241113501613132,0.02355494188094798,0.0013856999368987183,0.13317540809709089
379,500,0.2898189646103162,0.2898189646103173,-0.11345713161391277,0.02335186716657016,0.0013994481153627597,0.132352313294615
380,500,0.28728116532776754,0.2872811653277669,-0.19218428081914904,0.022709692966385146,0.0013626338074024993,0.1295781776719525
381,500,0.05327887330929773,0.05327887330929778,-0.0020801292652560988,0.003837551198541786,0.00011580633617294054,0.10553485249607615
382,500,0.053233058975241776,0.053233058975241755,0.08077757896602263,0.0038765890296777266,0.0001181506022717036,0.10751019117150168
383,500,0.053237182246330554,0.053237182246330506,0.12283795999354244,0.0038945236155159785,0.00011902417037083073,0.10833911676754887
384,500,0.0532105685989559,0.05321056859895579,0.10853739529204194,0.003886100602862448,0.00011850063721105953,0.10785836129449343
385,500,0.3018769426255121,0.3018769426255118,0.20716682353293459,0.0259199561137245,0.001586959447671196,0.14433870399013773
386,500,0.3046657825077068,0.3046657825077077,0.27786509676218074,0.02648300821657188,0.0016519505052640026,0.14724541685058978
387,500,0.30686616020172236,0.3068661602017228,0.34243255938084854,0.027021179317224593,0.0017043409873415865,0.15014855535173205
388,500,0.30811347423804514,0.30811347423804564,0.3608096194633346,0.0271607809561024,0.0017409500307024029,0.1510617021721387
389,500,0.30156993367062246,0.3015699336706223,0.1607521912581071,0.025407007153984747,0.0016350103726497339,0.14264695457412804
390,500,0.301869137287834,0.30186913728783354,0.15121089452920403,0.02529788256786531,0.0016542922952837698,0.14233145324324856
391,500,0.29944489502796184,0.2994448950279619,0.09389917031805226,0.02479218037725428,0.0016188451950608972,0.14012737326109395
392,500,0.2995637620598329,0.29956376205983315,0.16878502181519986,0.025375984884731778,0.0016391652073180266,0.14309455124079026
393,500,0.3038425536788043,0.3038425536788041,0.27820033926165727,0.02626134907438504,0.0017173455443063982,0.14765228046115822
394,500,0.30364217340483446,0.30364217340483435,0.24031685188264376,0.02590651894096637,0.0017204530881965428,0.14612542768206155
395,500,0.05356433129669305,0.053564331296693114,0.2917513880611584,0.003957515030280103,0.0001434493320695156,0.11468717822880814
396,500,0.05347142212790466,0.05347142212790473,0.473186038551122,0.004061452275351266,0.00015188567474561077,0.12017198794181423
397,500,0.0536217155860557,0.053621715586055725,0.38143680025370547,0.004002553211548822,0.00014860220524769434,0.11734003636396315
398,500,0.053565319940582376,0.05356531994058239,0.5199071965387042,0.004086503163945494,0.0001556711468732232,0.12158987937662556
399,500,0.05373648980335025,0.053736489803350156,0.3970639833652504,0.00400664989591044,0.00015137773829338767,0.11783056390531797
400,500,0.053739503318745316,0.053739503318745344,0.37699074875487026,0.003991066761637528,0.00015012054046978091,0.11717563641616754
401,500,0.053705734627353466,0.05370573462735344,0.37988637863914126,0.003987710519591835,0.00015045299910067093,0.11714863724176888
402,500,0.05376363837955842,0.053763638379558346,0.39388112258826397,0.003993162635212678,0.00015156036501083454,0.11752478989528574
403,500,0.053886498510890626,0.053886498510890654,0.2910100803167671,0.003933192455535346,0.00014775889981848364,0.11441901806439055
404,500,0.054005590079765464,0.05400559007976547,0.2246290167491099,0.003898019988220849,0.00014508431120934307,0.11241065173073045
405,500,0.054063078010396816,0.05406307801039676,0.19111774317800598,0.003879800541818458,0.00014413766177705472,0.1112751158621249
406,500,0.05400930875295785,0.054009308752957945,0.2198437611132093,0.0038870442050213875,0.00014472482547439407,0.11175926268663937
407,500,0.054067958588514056,0.05406795858851405,0.239428428056457,0.0038932008124473116,0.0001470701918092903,0.11215852843093267
408,500,0.053856983804202466,0.05385698380420238,0.457259943093077,0.004007529296488225,0.0001580703264119973,0.11865901975138399
409,500,0.05378199513824606,0.05378199513824604,0.584557977399535,0.0040865896718208375,0.00016595968935741965,0.12274066941556878
410,500,0.05389820518137322,0.053898205181373234,0.5317829682148221,0.004047406803446122,0.00016326721207695307,0.12095997650387119
411,500,0.05397403317983216,0.05397403317983223,0.5747011790643466,0.004072672936333031,0.0001665649970317957,0.12237799382983235
412,500,0.05399021853419761,0.05399021853419752,0.6422523702018412,0.004114550156064821,0.00017168014649765045,0.1245679040898751
413,500,0.054013224378479836,0.05401322437847983,0.6309314671306585,0.004103094161903606,0.0001721796080343708,0.12426732818104949
414,500,0.32705422193988165,0.32705422193988154,0.6090201982213327,0.028260836249721328,0.0028007103997539427,0.16126455174434773
415,500,0.32615899032043755,0.3261589903204374,0.56580523711606,0.02784415410299438,0.002768458037791797,0.15949213802105305
416,500,0.3283401060585388,0.3283401060585385,0.6230795300445859,0.02833786533279404,0.0028256227358789163,0.16242363548273864
417,500,0.3245377120114771,0.3245377120114772,0.514608437364975,0.02730979228523208,0.0027202886748038386,0.15736737610664842
418,500,0.32297194504895765,0.322971945048957,0.46683913137077604,0.026865050234457014,0.002680479298686429,0.15528424564610413
