method,P,kappa,sharpe,hjd,real_sr,t_vs_fm
ff,6,0.0,0.2290612238210095,0.2075510265999115,0.30693435636531996,9.714558722059756
fm,6,0.0,0.22134624144499393,0.22496187334336012,0.29901056151567074,
linlev,11,0.0,0.20342151668086414,0.2935883805967025,0.24755082931644584,-2.2264600240985524
linlev,11,0.001,0.2274513558907474,0.28602191972108426,0.2908100255103976,1.9039324558265256
linlev,11,0.01,0.22644412643473352,0.2826894769043422,0.2875942886260967,1.51146035062851
linlev,11,0.03,0.22704097914482488,0.2761357589143712,0.2840841037846401,1.7889949968857188
linlev,11,0.1,0.22960757225565803,0.2582685182803821,0.27587138576096126,3.8923772094536147
linlev,11,0.3,0.23293767743099683,0.22096034847127785,0.2695791023511848,9.66236834815479
linlev,11,1.0,0.23352009579233887,0.16364477343056652,0.27205234408192697,8.395200712376367
linlev,11,3.0,0.23435749874230488,0.154367980899521,0.2791593109377705,9.239032632717207
linlev,11,10.0,0.2355676413532739,0.20328336681112746,0.2840656595325448,9.671445490665995
linrank,6,0.0,0.21751386339261158,0.22512087862211988,0.29870946775748014,-1.8789460051789415
linrank,6,0.001,0.19115689960605198,0.24392635773247887,0.23040348741112596,-4.203640268580241
linrank,6,0.01,0.17267770591003323,0.24651491453414126,0.22617615395991242,-4.170880759277945
linrank,6,0.03,0.16611232079899896,0.24075237225724036,0.2365663055145163,-4.032038747053945
linrank,6,0.1,0.15912191893290134,0.23429300355318997,0.2513825192162422,-3.988706524205882
linrank,6,0.3,0.1539396485712815,0.23408419947608586,0.26059947060921446,-4.069140324100327
linrank,6,1.0,0.15039629364796683,0.2466016527737068,0.2649829736851947,-4.183325387788279
linrank,6,3.0,0.14895783125783207,0.2631866138424989,0.2665997465248782,-4.2399508213694075
linrank,6,10.0,0.14838515997213775,0.27409221804452333,0.2672791994518499,-4.263794351480465
rff,36,0.001,0.19824099892622649,0.2690734739845105,0.2589482095988176,-4.01332582284633
rff,36,0.01,0.22672247584250982,0.2032204675458061,0.28860439766421975,2.9194789113410553
rff,36,0.03,0.23479364484042314,0.17781451244949412,0.30504664664360087,7.736400866205522
rff,36,0.1,0.23660665409455828,0.16186017070299974,0.31620156426433205,10.309012772889517
rff,36,0.3,0.23403149512494745,0.1602022725172147,0.31336698639220983,8.96940395319998
rff,36,1.0,0.23051119773720632,0.1639551990950436,0.30382158948684396,5.839399236127736
rff,36,3.0,0.2285746087618879,0.16661688916791312,0.2978077613178481,4.396106828331583
rff,36,10.0,0.22768708917329097,0.16790095884521025,0.29498435181952926,3.7990305016944816
rff,360,0.001,0.20036372911808487,0.29964499894163843,0.30136587738294235,-3.5893404827302913
rff,360,0.01,0.22045741446296047,0.21997537509544537,0.30872326521502536,-0.0765308234012059
rff,360,0.03,0.23221292597069923,0.19212533096828718,0.3135722758423336,5.720184565495581
rff,360,0.1,0.2360849435882967,0.17051828418865442,0.3195547488835786,9.710919543232096
rff,360,0.3,0.23334116103514718,0.16482660146116146,0.31373878764349644,8.350675637502158
rff,360,1.0,0.23004976640266317,0.165961035019936,0.3032212849918214,5.485634385127407
rff,360,3.0,0.2283628035915601,0.16741147797050973,0.29742511959530166,4.251221921299663
rff,360,10.0,0.22761463538713525,0.16815774594741562,0.29484141425892807,3.7517999469883807
rff,3600,0.001,0.20439040129626837,0.2903768828228957,0.33506190545557585,-3.144621705413259
rff,3600,0.01,0.22056178185758551,0.21857608703623344,0.3137273735446746,-0.056398601637105104
rff,3600,0.03,0.23204181345889563,0.19175860571755357,0.31446665847951333,5.347649012147785
rff,3600,0.1,0.23655184468004953,0.1698411019989441,0.31998338390710424,9.888095115803889
rff,3600,0.3,0.23367224616191,0.1641871453240371,0.314230750857484,8.65315480542002
rff,3600,1.0,0.23018509024916717,0.1656602039170998,0.3034749943432204,5.601914081052475
rff,3600,3.0,0.22841320599956882,0.16729536970401562,0.2975257337527934,4.289885890241912
rff,3600,10.0,0.227630428670024,0.16812096477835106,0.2948735686206988,3.7633134545815725
rff_ens,36,0.001,0.20637844465857738,0.2524989298020707,0.26677563394809506,-2.728188067506797
rff_ens,36,0.01,0.22972118137460495,0.19756334757378294,0.2916099841848924,4.277251724731638
rff_ens,36,0.03,0.2358181165950113,0.1750114075232578,0.30641718669664963,7.996250885157258
rff_ens,36,0.1,0.2368987872115804,0.1607174413115594,0.3164470614112891,10.446508565548893
rff_ens,36,0.3,0.2341222331519496,0.15986559588122268,0.3129885344879109,9.030020923966546
rff_ens,36,1.0,0.23052722083272403,0.16390234933956788,0.30324734957007393,5.848973710563261
rff_ens,36,3.0,0.2285769296691659,0.16660966290000243,0.297213914666048,4.397408591128333
rff_ens,36,10.0,0.2276873212150019,0.16790025386714727,0.29439187303452063,3.7991576818537256
rff_ens,360,0.001,0.20210399521458705,0.294780353812642,0.30429078145012967,-3.2906535963728065
rff_ens,360,0.01,0.220692783934724,0.21945039815894585,0.30849533757121855,-0.01917408671135509
rff_ens,360,0.03,0.23230576017156157,0.19191286711142191,0.31310267299223005,5.766873519354735
rff_ens,360,0.1,0.2361104555377474,0.17042393756638183,0.31898430413402795,9.720341172685323
rff_ens,360,0.3,0.2333477921619127,0.16479690893715543,0.31312910572799013,8.355138019634547
rff_ens,360,1.0,0.23005087502468555,0.16595631780183326,0.3026148452525546,5.4863139444021085
rff_ens,360,3.0,0.2283629635914009,0.16741082844900876,0.296827681718319,4.251313684289277
rff_ens,360,10.0,0.2276146514511147,0.16815768220051908,0.2942488063391176,3.7518089273010897
rff_ens,3600,0.001,0.2046814996558135,0.28974381401428473,0.33482045556257684,-3.098304670628486
rff_ens,3600,0.01,0.22060443474010882,0.21850708906266098,0.3131376983840831,-0.04650292997880615
rff_ens,3600,0.03,0.23206044068531642,0.191735295967893,0.31385080178046126,5.358181216691748
rff_ens,3600,0.1,0.23655568117898784,0.16983094121925524,0.31934953512754105,9.88856287094546
rff_ens,3600,0.3,0.23367302419143832,0.16418365668572005,0.3136024159050858,8.65379271178786
rff_ens,3600,1.0,0.23018521772267897,0.16565961689629252,0.3028655253359859,5.602007185209395
rff_ens,3600,3.0,0.2284132242570029,0.16729528801890725,0.2969277635884861,4.289897910079461
rff_ens,3600,10.0,0.22763043049115586,0.1681209567686864,0.29428086431969236,3.7633146044993167
rff_lev,36,0.001,0.18911634056292778,0.31246455117742095,0.3396688231969618,-5.63073140032797
rff_lev,36,0.01,0.21624688349439747,0.2265639249203926,0.3277527443317145,-1.8994360533555872
rff_lev,36,0.03,0.22696415473435066,0.19393468254675753,0.3203398815171311,3.6043524403955924
rff_lev,36,0.1,0.23056784882225367,0.17321444860512522,0.31438678572817774,6.636661549936906
rff_lev,36,0.3,0.22980379792072542,0.16780870070611453,0.305959104800047,5.691880226739366
rff_lev,36,1.0,0.2283706348427446,0.16771168443864604,0.29857067506446505,4.361008554137389
rff_lev,36,3.0,0.22767923110497384,0.16817114715848036,0.29543913477724815,3.825373294925636
rff_lev,36,10.0,0.22739184876752072,0.1684109859231296,0.2941858753769746,3.616923993346795
rff_lev,360,0.001,0.17695302126013585,0.3228514156796903,0.3698847964079165,-8.756551666546628
rff_lev,360,0.01,0.2189289576407166,0.21685347075062023,0.336667978222728,-0.9348099651712886
rff_lev,360,0.03,0.22885710753130742,0.18930458614691278,0.32333769621492325,5.1975782587286465
rff_lev,360,0.1,0.23180006511361398,0.17151831397931966,0.3177352501340041,7.760817434120999
rff_lev,360,0.3,0.23066199739106158,0.1669131279427246,0.30920196699111313,6.299561606250427
rff_lev,360,1.0,0.2288007205287613,0.1672318917903188,0.3002825246475427,4.6294930794937255
rff_lev,360,3.0,0.22785397455564282,0.16796705381392874,0.29613166275237285,3.9295952819512148
rff_lev,360,10.0,0.22744845392697108,0.16834366762842515,0.29440917690261265,3.650108405443164
rff_lev,3600,0.001,0.18930888254251482,0.30914143736801614,0.38020128972571854,-6.392649775923828
rff_lev,3600,0.01,0.22155728167657243,0.21370635896692058,0.33519853799633526,0.30622725357672137
rff_lev,3600,0.03,0.230247366062666,0.18859393518510875,0.3231265930502689,5.95433578211785
rff_lev,3600,0.1,0.23240692360682016,0.1718133092450982,0.3188156789480998,8.193235535514926
rff_lev,3600,0.3,0.23098497348862318,0.16692219295084995,0.3104209023247997,6.561921704655007
rff_lev,3600,1.0,0.2289454397664493,0.1671365279347742,0.30090857829541345,4.7324066880023
rff_lev,3600,3.0,0.2279107211535721,0.16791562961405432,0.2963793306666222,3.9673044873991796
rff_lev,3600,10.0,0.227466596132595,0.16832561127430723,0.29448824062170803,3.661844017769213
rff_lev_ens,36,0.001,0.20284393624365754,0.2766242059613588,0.3678549479729754,-3.3268561679256927
rff_lev_ens,36,0.01,0.22182277734051825,0.21422635778564741,0.3376280376723139,0.420367028781341
rff_lev_ens,36,0.03,0.22917427891716685,0.1890230894695913,0.3240022872946305,4.679153021628865
rff_lev_ens,36,0.1,0.231074723148159,0.1719431861814232,0.31485369527713786,6.939215065592475
rff_lev_ens,36,0.3,0.22989896150138248,0.16755461717240486,0.30555161831653677,5.747038883478849
rff_lev_ens,36,1.0,0.22838187408449837,0.16768088466947859,0.2979943525728062,4.367101365012481
rff_lev_ens,36,3.0,0.2276806057851336,0.16816735560205953,0.2948481486413015,3.826101232395434
rff_lev_ens,36,10.0,0.2273919771144484,0.16841063128009873,0.2935948114330332,3.616991386065143
rff_lev_ens,360,0.001,0.1817666870517146,0.3095638917631157,0.384902250150122,-7.781560619713981
rff_lev_ens,360,0.01,0.21991599688864671,0.2152043063696798,0.3376673521149769,-0.4510939243953927
rff_lev_ens,360,0.03,0.22910208295920764,0.18881454744157292,0.3231088214051065,5.3104426905109205
rff_lev_ens,360,0.1,0.23183859996091485,0.1714189034793058,0.31717369877837664,7.783280016866333
rff_lev_ens,360,0.3,0.23066835318349438,0.16689455967397215,0.308593372354174,6.303370406884941
rff_lev_ens,360,1.0,0.22880147736001977,0.1672295999347762,0.2996803970417419,4.629910043322529
rff_lev_ens,360,3.0,0.22785406909608336,0.16796676708747224,0.29553659802640553,3.9296457266621476
rff_lev_ens,360,10.0,0.22744846284697456,0.16834364061404553,0.29381741534363587,3.6501131114800045
rff_lev_ens,3600,0.001,0.1901396421332502,0.30699962434383,0.3811710756903413,-6.223864056818172
rff_lev_ens,3600,0.01,0.2216713325803165,0.21347157606085565,0.3347371951551506,0.35552809963433213
rff_lev_ens,3600,0.03,0.2302818466502683,0.18851972104673054,0.32253841345034157,5.970911760928886
rff_lev_ens,3600,0.1,0.23241358831060774,0.17179644215179168,0.3181876925070691,8.197202076802617
rff_lev_ens,3600,0.3,0.23098635134710205,0.1669185470155057,0.3097995945905137,6.562762308310897
rff_lev_ens,3600,1.0,0.22894563650260547,0.16713602735811572,0.30030408665465097,4.732517831204277
rff_lev_ens,3600,3.0,0.22791074752682736,0.16791556462294446,0.2957836373585767,3.9673189173947483
rff_lev_ens,3600,10.0,0.22746659868868124,0.16832560506863115,0.2938963080907204,3.6618453997379414
