month,n,sr_max,sr_max_code,rf,mean_mu,sd_mu,mean_idio_sd,sr_ew,sr_orth,prov
414,451,1.3749049501497959,1.4796377503045233,-0.2766981154320405,0.013757656522435446,0.006524946082414718,0.09696584108416552,0.3094277711168894,1.3396335604963197,kp_vy_oracle_vyx_s003@c60eee5+dirty
415,452,1.3618255943347821,1.4692791624282249,-0.23307939979960404,0.013849232621823908,0.0065509314707412804,0.09702845720391759,0.31404075072616544,1.3251216382916056,kp_vy_oracle_vyx_s003@c60eee5+dirty
416,450,1.3513130943044098,1.4811888846355745,-0.08951823380778645,0.014082109581199983,0.006649453954011424,0.09707700399989835,0.3233658230661018,1.3120524468600108,kp_vy_oracle_vyx_s003@c60eee5+dirty
417,448,1.3430191291783022,1.4729547725726104,-0.07240150248848523,0.014075834385110817,0.006617591843566633,0.096333973782465,0.32418936353942646,1.3033041233368161,kp_vy_oracle_vyx_s003@c60eee5+dirty
418,449,1.3442685874023301,1.4794386839848483,-0.0827082627720081,0.014123116121995025,0.006652372207175154,0.09665163780967514,0.3251354145931264,1.304356161964213,kp_vy_oracle_vyx_s003@c60eee5+dirty
419,448,1.341083106473353,1.4827450898511576,-0.017641358720346084,0.014013418050792628,0.006654508849931044,0.09630847517547599,0.32035321508345455,1.302258697822331,kp_vy_oracle_vyx_s003@c60eee5+dirty
420,448,1.314719817028035,1.476159184620275,-0.034942605838469816,0.014039827848406993,0.006625271042303353,0.09683229497512583,0.3228814126347417,1.2744550955844711,kp_vy_oracle_vyx_s003@c60eee5+dirty
421,448,1.3291881712130913,1.490736791865759,-0.027662735601284637,0.01401992221127431,0.006648200041223374,0.09663886851652963,0.3224521307051785,1.289482771461679,kp_vy_oracle_vyx_s003@c60eee5+dirty
422,446,1.3480757392254292,1.4897389433333843,-0.14707732166518567,0.014043961742776518,0.006582899011562044,0.09669821998097387,0.32429198663698283,1.3084887871476876,kp_vy_oracle_vyx_s003@c60eee5+dirty
423,448,1.3540588997014582,1.4874917488659851,-0.22641620825805192,0.01403622888870752,0.006518925281098325,0.09677839936984751,0.3243200295698844,1.3146452077577861,kp_vy_oracle_vyx_s003@c60eee5+dirty
424,446,1.3276542910569782,1.4650906639205235,-0.30163871235720885,0.014012351460773577,0.006486107117609049,0.09741726296539652,0.3248463901167779,1.2872997861376756,kp_vy_oracle_vyx_s003@c60eee5+dirty
425,446,1.3257032353544886,1.4571190833824803,-0.29166394012720304,0.013970710387544015,0.006475293976063413,0.09705136867950376,0.32271113739248775,1.2858252564140298,kp_vy_oracle_vyx_s003@c60eee5+dirty
426,446,1.356647033892608,1.4816150730617803,-0.29540472449932176,0.013866095877442834,0.00650133914826115,0.09666653075442491,0.3164029076346778,1.3192347685722707,kp_vy_oracle_vyx_s003@c60eee5+dirty
427,447,1.3540272007064902,1.4890668726621206,-0.27012643372012074,0.013972736685526186,0.0065499197060627816,0.09675710086675766,0.3210031592746656,1.3154264069071813,kp_vy_oracle_vyx_s003@c60eee5+dirty
428,447,1.3647049887044171,1.4938879920062664,-0.21597279025637794,0.013870453792664916,0.006548405300782788,0.09621686817712502,0.3158331508921083,1.327655500117514,kp_vy_oracle_vyx_s003@c60eee5+dirty
429,448,1.34114233520781,1.4750040544920278,-0.2266829594922031,0.013950940599296897,0.006537356788529214,0.09690116981515971,0.32023099771929947,1.3023497500235333,kp_vy_oracle_vyx_s003@c60eee5+dirty
430,449,1.3529225903263165,1.4829427421080423,-0.2165575367551319,0.0139231909470845,0.006509861874058962,0.09671678152820724,0.3191135525274258,1.3147494346865474,kp_vy_oracle_vyx_s003@c60eee5+dirty
431,449,1.3605335358376138,1.5016438510694592,-0.26059423175452423,0.014026667431613776,0.006580888360905258,0.09722519436878045,0.3222044004270959,1.3218304832633476,kp_vy_oracle_vyx_s003@c60eee5+dirty
432,448,1.3066656341150198,1.461112417004576,-0.21257973579442407,0.013994178578134881,0.006524921133713212,0.09732480507276257,0.32313746944136157,1.266079482189108,kp_vy_oracle_vyx_s003@c60eee5+dirty
433,446,1.3424329283557908,1.4820369160516444,-0.34161238528612714,0.013989178743598105,0.006537377119488754,0.09683614459371011,0.32167376977543727,1.3033235028082486,kp_vy_oracle_vyx_s003@c60eee5+dirty
434,446,1.3088279619723129,1.447480410706044,-0.398015565872872,0.013955201970266649,0.006472772058003084,0.09695852680830679,0.32181636985029616,1.2686468610834836,kp_vy_oracle_vyx_s003@c60eee5+dirty
435,447,1.2927832384457298,1.4513602695237957,-0.44153496855316543,0.014075004881053219,0.006510294444988211,0.09725117963678638,0.3270348044217819,1.250734479537138,kp_vy_oracle_vyx_s003@c60eee5+dirty
436,447,1.2983342431596931,1.4534999043448227,-0.31457737420005655,0.01400825564730963,0.006500323082655145,0.09717804495569944,0.3242188516395215,1.257200836462736,kp_vy_oracle_vyx_s003@c60eee5+dirty
437,448,1.324516758902443,1.4761500165955017,-0.340411989029172,0.01397212210904326,0.0065240396915764,0.0969939303089707,0.3221698550601417,1.2847378055867895,kp_vy_oracle_vyx_s003@c60eee5+dirty
438,446,1.3100002712597232,1.4737476435245191,-0.26560645141087663,0.014103182516092185,0.00656082904452352,0.09745428813573838,0.32766636336743793,1.2683593595736606,kp_vy_oracle_vyx_s003@c60eee5+dirty
439,447,1.309278851341963,1.4715464118401982,-0.24644987282872824,0.014058370946598342,0.006536806962975296,0.09722796629125954,0.32648657371010326,1.2679186203216544,kp_vy_oracle_vyx_s003@c60eee5+dirty
440,447,1.2942568669428554,1.4503982699051992,-0.20267037828806952,0.014062711263087507,0.006496675659741835,0.09751790781074632,0.32752147594707237,1.2521303927395848,kp_vy_oracle_vyx_s003@c60eee5+dirty
441,449,1.3233882899194194,1.476559939921799,-0.14536912594307277,0.014026064228181945,0.00654588021969726,0.09737325275385299,0.3240441328948403,1.283102476746217,kp_vy_oracle_vyx_s003@c60eee5+dirty
442,448,1.3177788860614323,1.4615129032797118,-0.2288940585898106,0.014008294801655715,0.006538625070625217,0.0970566904403133,0.3237189592809,1.2773986174845346,kp_vy_oracle_vyx_s003@c60eee5+dirty
443,447,1.317849527178157,1.4588527594499288,-0.28938720580078714,0.013944459009063504,0.006494404132442017,0.096938588440694,0.32179454259018053,1.2779576083121336,kp_vy_oracle_vyx_s003@c60eee5+dirty
444,448,1.3230676346418708,1.4688771468911268,-0.2312230250474005,0.013938670289477885,0.006553068455052677,0.09626502686102922,0.3208605367501257,1.2835717672936158,kp_vy_oracle_vyx_s003@c60eee5+dirty
445,448,1.33214033897008,1.480287376586568,-0.20759382977978474,0.01383837263645868,0.0065273961010866915,0.09528823030618727,0.317014129191349,1.2938701343660308,kp_vy_oracle_vyx_s003@c60eee5+dirty
446,448,1.3482038391735256,1.4820338972580662,-0.3044350640314348,0.013726289361829128,0.006508641050575272,0.09505661905063885,0.31144702036842165,1.3117371480086495,kp_vy_oracle_vyx_s003@c60eee5+dirty
447,448,1.3707085707540945,1.5105571083819551,-0.24931664334114156,0.013761496233126915,0.006585476946693983,0.09441427406237014,0.31183942703239703,1.33476520695096,kp_vy_oracle_vyx_s003@c60eee5+dirty
448,446,1.371924500547673,1.4932062686332306,-0.3198110404720801,0.013755965739300399,0.006484806282762753,0.09454737387452314,0.31292855180483775,1.3357591686633894,kp_vy_oracle_vyx_s003@c60eee5+dirty
449,448,1.3581479361674087,1.4915203189238135,-0.24699756418002328,0.013852802713486073,0.006528292395389033,0.09530119193695119,0.3171439005005768,1.3206004554334638,kp_vy_oracle_vyx_s003@c60eee5+dirty
450,448,1.3507899017168281,1.4821783011830418,-0.23872208537700296,0.01385831184853052,0.0065179194207553685,0.09517252117688717,0.3177621436175474,1.3128825456466924,kp_vy_oracle_vyx_s003@c60eee5+dirty
451,449,1.3185158152956935,1.4594662178158757,-0.24375553985468612,0.013999528791080242,0.006519651540799928,0.09588201852531801,0.3257665852045393,1.277638480615327,kp_vy_oracle_vyx_s003@c60eee5+dirty
452,450,1.3243320994642787,1.4629522055428414,-0.27882690594657134,0.013938337781867165,0.00647953910315746,0.09577377273866666,0.3236725086418634,1.2841696215145983,kp_vy_oracle_vyx_s003@c60eee5+dirty
453,449,1.3316366509178694,1.469977064842552,-0.34536545166788424,0.014052417773256238,0.006490171614712002,0.09628958132128479,0.3288701901808543,1.290387758806696,kp_vy_oracle_vyx_s003@c60eee5+dirty
454,448,1.2628128627458146,1.4178517000771895,-0.24837501815653013,0.014194430654845732,0.006504610952726258,0.09746936001268051,0.3367055373943868,1.2170972464861782,kp_vy_oracle_vyx_s003@c60eee5+dirty
455,450,1.239629879645537,1.387610517498581,-0.1898146183253093,0.014228716187228844,0.006538490842547367,0.09809528366187655,0.3377175998169466,1.192740148265283,kp_vy_oracle_vyx_s003@c60eee5+dirty
456,451,1.2252124113755931,1.3721975110105789,-0.10932865621385357,0.01426105963321792,0.006564875040585158,0.09811061738086116,0.338652048364283,1.1774804640109622,kp_vy_oracle_vyx_s003@c60eee5+dirty
457,453,1.1857538587236796,1.3517265897334487,0.054006738189743636,0.014372644463852419,0.00661056588321684,0.09914723472742475,0.3429759228636927,1.1350681608669562,kp_vy_oracle_vyx_s003@c60eee5+dirty
458,453,1.1859345964694332,1.3566323447625046,0.10272957255338935,0.014403394069518368,0.0066179191231318475,0.0994490432998406,0.34430978889706815,1.1348531342745518,kp_vy_oracle_vyx_s003@c60eee5+dirty
459,453,1.1901313202068378,1.3764931408074375,0.08272967326601544,0.014470626281433016,0.00663139516701787,0.0992249173306219,0.3469966638032251,1.138422537833252,kp_vy_oracle_vyx_s003@c60eee5+dirty
460,453,1.2287528492979625,1.4031863463841685,0.010750385564483225,0.014401097129611153,0.006621470074586287,0.09804642176289335,0.3439753236663879,1.179624745996143,kp_vy_oracle_vyx_s003@c60eee5+dirty
461,453,1.212780658437116,1.3716392597671512,0.03592113029223459,0.01440101980502244,0.006571088500710227,0.09818641626462225,0.345172771748853,1.1626231905146132,kp_vy_oracle_vyx_s003@c60eee5+dirty
462,453,1.1939259338635972,1.3613642366366736,0.1271005653548632,0.014485736218248835,0.006572500507543207,0.09869179205359566,0.34806856207045583,1.142062787963196,kp_vy_oracle_vyx_s003@c60eee5+dirty
463,453,1.2278424130207508,1.3924645390331376,0.0953060491854145,0.014437506152467467,0.006592156262843842,0.09783679687666538,0.34448405878137905,1.1785277783990191,kp_vy_oracle_vyx_s003@c60eee5+dirty
464,451,1.2357046523472728,1.4007448800893487,0.04795780556436461,0.014378895757273968,0.006560996431181086,0.0972079020331686,0.34224823869832355,1.1873635209743432,kp_vy_oracle_vyx_s003@c60eee5+dirty
465,452,1.2370524332203279,1.4074216029138253,0.08681636458906468,0.014474557563320452,0.006601634399149211,0.0975607780371093,0.3462652103467325,1.18760225944542,kp_vy_oracle_vyx_s003@c60eee5+dirty
466,454,1.2213156752218766,1.3967311230409174,0.18464258203562717,0.01449015728100531,0.006592232044248182,0.0980131335042487,0.3471483823821924,1.1709397845970113,kp_vy_oracle_vyx_s003@c60eee5+dirty
467,453,1.1995488703725357,1.3686985941528713,0.20079937491999755,0.01451746488556124,0.006568291438644817,0.09865247904273669,0.3487992556982452,1.1477179843656613,kp_vy_oracle_vyx_s003@c60eee5+dirty
468,450,1.203388353595408,1.3925812115490273,0.20873438746718412,0.014468102557839306,0.0065671090432263485,0.09837794520808926,0.3470542345196328,1.1522573010708408,kp_vy_oracle_vyx_s003@c60eee5+dirty
469,450,1.2047253395172128,1.3771110182391566,0.22128750110815526,0.014398541364798787,0.006600297554244614,0.09726483896522586,0.34319562294269434,1.1548073034354431,kp_vy_oracle_vyx_s003@c60eee5+dirty
470,450,1.2328094823579832,1.3966751999411149,0.11973454866091511,0.014421351817683004,0.006578575586906379,0.0975900193059992,0.34352404191166847,1.1839807652240084,kp_vy_oracle_vyx_s003@c60eee5+dirty
471,449,1.2454045255592308,1.4212209947682453,0.07649967396236367,0.014412694508768706,0.006583079216549494,0.09666952609476145,0.3429245622214823,1.1972615323765385,kp_vy_oracle_vyx_s003@c60eee5+dirty
472,451,1.248956954174636,1.4142890570300424,0.07194884581943094,0.014367199546159557,0.006559570957021995,0.09656162073700812,0.34188274269400354,1.201253371953315,kp_vy_oracle_vyx_s003@c60eee5+dirty
473,452,1.2429954942810753,1.4194578703003895,0.1092524550939511,0.014395693805534097,0.006543985170829129,0.09681941148558222,0.344056631048356,1.194429919850767,kp_vy_oracle_vyx_s003@c60eee5+dirty
474,452,1.219049460743034,1.4152028448868135,0.18423646538859573,0.014460978745476015,0.006567984155215187,0.09737738856293013,0.3468103580808289,1.1686762439896385,kp_vy_oracle_vyx_s003@c60eee5+dirty
475,452,1.2328899577932315,1.4217420835570846,0.0934575661592245,0.014489561478362558,0.006579815493761868,0.09755452377591355,0.34788969151804244,1.1827892502736392,kp_vy_oracle_vyx_s003@c60eee5+dirty
476,453,1.216565799444973,1.402165216921031,0.09233942869113936,0.01454500741180956,0.006583088863260576,0.09821110181811747,0.3502368737506197,1.1650607180076833,kp_vy_oracle_vyx_s003@c60eee5+dirty
477,454,1.1830826926401241,1.3702995990888993,0.058594231325581975,0.014569480328728495,0.00653437642513176,0.09877193499278693,0.3534299767448161,1.1290579742257547,kp_vy_oracle_vyx_s003@c60eee5+dirty
478,453,1.2007858613234457,1.3850752410042866,0.010794532727198262,0.014624311180584354,0.006546086204517089,0.09842716051069723,0.3555114716532146,1.146951733194233,kp_vy_oracle_vyx_s003@c60eee5+dirty
479,454,1.2048500720058677,1.3750681554561233,0.029684808418301838,0.014527831544282045,0.0065594657127025,0.09835575437577873,0.3512398904596564,1.152516479432044,kp_vy_oracle_vyx_s003@c60eee5+dirty
480,455,1.1688540713962365,1.3546253468653031,0.06557545429809528,0.014589583908636437,0.006558418554320007,0.09903875758969077,0.35385790405779244,1.114003780943038,kp_vy_oracle_vyx_s003@c60eee5+dirty
481,455,1.1460133777439865,1.350672078741859,0.17251981372792521,0.0146908028464099,0.006598366147025846,0.0996194923336893,0.35790233071267963,1.088693062179884,kp_vy_oracle_vyx_s003@c60eee5+dirty
482,455,1.1200603389609944,1.3075894576198368,0.16186489812321447,0.014678016209677645,0.006591307097504581,0.09928032217372411,0.3582651477655418,1.0612168707714518,kp_vy_oracle_vyx_s003@c60eee5+dirty
483,453,1.105245716958233,1.3012272286776725,0.2280587441876372,0.01469301819442886,0.006603916577830031,0.09954540792874553,0.3586122615701729,1.0454498269673418,kp_vy_oracle_vyx_s003@c60eee5+dirty
484,454,1.1070827436910353,1.2968052457700678,0.2137950063291398,0.014619171460855273,0.006607574318559726,0.09918976656075124,0.35559496942917923,1.0484199631326807,kp_vy_oracle_vyx_s003@c60eee5+dirty
485,457,1.0895655999604124,1.2830858220309131,0.3177841531857847,0.014656402888727636,0.006621450182938704,0.09999537942608493,0.35708877415630264,1.029388558314421,kp_vy_oracle_vyx_s003@c60eee5+dirty
486,457,1.0812598134241707,1.2647531450137428,0.372975495332327,0.014664019146317025,0.006592423543145371,0.09994374982473984,0.35806189737204613,1.020252155977336,kp_vy_oracle_vyx_s003@c60eee5+dirty
487,458,1.0966842134925057,1.2653362986289036,0.28130199184691546,0.014678069983176308,0.006581423262588979,0.10007719726535101,0.3579866037952232,1.0366107541535723,kp_vy_oracle_vyx_s003@c60eee5+dirty
488,459,1.0840313078995176,1.256639179399485,0.33428711060039,0.014732746497231738,0.006603614304346808,0.1008817769380917,0.35956473075668693,1.0226617627066195,kp_vy_oracle_vyx_s003@c60eee5+dirty
489,460,1.0814674329721596,1.2582670781445966,0.35967533104764415,0.01476305334791436,0.006562129803851535,0.10168394429820059,0.36206634790727166,1.0190582752190784,kp_vy_oracle_vyx_s003@c60eee5+dirty
490,459,1.0981884098484684,1.2612513192757797,0.3915178674367004,0.014659728739198423,0.006582838651804551,0.1004983702131842,0.35700987176954946,1.038538268425674,kp_vy_oracle_vyx_s003@c60eee5+dirty
491,460,1.091271123445101,1.2669446258577934,0.39109272197590844,0.014624873775671883,0.006586190368047957,0.10107462343109262,0.3558187862956338,1.0316325199334473,kp_vy_oracle_vyx_s003@c60eee5+dirty
492,459,1.118809247708271,1.2883921847064694,0.3337883459299096,0.014658488700096587,0.006581406612752538,0.10105467314822637,0.35620090810183963,1.060591837525149,kp_vy_oracle_vyx_s003@c60eee5+dirty
493,459,1.0923769747556538,1.279780365173708,0.3912717682545791,0.014678148487421504,0.006551429972320777,0.10140394165141713,0.3583490069757466,1.0319270537086478,kp_vy_oracle_vyx_s003@c60eee5+dirty
494,457,1.0671173729871681,1.2963434978666268,0.4508024544170237,0.014667530075024747,0.006539809762090689,0.10132983478360583,0.3586579564585084,1.0050392818193932,kp_vy_oracle_vyx_s003@c60eee5+dirty
495,457,1.1015745791197362,1.3150001816227206,0.3492568358954273,0.014717098121084272,0.0065789015519387185,0.10080536399940053,0.35951376933492185,1.041257126276416,kp_vy_oracle_vyx_s003@c60eee5+dirty
496,457,1.088490894044601,1.2899448105393734,0.42037182678144874,0.014677384799555191,0.006550565898973797,0.10105182926377078,0.35819911517689285,1.027864689686588,kp_vy_oracle_vyx_s003@c60eee5+dirty
497,458,1.0773698327436267,1.3066385921599728,0.44997259792777694,0.014664085996560113,0.006550966345722584,0.10154095549747019,0.3584288553035036,1.0159992678106862,kp_vy_oracle_vyx_s003@c60eee5+dirty
498,459,1.076034820927042,1.3060437247447274,0.41491843724299976,0.014662306010713383,0.006578604975356639,0.10152828260512141,0.35804607615343376,1.014718652237467,kp_vy_oracle_vyx_s003@c60eee5+dirty
499,459,1.1144461713760254,1.3448201337319428,0.2585581705633236,0.014619147859854421,0.006604988415488979,0.10087715735308751,0.3550443508489901,1.0563776681778636,kp_vy_oracle_vyx_s003@c60eee5+dirty
500,459,1.113140565460125,1.3248461264454088,0.18462786358465005,0.014601123472435678,0.0065958635460282205,0.10084384284885281,0.35481765677644933,1.05507646590783,kp_vy_oracle_vyx_s003@c60eee5+dirty
501,460,1.116154001088368,1.3172741271583233,0.1925981174782655,0.014605327489766295,0.006577013901978489,0.10105442754244537,0.3550182374746664,1.0581879819795508,kp_vy_oracle_vyx_s003@c60eee5+dirty
502,459,1.1046895565393267,1.2971483265853156,0.2417560805731176,0.01464894625091239,0.006563600336337497,0.10114957640799928,0.35698853141183856,1.0454177178369768,kp_vy_oracle_vyx_s003@c60eee5+dirty
503,460,1.123605114997477,1.3079941420097159,0.243808664456592,0.014644022183272102,0.006581063386599211,0.10094695453643625,0.35607160617082073,1.0656929509607471,kp_vy_oracle_vyx_s003@c60eee5+dirty
504,460,1.141649083226812,1.324145095972088,0.24008857951895785,0.014586513405294318,0.00658403213914636,0.10012346938326461,0.35377309167913495,1.0854525456400232,kp_vy_oracle_vyx_s003@c60eee5+dirty
505,460,1.1737877890094766,1.3518978165608806,0.18485156897685495,0.014576382321512949,0.006588825004117085,0.1000392553404595,0.3529893464308183,1.1194535697982742,kp_vy_oracle_vyx_s003@c60eee5+dirty
506,458,1.1524923828847389,1.3304298002788846,0.18499591736681642,0.014593601037417615,0.006594692826217835,0.10025578612755318,0.3542345456235438,1.0967025938212351,kp_vy_oracle_vyx_s003@c60eee5+dirty
507,459,1.1560816454426799,1.3213198471789842,0.13795743575095354,0.014627787154982426,0.006555027417945048,0.10037539795088181,0.3561650313177781,1.099850554118995,kp_vy_oracle_vyx_s003@c60eee5+dirty
508,457,1.1627427412328784,1.3270194203464565,0.11447633899751637,0.014611038513203927,0.006555151681491622,0.09976024505768302,0.35527446045061084,1.107136278893107,kp_vy_oracle_vyx_s003@c60eee5+dirty
509,456,1.1794015031723344,1.3461508374307938,0.1695704968331609,0.014612977554131913,0.006598361722021468,0.09902396014471145,0.3536874956980863,1.12511913194647,kp_vy_oracle_vyx_s003@c60eee5+dirty
510,456,1.1586527838039749,1.3202056075053596,0.1934550752159809,0.014686540779095019,0.006544063127493892,0.10024052672708185,0.35856531954622084,1.101774561802648,kp_vy_oracle_vyx_s003@c60eee5+dirty
511,456,1.2117412986826213,1.3641205987109952,0.08353478243111785,0.014648322301946907,0.006569735872708273,0.09904324663656912,0.35555255311414197,1.1584037970013137,kp_vy_oracle_vyx_s003@c60eee5+dirty
512,455,1.1914350625873888,1.3401981798821188,0.11629828295290974,0.014608154373335803,0.006540902275910471,0.09903750963535052,0.35426224621762165,1.1375481393187106,kp_vy_oracle_vyx_s003@c60eee5+dirty
513,454,1.1766857695499409,1.3329273990695292,0.11766792382544403,0.014639694828804194,0.006532824473475291,0.09970674063110284,0.3564298186742799,1.1214041129856607,kp_vy_oracle_vyx_s003@c60eee5+dirty
514,456,1.1849331793596642,1.3297684021389062,0.1133283974087222,0.014644009640558713,0.006506842765477134,0.10007912321540025,0.3564280815541512,1.1300556013873961,kp_vy_oracle_vyx_s003@c60eee5+dirty
515,456,1.1839665204174579,1.331783991435506,0.11648311171746359,0.014635032855472525,0.006507272616827867,0.09974159736075142,0.35606651455426475,1.1291560382350174,kp_vy_oracle_vyx_s003@c60eee5+dirty
516,456,1.2310054083642914,1.3664466643144837,0.032857528692034524,0.0145407675151392,0.006497502304133636,0.09882065443526213,0.3518398621257171,1.1796537741394686,kp_vy_oracle_vyx_s003@c60eee5+dirty
517,458,1.20693427396754,1.3462722973839565,0.015856685605351063,0.014666505174849792,0.006474382939208575,0.09994831436366894,0.35845838652353224,1.1524746968191963,kp_vy_oracle_vyx_s003@c60eee5+dirty
518,459,1.2258238350301893,1.364167222858432,-0.007194306971910718,0.014682188977185517,0.006505884074054281,0.09942030653891008,0.3580527427361857,1.172366115148001,kp_vy_oracle_vyx_s003@c60eee5+dirty
519,458,1.2141108818088804,1.353263899873739,0.04254450949426361,0.014674106714726423,0.006475633930426296,0.09973553726942908,0.35805224292279786,1.160113711954432,kp_vy_oracle_vyx_s003@c60eee5+dirty
520,458,1.25574581963988,1.398790285078505,0.0006129518960509006,0.014697549888709319,0.00649685386653203,0.09955296407169295,0.35793533923995957,1.203652714227077,kp_vy_oracle_vyx_s003@c60eee5+dirty
521,458,1.2794284554253772,1.4117592086779749,-0.07545246898929638,0.014643577909164943,0.006443216804191066,0.09926792470422598,0.35660192066175733,1.2287278961318133,kp_vy_oracle_vyx_s003@c60eee5+dirty
522,459,1.2862130439314896,1.4215767018848822,-0.07811377325519436,0.014630060818537453,0.006456743379428241,0.09934889077682825,0.3559057733758989,1.235991535107426,kp_vy_oracle_vyx_s003@c60eee5+dirty
523,459,1.2626125237769648,1.39567186610118,-0.0031451574550019623,0.01468948758534232,0.006488200067168111,0.0997876101617414,0.35799153108165077,1.210798269272075,kp_vy_oracle_vyx_s003@c60eee5+dirty
524,461,1.2188393801750346,1.3425979496210236,0.032689442731871535,0.014710865357716632,0.0064338588840784985,0.10025942538530143,0.3600905665500467,1.1644330030307148,kp_vy_oracle_vyx_s003@c60eee5+dirty
525,462,1.23432315033916,1.372122849894373,-0.007200542936032409,0.014659424711194684,0.006489396798456822,0.09928895212076282,0.3569476272298118,1.1815845424167482,kp_vy_oracle_vyx_s003@c60eee5+dirty
526,461,1.2233484493283249,1.3589077265862175,-0.012173325041702134,0.014670132993994979,0.006500662930103076,0.09937357348576122,0.35739690440884203,1.1699781541520313,kp_vy_oracle_vyx_s003@c60eee5+dirty
527,463,1.2094148552402402,1.3478331683100897,0.06905243445665121,0.014621248855328787,0.006507486230835879,0.09956299181004272,0.3553391142794376,1.156035642157661,kp_vy_oracle_vyx_s003@c60eee5+dirty
528,463,1.2302553055402095,1.3791866956038386,0.08775271901853195,0.014603024639962315,0.00659285293797786,0.09926147752611779,0.3527222653092185,1.178607279955867,kp_vy_oracle_vyx_s003@c60eee5+dirty
529,463,1.2422955534879865,1.387135536509015,0.00798000054580189,0.014557930602450806,0.00654882112505657,0.09909690830930509,0.35118813402639026,1.1916229003905072,kp_vy_oracle_vyx_s003@c60eee5+dirty
530,462,1.2183155995024653,1.3684294529402892,-0.05550787512731508,0.014539957180857179,0.006498234024375469,0.09896203678982954,0.35210072157586497,1.1663267045973038,kp_vy_oracle_vyx_s003@c60eee5+dirty
531,462,1.2213382282177754,1.3762101331776544,-0.01078116087683794,0.014565261661015015,0.006515144260502546,0.09854942580940557,0.35263002466924875,1.16932422082496,kp_vy_oracle_vyx_s003@c60eee5+dirty
532,462,1.236108929259457,1.3737878779570099,-0.004317978429059971,0.01458572336529283,0.006524404668801817,0.0986585747444557,0.3532162636744421,1.1845689325956628,kp_vy_oracle_vyx_s003@c60eee5+dirty
533,464,1.2271039963423704,1.3583108272163364,0.013545354340539042,0.01460088646153549,0.006524650145536178,0.09888629502481584,0.3535576161287115,1.1750664789350427,kp_vy_oracle_vyx_s003@c60eee5+dirty
534,464,1.1893742343535911,1.3194215550517099,0.06431037928955559,0.01461910253356471,0.006507222686288435,0.09907826708908202,0.3548987479688695,1.1351907099841505,kp_vy_oracle_vyx_s003@c60eee5+dirty
535,464,1.1709140019725985,1.3226137066183392,0.04620286052648754,0.01466547884064526,0.006488921003042642,0.09948473215647227,0.35772789630861673,1.114930649062128,kp_vy_oracle_vyx_s003@c60eee5+dirty
536,464,1.2362747726699128,1.3789626925205,-0.07922221399886513,0.01455057865254236,0.006519826284851215,0.09811360240148476,0.3511567936080484,1.185354048309179,kp_vy_oracle_vyx_s003@c60eee5+dirty
537,464,1.1840506779785362,1.3350291300436374,0.024991168234094738,0.014633987667045475,0.006498981308836811,0.09949227326559186,0.35597351270684546,1.1292736011580988,kp_vy_oracle_vyx_s003@c60eee5+dirty
538,463,1.1649087948266654,1.3304864327443369,0.023696768510787353,0.014684165315945179,0.0064933419635579475,0.09995744338880908,0.35913603868487287,1.10816686739058,kp_vy_oracle_vyx_s003@c60eee5+dirty
539,462,1.1776164542260155,1.3494549155900033,0.0404980867612923,0.014638529802922764,0.006460998911910336,0.09965027124990566,0.3574472172950337,1.1220570395982061,kp_vy_oracle_vyx_s003@c60eee5+dirty
540,463,1.201294870221743,1.3477219762730788,-0.11792674952105597,0.014613981684881042,0.006382108462361579,0.09943275145650006,0.3573299722295304,1.1469196380599285,kp_vy_oracle_vyx_s003@c60eee5+dirty
541,463,1.2096241897506412,1.375258939990249,-0.09266998383954106,0.014676833391631307,0.006429188231030551,0.0993699816832649,0.359339441364985,1.1550176822496683,kp_vy_oracle_vyx_s003@c60eee5+dirty
542,464,1.2167944376138788,1.3739377454493018,-0.16216661714279412,0.014656537368331436,0.006416668287623228,0.09908888491843086,0.3586356790172518,1.1627420836728626,kp_vy_oracle_vyx_s003@c60eee5+dirty
543,464,1.2008617969415056,1.361219928343233,-0.15077801325934212,0.014661135286899527,0.006426684450216512,0.09937273379494871,0.3588819459401984,1.1459811535238085,kp_vy_oracle_vyx_s003@c60eee5+dirty
544,463,1.1552141996203134,1.344050117448576,0.023319750606383027,0.014717739562956774,0.006486351248550375,0.09969260968208643,0.3610175904785705,1.0973541572206524,kp_vy_oracle_vyx_s003@c60eee5+dirty
545,462,1.1388905328801786,1.3368289444005934,0.04849356181822943,0.014722585819647353,0.006494677874830477,0.09981158386145238,0.36124432906829357,1.080080636156438,kp_vy_oracle_vyx_s003@c60eee5+dirty
546,462,1.1717241488979304,1.3594352478379377,0.035508359854322255,0.014658626686414124,0.006494599725116443,0.09847078184073763,0.3581501432482608,1.1156459814841937,kp_vy_oracle_vyx_s003@c60eee5+dirty
547,461,1.196096858580832,1.3833135717201337,0.0041517323805432445,0.014695006584344776,0.006534408161953057,0.0983031556049921,0.3588444015667105,1.140998856516151,kp_vy_oracle_vyx_s003@c60eee5+dirty
548,462,1.2089605840628714,1.388858933733461,0.005370112723885551,0.014626648647830351,0.006555594414876691,0.09784123505583338,0.3556605773007529,1.1554614868405326,kp_vy_oracle_vyx_s003@c60eee5+dirty
549,460,1.1616040890122512,1.351350937136156,0.1163001666367624,0.014575373085798432,0.0065717832100131695,0.09843582915355369,0.3533166155240692,1.1065674081612016,kp_vy_oracle_vyx_s003@c60eee5+dirty
550,460,1.1269458952220635,1.322694484138753,0.18151955862041447,0.01470952886425035,0.006598681112727611,0.0997185368823853,0.35935946865736185,1.0681141432656702,kp_vy_oracle_vyx_s003@c60eee5+dirty
551,461,1.1420314520439205,1.3311448497960416,0.1209897788589574,0.014621250318407119,0.0065793965163498955,0.0990344075129868,0.3559826516378443,1.085132337178482,kp_vy_oracle_vyx_s003@c60eee5+dirty
552,462,1.1511515142197801,1.3491531976878728,0.08812947774733239,0.014620940544761965,0.006628669895124375,0.09838846381878012,0.3548847032853275,1.0950829448332111,kp_vy_oracle_vyx_s003@c60eee5+dirty
553,464,1.1368629243444486,1.3212908761060387,0.1196631629044913,0.014565871380455507,0.006560290779796176,0.09875615106677352,0.35405813360224575,1.0803240933993399,kp_vy_oracle_vyx_s003@c60eee5+dirty
554,464,1.223798245781317,1.385965794949588,0.0171537262030078,0.01441223956727627,0.006571706800486924,0.09745738067162252,0.3453903685806224,1.1740475457447073,kp_vy_oracle_vyx_s003@c60eee5+dirty
555,464,1.2185966202205167,1.3637728135919471,-0.05688850077117127,0.014426966572889428,0.006546362901390994,0.09775234335243567,0.3468814015146733,1.168182783684164,kp_vy_oracle_vyx_s003@c60eee5+dirty
556,464,1.2261942532333814,1.367804521739987,-0.044404083203111996,0.014461443403456441,0.006532724487015339,0.09764667526262238,0.347886491198262,1.175809225981975,kp_vy_oracle_vyx_s003@c60eee5+dirty
557,463,1.2487871212802857,1.3925285974287058,-0.07689839325726298,0.01444685991448837,0.006555682408571937,0.09676192479376139,0.3462006585725873,1.1998393135246943,kp_vy_oracle_vyx_s003@c60eee5+dirty
558,463,1.2683450052122827,1.3991999886853939,-0.11687298296430834,0.014291822290834382,0.006531514620783209,0.09600211008673903,0.3388793661344589,1.2222355859061103,kp_vy_oracle_vyx_s003@c60eee5+dirty
559,463,1.267973915342262,1.4070150679752287,-0.07822217077752561,0.014377105683144164,0.006577355703352477,0.09680004118860117,0.3421239010414479,1.2209459801009082,kp_vy_oracle_vyx_s003@c60eee5+dirty
560,463,1.2507884749049936,1.3978671609756084,-0.060419712512604314,0.014332246799657389,0.006564410935290414,0.09679715840585808,0.34044278082161594,1.20356575306113,kp_vy_oracle_vyx_s003@c60eee5+dirty
561,461,1.2623753547031245,1.4032010987056653,-0.15371966898201717,0.014362783488898972,0.006497310890796427,0.0972450265776901,0.34274493750837515,1.2149557374547515,kp_vy_oracle_vyx_s003@c60eee5+dirty
562,460,1.2574633968047289,1.4143580048583355,-0.07603136234058648,0.014411391673397837,0.00655221034255397,0.09755097430759126,0.3437324056518925,1.209571092416006,kp_vy_oracle_vyx_s003@c60eee5+dirty
563,460,1.240697609914204,1.3951801915813467,-0.06065866932135291,0.014432308220315842,0.00654276153093581,0.09767396534482509,0.3454948201126239,1.1916223766454555,kp_vy_oracle_vyx_s003@c60eee5+dirty
564,460,1.2150680964922607,1.3807613188987535,-0.0212390473808262,0.014485396998340574,0.006554390477293897,0.09746265929386028,0.34817104552979067,1.1641165758496947,kp_vy_oracle_vyx_s003@c60eee5+dirty
565,460,1.2290645012984551,1.4060863884894657,8.028438576873284e-05,0.014515422749534277,0.00663255218929257,0.09681536948764541,0.3480078968701982,1.1787663263208707,kp_vy_oracle_vyx_s003@c60eee5+dirty
566,460,1.2213425532232949,1.3903967766152876,-0.0680987884554899,0.014501904793766188,0.006550002051693565,0.0971414927658496,0.34941970250151366,1.1702920591962294,kp_vy_oracle_vyx_s003@c60eee5+dirty
567,460,1.189846370921849,1.3736223644851933,-0.007962952986401713,0.014625673198115332,0.006575348167814593,0.09778083549447669,0.35494762508662936,1.135670097273524,kp_vy_oracle_vyx_s003@c60eee5+dirty
568,459,1.1710526720448415,1.3451825969630424,0.041143577772340297,0.014627843656312025,0.006532352345048794,0.09817727341230588,0.3556438562214315,1.1157427159678495,kp_vy_oracle_vyx_s003@c60eee5+dirty
569,460,1.165283421267735,1.3430195036885826,0.0747979178201923,0.014607402097826409,0.00656588230339884,0.09835878424568291,0.3542009279740177,1.1101473571124612,kp_vy_oracle_vyx_s003@c60eee5+dirty
570,460,1.1514201394268846,1.3321280590298843,0.12327246048647492,0.014595522334668348,0.006540932164468657,0.09877274557693345,0.35431490237574925,1.0955497649273125,kp_vy_oracle_vyx_s003@c60eee5+dirty
571,459,1.1633191418279503,1.3497264606506478,0.09468200925866896,0.014658797067678602,0.006558609816769913,0.09870479149509667,0.3563150549335657,1.1074073357942906,kp_vy_oracle_vyx_s003@c60eee5+dirty
572,459,1.1881800080648948,1.3584631506003246,0.05882510714571034,0.01457012655776962,0.006543063081869229,0.09829196911427775,0.3523875932612079,1.134722307739064,kp_vy_oracle_vyx_s003@c60eee5+dirty
573,458,1.2135677863995953,1.3910721735118923,-0.004939811401275217,0.014635409753087152,0.006580149755321062,0.09815320866787597,0.3540723172872474,1.1607668010059784,kp_vy_oracle_vyx_s003@c60eee5+dirty
574,458,1.1738575820968686,1.3579603491249264,0.06982443559374443,0.014609006601852232,0.006574746040223229,0.09853423106106868,0.3532830422877479,1.1194341048396819,kp_vy_oracle_vyx_s003@c60eee5+dirty
575,459,1.157754808630033,1.3497659796811368,0.16846652000735446,0.014647048083937455,0.006609000249156405,0.0988009790451552,0.35472939477032195,1.1020722541611532,kp_vy_oracle_vyx_s003@c60eee5+dirty
576,458,1.1910384268992844,1.3759283684214296,0.16350441299162807,0.014588040323173878,0.006574274049104841,0.09812001694076847,0.3518426737613067,1.1378836791479245,kp_vy_oracle_vyx_s003@c60eee5+dirty
577,458,1.1896681480031963,1.3770050860454124,0.1740660257683233,0.014670585991341282,0.006598027180668984,0.09861034937496288,0.35530603988978504,1.1353712698457687,kp_vy_oracle_vyx_s003@c60eee5+dirty
578,459,1.197763874510559,1.3637876575916812,0.020793626925838193,0.01470474597052349,0.006504606023738448,0.09908722211179753,0.3589139349108178,1.1427244140252624,kp_vy_oracle_vyx_s003@c60eee5+dirty
579,460,1.2011299903098331,1.3558002993059173,-0.04334540009535028,0.014705029836442608,0.006464212624894832,0.09918011250202514,0.35944884726092213,1.1460845430527777,kp_vy_oracle_vyx_s003@c60eee5+dirty
580,459,1.1573865321803496,1.3317061843328346,0.06806230692404422,0.014752498523340514,0.0064954125131602754,0.10015714882004327,0.36109777551402616,1.0996144694352095,kp_vy_oracle_vyx_s003@c60eee5+dirty
581,458,1.1981091180936136,1.3434277352968156,0.027173550922955113,0.014674487525328454,0.006498029203204922,0.09950858609022716,0.3568055091875727,1.1437461639159512,kp_vy_oracle_vyx_s003@c60eee5+dirty
582,459,1.2223468874962293,1.366728963040499,0.005236799619433168,0.014682776518240386,0.0065286150775405675,0.09902496670067161,0.35571234497326937,1.1694445865475358,kp_vy_oracle_vyx_s003@c60eee5+dirty
583,459,1.2265408722195938,1.3649589603542276,-0.02911270268386425,0.014602073774661503,0.0064861610432638455,0.09793616575296404,0.35293413569582,1.1746659129666812,kp_vy_oracle_vyx_s003@c60eee5+dirty
584,460,1.1979014200461489,1.3479513131298042,0.049517024850326205,0.014637984919937288,0.0064928852904649415,0.09861382381296396,0.3545678468550486,1.144224389761534,kp_vy_oracle_vyx_s003@c60eee5+dirty
585,460,1.1593513201783463,1.3252387911957184,0.15583996064149053,0.014710788598474116,0.006510922134307115,0.09925280397624776,0.357946402019605,1.1027102325092,kp_vy_oracle_vyx_s003@c60eee5+dirty
586,459,1.1239745326551733,1.2876664129451685,0.21594792227640897,0.014752277612599821,0.006500581460544755,0.09988054689684979,0.3601891735780583,1.064698318442633,kp_vy_oracle_vyx_s003@c60eee5+dirty
587,462,1.1820968116948718,1.3366229993303584,0.22419904034419877,0.014596178270722062,0.006491426591432778,0.09862945558712072,0.35257073723772486,1.1282937327942704,kp_vy_oracle_vyx_s003@c60eee5+dirty
588,463,1.1886133714683191,1.3458236764852693,0.24412160041467465,0.014609447814129959,0.006524698924712832,0.09839805331593474,0.35317273191335086,1.1349320544711674,kp_vy_oracle_vyx_s003@c60eee5+dirty
589,462,1.1802659897555354,1.339014983350214,0.2477602721524833,0.01466910652942072,0.006509849026544639,0.09900269455652291,0.35594183003523616,1.1253147205136795,kp_vy_oracle_vyx_s003@c60eee5+dirty
590,462,1.2121143544583153,1.3648339933324063,0.2550398085398597,0.01456826472142182,0.006566010067162694,0.09814226520525385,0.3498880489886868,1.1605169371701511,kp_vy_oracle_vyx_s003@c60eee5+dirty
591,461,1.1753966356231795,1.3314454116706402,0.24600029125547548,0.014631798553834703,0.006549600006456382,0.09870484884007548,0.35380768926813766,1.1208824068781837,kp_vy_oracle_vyx_s003@c60eee5+dirty
592,462,1.167944835803873,1.3246146571447115,0.211237056189058,0.014600142989826292,0.006526376825627241,0.09890784163266335,0.35316350168943167,1.1132702639320764,kp_vy_oracle_vyx_s003@c60eee5+dirty
593,462,1.2166315363262332,1.3681980158719123,0.17309996118777835,0.014557904030741099,0.006571202258400549,0.09770763414561445,0.3491590187870212,1.1654528196298704,kp_vy_oracle_vyx_s003@c60eee5+dirty
594,463,1.1965795998115343,1.3487722450446962,0.23537594498498798,0.014465080485670781,0.006549436937721629,0.09746023076382741,0.34547184375950657,1.1456229501256243,kp_vy_oracle_vyx_s003@c60eee5+dirty
595,461,1.1647618800256665,1.3314778331556667,0.3224611388231416,0.0145637942083042,0.0065250317121354874,0.09799760665569231,0.3503946734441664,1.1108077286294336,kp_vy_oracle_vyx_s003@c60eee5+dirty
596,460,1.1867942620540446,1.362183053921479,0.26194194337466575,0.014658802049050533,0.006551287763557526,0.09844807726377867,0.35405231842278256,1.1327522130915733,kp_vy_oracle_vyx_s003@c60eee5+dirty
597,460,1.2153915975850669,1.384552080647152,0.18432801773728247,0.014509499432985486,0.00654345557070298,0.09759759419337372,0.34700109582348954,1.1648034061495864,kp_vy_oracle_vyx_s003@c60eee5+dirty
598,460,1.1728988370548656,1.344149362261559,0.20543685030985231,0.014566176478610322,0.006489091479062621,0.09830931894102675,0.35128163539646884,1.119058932584803,kp_vy_oracle_vyx_s003@c60eee5+dirty
599,460,1.190413367886066,1.3604751076192034,0.2552018874382627,0.014563504256703249,0.0065447013690428145,0.09820433302078911,0.3500880607695876,1.1377707748700685,kp_vy_oracle_vyx_s003@c60eee5+dirty
600,460,1.1759636596865048,1.3405403521637629,0.31475531647160127,0.014494548441988659,0.006541564054882354,0.09732951790079943,0.3476416765463463,1.1234036645976029,kp_vy_oracle_vyx_s003@c60eee5+dirty
601,461,1.160839676596031,1.3364475712604846,0.2855666824511554,0.014551344592313924,0.006558536579610449,0.09813396019477491,0.3501569763499894,1.106769554457029,kp_vy_oracle_vyx_s003@c60eee5+dirty
602,461,1.1999384263139459,1.3535814920219604,0.25657010145812165,0.014534998408174918,0.006588515961377129,0.09719637390676825,0.34777668680720053,1.1484352846626558,kp_vy_oracle_vyx_s003@c60eee5+dirty
603,460,1.1631647129852594,1.3252009781961116,0.3591938809998297,0.014551469063611367,0.006586656620152,0.09756516388125677,0.3489509030233346,1.109587949111417,kp_vy_oracle_vyx_s003@c60eee5+dirty
604,460,1.161737635130316,1.3235689772107477,0.34581922181726416,0.014598985287241708,0.00660566919599903,0.09752149396285043,0.35093935548787064,1.1074637247548729,kp_vy_oracle_vyx_s003@c60eee5+dirty
605,461,1.1602899926571755,1.3202791820096647,0.2828771440090223,0.014521652281258889,0.00655669772389426,0.09716195129134123,0.34898904104897194,1.1065620255042676,kp_vy_oracle_vyx_s003@c60eee5+dirty
606,460,1.11639373986491,1.2816119255730383,0.28138432560863136,0.014615085756619833,0.006554307344210209,0.09836360363964905,0.35372532590865374,1.0588736356243726,kp_vy_oracle_vyx_s003@c60eee5+dirty
607,462,1.102463529024693,1.2664213964519828,0.2354778853088047,0.014713171095529855,0.006545308441603578,0.09935232577835902,0.3581290834103845,1.0426741544918132,kp_vy_oracle_vyx_s003@c60eee5+dirty
608,462,1.1723365238834056,1.3266664798386094,0.08094845405726675,0.014664233991006765,0.006564841740666334,0.09827294267098313,0.35480524704202615,1.117356774670684,kp_vy_oracle_vyx_s003@c60eee5+dirty
609,462,1.1543670131583195,1.3030675086660102,0.02773977864785397,0.014727048656740365,0.006518657759590194,0.09862920673030247,0.3593173944030616,1.0970206065281793,kp_vy_oracle_vyx_s003@c60eee5+dirty
610,462,1.1268347961102396,1.286599615345382,0.15681069803628123,0.014719335496512002,0.006555182725933369,0.09853069308603096,0.3583744842722365,1.0683278460975423,kp_vy_oracle_vyx_s003@c60eee5+dirty
611,464,1.1017687061303063,1.267149726392946,0.21934730485516157,0.014703305264000635,0.0065697861181034135,0.0984633692931928,0.3586691491319218,1.0417536768684967,kp_vy_oracle_vyx_s003@c60eee5+dirty
612,462,1.1235686326020233,1.2889653830611187,0.1933751159907839,0.01468298231906525,0.006581142636810334,0.09793739909699346,0.35706655820994715,1.0653215219713168,kp_vy_oracle_vyx_s003@c60eee5+dirty
613,463,1.1337091271219395,1.2930520619590598,0.17643884060542064,0.014742797349558042,0.006599861647611795,0.0980829818495595,0.35914385208406574,1.075319523876419,kp_vy_oracle_vyx_s003@c60eee5+dirty
614,464,1.0810534534923584,1.245503988255075,0.24695132140304613,0.014792916702896095,0.006565662566687637,0.09903422148838574,0.3625929087766684,1.0184316137142588,kp_vy_oracle_vyx_s003@c60eee5+dirty
615,463,1.1151482393347905,1.2509363310537978,0.2315638746343195,0.014689073305579314,0.006575641795341941,0.09792256618628133,0.3572425083097639,1.056377482696423,kp_vy_oracle_vyx_s003@c60eee5+dirty
616,463,1.097611521870475,1.2370023151682958,0.254297088512671,0.01485034987233038,0.0065743340562156895,0.09938313072770835,0.36394327409436006,1.0355174292035347,kp_vy_oracle_vyx_s003@c60eee5+dirty
617,462,1.0650026059226938,1.222794972437607,0.2548829035721046,0.014926380617102688,0.006568976412618554,0.10025647073229635,0.3676580044071651,0.999528960269521,kp_vy_oracle_vyx_s003@c60eee5+dirty
618,462,1.035600096999245,1.2038399030027633,0.38128191666072914,0.01487855746846544,0.006574271829147483,0.10044759884442815,0.36623760548988776,0.9686782630109333,kp_vy_oracle_vyx_s003@c60eee5+dirty
619,463,1.0345151678061326,1.2104201416950906,0.3834213987111243,0.014901375303695393,0.00654496173492992,0.10111204771045365,0.3679034920239526,0.9668860599768373,kp_vy_oracle_vyx_s003@c60eee5+dirty
620,463,1.0690233310652988,1.2263646290412469,0.3180257050954741,0.01485523808645869,0.0065379246033570124,0.10033500628303973,0.3651850468191673,1.004714269800937,kp_vy_oracle_vyx_s003@c60eee5+dirty
621,464,1.088209101408971,1.234315524239857,0.2420121274640892,0.014869453363424413,0.006508531474014472,0.10007538431216802,0.3659496252461861,1.0248316545518568,kp_vy_oracle_vyx_s003@c60eee5+dirty
622,463,1.0798222879708483,1.233199080737587,0.31776337508809016,0.014817196212591607,0.006519992638757956,0.09934758200860005,0.36390547159189435,1.0166557831164285,kp_vy_oracle_vyx_s003@c60eee5+dirty
623,464,1.094579615210329,1.2468356144081554,0.29180975781446006,0.014751737513157226,0.006525847496693686,0.09945091308790224,0.3612203291034657,1.0332591194257015,kp_vy_oracle_vyx_s003@c60eee5+dirty
624,463,1.1062299691687199,1.2552603539948846,0.2793724540636153,0.014748846131032278,0.006552841195611171,0.0985672916036516,0.360802905012361,1.0457370646685848,kp_vy_oracle_vyx_s003@c60eee5+dirty
625,463,1.1116008421071515,1.2655256189022486,0.23078964816912978,0.014752715716313095,0.00654763805251664,0.09910669485198631,0.360417484434873,1.051549175781602,kp_vy_oracle_vyx_s003@c60eee5+dirty
626,462,1.072204187283486,1.2353429698103755,0.3337048351252766,0.014847997910829247,0.006575839016021602,0.10016734649074051,0.3641608116166591,1.0084685034798742,kp_vy_oracle_vyx_s003@c60eee5+dirty
627,462,1.0668886175904302,1.2350282762837115,0.33679996570669013,0.014868640011904946,0.006553768791635897,0.10005046972869604,0.36549025414922626,1.0023313805653065,kp_vy_oracle_vyx_s003@c60eee5+dirty
628,462,1.0931563158941686,1.254082179186916,0.2905247510046142,0.014738138731789812,0.006544280142475902,0.09909232116506754,0.3598434219243816,1.0322322619822841,kp_vy_oracle_vyx_s003@c60eee5+dirty
629,461,1.0851092695046503,1.2496264103737225,0.31728077007025807,0.014717570096466822,0.006569253654311705,0.09909848570221223,0.3584479735793253,1.0241958684752595,kp_vy_oracle_vyx_s003@c60eee5+dirty
630,457,1.0843072120142243,1.26733384263489,0.2555317228678835,0.014830249550470584,0.006601811070596774,0.0990607371310906,0.36261951944439375,1.0218753417829285,kp_vy_oracle_vyx_s003@c60eee5+dirty
631,456,1.0902645529975867,1.2657329152000332,0.2921156336512358,0.014746918963631001,0.006596545992458466,0.09843759065608787,0.3591148054013731,1.0294237961425612,kp_vy_oracle_vyx_s003@c60eee5+dirty
632,456,1.0944446405658061,1.259940019192069,0.2229231914601077,0.014827034222753178,0.006576072855045335,0.09909400243770508,0.3629551866255657,1.032507919468329,kp_vy_oracle_vyx_s003@c60eee5+dirty
633,458,1.1001816977131744,1.2605249642433791,0.18374769627123258,0.01485561120611057,0.006584550629971096,0.09917713731468343,0.36421688780447575,1.0381453783652195,kp_vy_oracle_vyx_s003@c60eee5+dirty
634,459,1.0876345923537794,1.2402900436621498,0.23554948709075335,0.014827809825222986,0.006550074091818379,0.09898908386485526,0.3633182638000771,1.0251579613278479,kp_vy_oracle_vyx_s003@c60eee5+dirty
635,457,1.1158330316455478,1.2827741638342038,0.21292085079871498,0.014702628077228625,0.0065722838678397835,0.09804170257840376,0.3579288242536312,1.0568681617305478,kp_vy_oracle_vyx_s003@c60eee5+dirty
636,458,1.1504120436559822,1.3230816813546076,0.17616252184129008,0.014700756033542088,0.006623838062368833,0.0976178977332524,0.35660572350586656,1.0937459614332712,kp_vy_oracle_vyx_s003@c60eee5+dirty
637,458,1.1407807771992335,1.308824506122497,0.16230701578446324,0.014700805791988012,0.006575561455537315,0.09806170953387362,0.35773314786302957,1.0832394825463552,kp_vy_oracle_vyx_s003@c60eee5+dirty
638,458,1.1791767540063591,1.3453244845979004,0.08822457782701267,0.014728963331332574,0.006570741625604829,0.09741805941951438,0.35863279215225063,1.1233166684341749,kp_vy_oracle_vyx_s003@c60eee5+dirty
639,458,1.1361202853414265,1.3097063269038665,0.10402559157534955,0.014771151834519757,0.006534644765944971,0.09834626386482055,0.3619415667154813,1.0769250693747578,kp_vy_oracle_vyx_s003@c60eee5+dirty
640,458,1.1004380806631198,1.2797951551224804,0.1171703476701283,0.014837337780096849,0.006534380368034211,0.09894321699658248,0.36545896841832154,1.0379805931596924,kp_vy_oracle_vyx_s003@c60eee5+dirty
641,457,1.1193638429691612,1.3091124975772208,0.1221178282914941,0.014790324448086483,0.006515176410172254,0.09838283168668818,0.36326807178406273,1.058778409757669,kp_vy_oracle_vyx_s003@c60eee5+dirty
642,459,1.0457960411769003,1.2608024285742514,0.2821709514535126,0.014861922508243116,0.006542814357558716,0.09984259356855346,0.3674336322297913,0.979123018648678,kp_vy_oracle_vyx_s003@c60eee5+dirty
643,459,1.060976081769121,1.2749510840990526,0.2419680059922969,0.014887116807454937,0.006543135116267529,0.09986734239286355,0.36834453796311617,0.9949836920467063,kp_vy_oracle_vyx_s003@c60eee5+dirty
644,458,1.0391999915380044,1.2640811472271207,0.22835013775749155,0.014894527569494326,0.0065240224331216306,0.10019682398058721,0.36942368515855156,0.9713201136888208,kp_vy_oracle_vyx_s003@c60eee5+dirty
645,457,1.0534874132352285,1.2876564923732114,0.27982347615679454,0.014852700641806028,0.006555315287183396,0.09949821323201657,0.3671592043485408,0.9874359971700443,kp_vy_oracle_vyx_s003@c60eee5+dirty
646,457,1.1078072937010954,1.334230780420443,0.19157568947518694,0.01476372082179698,0.006586880520808837,0.09873910343234923,0.3623468907180924,1.0468723564810927,kp_vy_oracle_vyx_s003@c60eee5+dirty
647,457,1.118768451505052,1.3489795226927412,0.19164250108146202,0.014745942822329997,0.006585624544073785,0.0986254046952808,0.36144597999816097,1.0587727100875717,kp_vy_oracle_vyx_s003@c60eee5+dirty
648,457,1.1135952319069928,1.337828484862386,0.1110032387137379,0.014796727193356042,0.006541481798843706,0.09902531199736704,0.3643383203987707,1.05230790589779,kp_vy_oracle_vyx_s003@c60eee5+dirty
649,456,1.108480227983818,1.3319393099965633,0.03587804645130324,0.014838436375657389,0.0065164941323394895,0.09916147068591928,0.3661464253996979,1.0462624962207525,kp_vy_oracle_vyx_s003@c60eee5+dirty
650,455,1.098361548855531,1.3274979276604204,0.07603650606008074,0.01486551690900225,0.006578992684175561,0.0994633361740309,0.36658171111516885,1.0353820266356741,kp_vy_oracle_vyx_s003@c60eee5+dirty
651,455,1.1230607071125502,1.3476620221078532,-7.024513330460003e-05,0.014858996619584347,0.006595502822997357,0.09914369251566067,0.3656522383557891,1.0618680673443113,kp_vy_oracle_vyx_s003@c60eee5+dirty
652,457,1.0655994043708545,1.2971624007186993,0.1428829501823321,0.014864496782239556,0.006562241650933584,0.09991075270389957,0.3672093174027874,1.00032964956963,kp_vy_oracle_vyx_s003@c60eee5+dirty
653,457,1.0684007129328263,1.2889573189480914,0.14647860695414033,0.014920967270048408,0.006544222060507876,0.10020974216736868,0.3700617259326214,1.0022646369074093,kp_vy_oracle_vyx_s003@c60eee5+dirty
654,459,1.0705080057839371,1.2909008799740416,0.15947174701239025,0.014913508004525816,0.0065543849599629155,0.0999338350954301,0.36911082632434383,1.0048604820260683,kp_vy_oracle_vyx_s003@c60eee5+dirty
655,459,1.049023438597385,1.2746584979755244,0.15501991295926898,0.015000121946165769,0.006540031384019105,0.10095763262488372,0.3725952976921018,0.9806237397006129,kp_vy_oracle_vyx_s003@c60eee5+dirty
656,459,1.0567563239277793,1.2846622352268193,0.056266735993677736,0.015015782694004774,0.006489872550548672,0.10086445275620735,0.3740206182929018,0.9883534313458667,kp_vy_oracle_vyx_s003@c60eee5+dirty
657,458,1.060026167836889,1.295318839952781,0.06826175618062942,0.014987504408366652,0.006499384718844732,0.10083604134642375,0.37281756641672015,0.9923016369381211,kp_vy_oracle_vyx_s003@c60eee5+dirty
658,459,1.0722553535131305,1.3035134991584933,0.06465612453280657,0.014979519394440637,0.00648124226467837,0.10090051716457679,0.37247088534254524,1.0054834572034037,kp_vy_oracle_vyx_s003@c60eee5+dirty
659,459,1.0580710780980989,1.3049498387946408,0.19513634471164393,0.014943334092723689,0.0065270260383526,0.10050444606889666,0.37057460101615053,0.9910544240299793,kp_vy_oracle_vyx_s003@c60eee5+dirty
660,459,1.0693712930729464,1.3048101457804135,0.13460999860176248,0.014930665405173361,0.006535585243489265,0.1002604403213655,0.36988095585620817,1.0033658559784677,kp_vy_oracle_vyx_s003@c60eee5+dirty
661,458,1.0457667992050697,1.260034958501822,0.21171678723768927,0.01496964306644624,0.006536850011840821,0.10047107247765347,0.3715869415046178,0.9775230653150135,kp_vy_oracle_vyx_s003@c60eee5+dirty
662,462,1.083886857241205,1.2754073977939075,0.2003845412397797,0.014974645264626992,0.00650392030901082,0.10053989784712868,0.3715195849594683,1.0182258675224083,kp_vy_oracle_vyx_s003@c60eee5+dirty
663,462,1.1031379932657737,1.296929683521289,0.16744804934778987,0.015002823112249496,0.006513301200031064,0.0996163009951053,0.3722643222787924,1.0384279977662145,kp_vy_oracle_vyx_s003@c60eee5+dirty
664,461,1.0744646631258066,1.2629813162911834,0.24920907975656525,0.01501988154729716,0.006499455548165452,0.09975832175442173,0.3730419289369129,1.0076279231745615,kp_vy_oracle_vyx_s003@c60eee5+dirty
665,462,1.0498377255608489,1.2399323764847803,0.28585699525422154,0.015090877177460656,0.0064839482171586,0.10095841641275069,0.3765708462745967,0.9799763506058757,kp_vy_oracle_vyx_s003@c60eee5+dirty
666,462,1.0615625418746202,1.2542354858144813,0.26488635540492694,0.015136902509508752,0.006498980509784271,0.10085078228457717,0.3778427705117074,0.9920432808518698,kp_vy_oracle_vyx_s003@c60eee5+dirty
667,462,1.0578369955172113,1.2473798451660028,0.29485694705083854,0.015047213928967618,0.006476204527500582,0.1005924229951546,0.3746650738563015,0.9892649753817896,kp_vy_oracle_vyx_s003@c60eee5+dirty
668,462,1.0829673032033873,1.2610534882682682,0.20607080750655835,0.014977994099631175,0.00649610439062579,0.09983559562904919,0.3711303425701792,1.017389035045768,kp_vy_oracle_vyx_s003@c60eee5+dirty
669,462,1.0656114747598258,1.254090893980534,0.2667447597568845,0.015078054205960586,0.0065531698594000825,0.10054228622545966,0.37450113108903466,0.9976355636969064,kp_vy_oracle_vyx_s003@c60eee5+dirty
670,463,1.0641766308552263,1.2450944183701835,0.2472354121347033,0.015061633410843373,0.006525837884456929,0.0999518819618703,0.37406003372104213,0.9962685344981008,kp_vy_oracle_vyx_s003@c60eee5+dirty
671,462,1.1117615202040212,1.28511433093591,0.20135294414153365,0.014947769779174638,0.0065321536518405466,0.09873793316542243,0.3690980408893118,1.0487041117579485,kp_vy_oracle_vyx_s003@c60eee5+dirty
672,462,1.1363296059418249,1.2937755822588113,0.2176677435319228,0.014912848406073938,0.0065319532791135995,0.09841268966967996,0.36737630926369086,1.0753044316525864,kp_vy_oracle_vyx_s003@c60eee5+dirty
673,461,1.1522900857167981,1.3113299082098135,0.18530261508385304,0.014960401940929242,0.006522223350705874,0.09780946719915828,0.36841094332618934,1.0918085081545816,kp_vy_oracle_vyx_s003@c60eee5+dirty
674,460,1.1330950114446459,1.3026486259462022,0.25414803181667234,0.0150077486681399,0.006557891083046101,0.09880472975901265,0.3700263657806599,1.0709737595234998,kp_vy_oracle_vyx_s003@c60eee5+dirty
675,460,1.189115142791522,1.3369611135689834,0.12485766386300949,0.014863481271434933,0.006533114942214054,0.09752196809557964,0.3635868431937018,1.1321658139480013,kp_vy_oracle_vyx_s003@c60eee5+dirty
676,462,1.2095339740628788,1.3490369806178757,0.1481398800027186,0.014802452234750595,0.006533962667863309,0.09732290667395407,0.3602943716877741,1.1546256536828086,kp_vy_oracle_vyx_s003@c60eee5+dirty
677,462,1.1548869275819713,1.3081461431595989,0.24951689038829328,0.014893288744199257,0.006541594359457371,0.09794526220463799,0.36451753314734847,1.0958516247776873,kp_vy_oracle_vyx_s003@c60eee5+dirty
678,461,1.1824104024089863,1.3331829602788898,0.272113475833253,0.014836107658873585,0.006532279629844485,0.09722603254652434,0.3615612453649868,1.1257743226664483,kp_vy_oracle_vyx_s003@c60eee5+dirty
679,461,1.1637494427623056,1.304422939907067,0.27182510500002083,0.01489782461268473,0.006525146730066039,0.0979042759662705,0.3644964570163433,1.1051945975040367,kp_vy_oracle_vyx_s003@c60eee5+dirty
680,463,1.1955666203705937,1.3288216629164518,0.25715919223068684,0.014851835400114408,0.006546692011557426,0.0973109055605726,0.3616414382822465,1.139559131358049,kp_vy_oracle_vyx_s003@c60eee5+dirty
681,463,1.1913065578210267,1.3108926874866955,0.21888248517502598,0.014837027275538388,0.006497134038870124,0.09740245878960913,0.36222924378507704,1.1349014449080037,kp_vy_oracle_vyx_s003@c60eee5+dirty
682,462,1.1686958028112802,1.2887075108584451,0.2279059893798778,0.014897497513818457,0.006503288963070099,0.09777439539268531,0.36478225586547947,1.110307968680039,kp_vy_oracle_vyx_s003@c60eee5+dirty
683,462,1.2420005922599073,1.3470600851455798,0.1365457807951666,0.014747890890925139,0.0065134357106763395,0.09634434217396756,0.3569751375781362,1.1895941418505016,kp_vy_oracle_vyx_s003@c60eee5+dirty
684,461,1.2569995166083652,1.3718746778666098,0.11448237939247924,0.014705524600703465,0.0065173855849544535,0.09617510957583363,0.35490464470610583,1.2058567402140672,kp_vy_oracle_vyx_s003@c60eee5+dirty
685,461,1.2271178187021021,1.346707122617433,0.05032708304214323,0.01475164726883277,0.006534403669859702,0.09664599128782066,0.3569989934856419,1.1740399736067098,kp_vy_oracle_vyx_s003@c60eee5+dirty
686,462,1.2464136109831674,1.3661209336123932,0.0022440068794107038,0.014826509774927757,0.006551121134493982,0.09718954847104404,0.36009572588390026,1.193263574338983,kp_vy_oracle_vyx_s003@c60eee5+dirty
687,462,1.252207774017445,1.3622415151330916,-0.013208615422699887,0.014752258524993017,0.00653523655539171,0.09701939565565322,0.35701340953938676,1.2002356996518588,kp_vy_oracle_vyx_s003@c60eee5+dirty
688,462,1.1921041535898145,1.3104223425059083,0.0676339059346996,0.014844017030459731,0.0065047347053522895,0.0983975395548778,0.3620395545569006,1.1357991345050096,kp_vy_oracle_vyx_s003@c60eee5+dirty
689,462,1.1666479402347685,1.288398993266301,0.11871213750925055,0.014902654701384665,0.006527139588683469,0.09879956021980248,0.36503218910256674,1.1080699063565511,kp_vy_oracle_vyx_s003@c60eee5+dirty
690,460,1.1276515763563204,1.2660904429640727,0.15974136161671057,0.015056923629228513,0.006527549401927509,0.10033008259876763,0.37224995699935504,1.0644379019806052,kp_vy_oracle_vyx_s003@c60eee5+dirty
691,460,1.1271898717262143,1.2585889111269553,0.200147263424191,0.01505289846910893,0.006495721388399769,0.10013223529173183,0.37271408954033436,1.0637862634854236,kp_vy_oracle_vyx_s003@c60eee5+dirty
692,460,1.1168490039307446,1.261789459911795,0.2544548034116651,0.015088951580288359,0.006544218970961085,0.1005358706928577,0.37336714366260654,1.0525914086740034,kp_vy_oracle_vyx_s003@c60eee5+dirty
693,460,1.1036849103047195,1.2363727908681912,0.2699424912300171,0.015044840086278998,0.006552430972325436,0.10007276177101135,0.3714796556338127,1.0392897799384542,kp_vy_oracle_vyx_s003@c60eee5+dirty
694,461,1.1212646334693805,1.2345599887987475,0.2289707252081726,0.015016902847029924,0.006528965161807639,0.09925094212804651,0.3703621541276483,1.0583318255911764,kp_vy_oracle_vyx_s003@c60eee5+dirty
695,462,1.1673484600280402,1.2711020774306607,0.16497979881813338,0.0149701077877717,0.006543763955607766,0.09825564963707091,0.3675229263003914,1.1079843526753588,kp_vy_oracle_vyx_s003@c60eee5+dirty
696,464,1.1744816410794288,1.280354396304983,0.10769634258120582,0.014957509762529613,0.006500097366428004,0.0985396576181534,0.3681065577975984,1.1153047508815837,kp_vy_oracle_vyx_s003@c60eee5+dirty
697,464,1.183783557987406,1.2921494155899893,0.09493480362142706,0.014953475783639408,0.006524565710212068,0.09849268614161923,0.36711609451033633,1.1254196041089743,kp_vy_oracle_vyx_s003@c60eee5+dirty
698,464,1.1528424414746872,1.2555930635561316,0.059886605381556886,0.01497438421181811,0.006494007836057771,0.0992357488523505,0.3687318535031938,1.092283166160413,kp_vy_oracle_vyx_s003@c60eee5+dirty
699,464,1.1498437861098108,1.2482296259405539,-0.009329538699971496,0.01507050690987263,0.006481290630206903,0.09991484247746199,0.3731352102016673,1.0876170499597282,kp_vy_oracle_vyx_s003@c60eee5+dirty
700,467,1.1593424945602049,1.2505799299643325,-0.05753888316635568,0.015006123811143874,0.0064295817222565855,0.09967864500846635,0.3717648903894344,1.0981192494291367,kp_vy_oracle_vyx_s003@c60eee5+dirty
701,466,1.1691476150393507,1.2682687928175869,-0.06865498336373524,0.014995188551770332,0.00646363538417505,0.09956616349856963,0.37102995136446704,1.1087122805050384,kp_vy_oracle_vyx_s003@c60eee5+dirty
702,465,1.1917242309903247,1.281356687697092,-0.1619874802962189,0.01496191934112522,0.006442261874416545,0.09953071781016783,0.36932240033429625,1.1330523409537594,kp_vy_oracle_vyx_s003@c60eee5+dirty
703,465,1.1548454284956053,1.2457551623332555,-0.10638708906735037,0.014984107079143355,0.006451792144544316,0.10003764658605867,0.3703117931733801,1.0938634007744814,kp_vy_oracle_vyx_s003@c60eee5+dirty
704,467,1.2059873568550181,1.2852574176293032,-0.27492467303763984,0.014903795816681458,0.006404437545376598,0.09960124782793078,0.36720004930249284,1.1487252189650925,kp_vy_oracle_vyx_s003@c60eee5+dirty
705,467,1.2016729260915024,1.2838975082885782,-0.2642461040426426,0.01497236746431822,0.006433598279936638,0.0998452470968207,0.3696464523478083,1.1434068923913276,kp_vy_oracle_vyx_s003@c60eee5+dirty
706,466,1.221114471784237,1.291836687964937,-0.2603811950443664,0.014951231685219706,0.006443811809918166,0.09948652867489291,0.36818119928388177,1.164286544496147,kp_vy_oracle_vyx_s003@c60eee5+dirty
707,466,1.2438562286421713,1.3143107017605136,-0.33697022404302956,0.014902148948416903,0.0064027147474491454,0.09890596671468192,0.36639121646263373,1.1886697581881003,kp_vy_oracle_vyx_s003@c60eee5+dirty
708,464,1.2265976234988278,1.310220944079181,-0.3032281152079723,0.014872337019714424,0.006377829677900905,0.09823035351601428,0.3655954462959738,1.1708465739030969,kp_vy_oracle_vyx_s003@c60eee5+dirty
709,465,1.1946382592069398,1.2911861571535186,-0.28028773285512126,0.014931647446575259,0.006390068474960812,0.09885510670290219,0.36906650500320465,1.136200019910978,kp_vy_oracle_vyx_s003@c60eee5+dirty
710,465,1.167946588530007,1.2593028645922,-0.19483118849701553,0.014951391761248732,0.006436797847088804,0.0987246065606398,0.3696589585476707,1.1079040969435636,kp_vy_oracle_vyx_s003@c60eee5+dirty
711,467,1.1069366069623086,1.208448238741468,-0.10544515200640481,0.015082498380904977,0.006480887535503461,0.09999749612258395,0.37526395450233335,1.0413863914438766,kp_vy_oracle_vyx_s003@c60eee5+dirty
712,467,1.1072265993885302,1.2100286026578995,-0.07485503683162603,0.015142654042616716,0.006482218970155063,0.10063055221335632,0.3778000309927688,1.0407775357757063,kp_vy_oracle_vyx_s003@c60eee5+dirty
713,467,1.1490856348833713,1.2412834483073438,-0.10795499702164035,0.015032877515034564,0.006447083379146401,0.09935040923637833,0.37333026409126835,1.0867485036607432,kp_vy_oracle_vyx_s003@c60eee5+dirty
714,466,1.1744363257379364,1.2703760564694064,-0.07698764691167176,0.01502570871716904,0.0065113217601894076,0.0993465311619804,0.3717110496525532,1.1140608505728138,kp_vy_oracle_vyx_s003@c60eee5+dirty
715,466,1.1456996389180358,1.246096596530208,-0.014682450733299657,0.015022018739411074,0.006533156081842949,0.09924239336468271,0.3712301916867117,1.083889204391835,kp_vy_oracle_vyx_s003@c60eee5+dirty
716,465,1.1045821631616857,1.2263419557807915,0.031239536281767413,0.015070737685183355,0.006531261987798562,0.09962444888876482,0.3742590896650234,1.0392458270197946,kp_vy_oracle_vyx_s003@c60eee5+dirty
717,464,1.1402354520906954,1.248932718166651,-0.06776014825216711,0.01510106642502546,0.0064860846160599075,0.09973568893679055,0.37586414225687503,1.0765050082419385,kp_vy_oracle_vyx_s003@c60eee5+dirty
718,462,1.1512554520647844,1.2682972378538835,-0.19279944295201434,0.015018730323193601,0.0064462507625647186,0.09925345846888851,0.37335950101430626,1.089032505902023,kp_vy_oracle_vyx_s003@c60eee5+dirty
719,463,1.1487905055978846,1.270034944633752,-0.08689646419810662,0.015103056879393745,0.006514314702089319,0.09972023471332365,0.375811939109205,1.0855804954837862,kp_vy_oracle_vyx_s003@c60eee5+dirty
720,463,1.1338901136778594,1.2494180834974888,-0.09684612307887105,0.015122112499028154,0.006465497227477387,0.10015128751015372,0.3774813617756421,1.069212145183731,kp_vy_oracle_vyx_s003@c60eee5+dirty
721,464,1.11235302584794,1.2309991000043676,-0.047534627169931,0.015118944241955926,0.0064821415952740335,0.10078049431642001,0.3773774450870015,1.0463821090083083,kp_vy_oracle_vyx_s003@c60eee5+dirty
722,463,1.0841990429204986,1.2208938561817793,0.01556355915892433,0.015137300524769491,0.006504644262865553,0.10072752197647077,0.37815766470090145,1.0161123684404623,kp_vy_oracle_vyx_s003@c60eee5+dirty
723,464,1.0838341800370321,1.2210735056886153,0.008349862641718721,0.015162724274401278,0.006524400795289443,0.10125400260418918,0.3787623757879438,1.0154977067940716,kp_vy_oracle_vyx_s003@c60eee5+dirty
724,464,1.1356703373186694,1.2643244455465916,-0.06733133030607209,0.015035798951234226,0.006497788818883651,0.10032315519401566,0.37345838658376684,1.072509183436557,kp_vy_oracle_vyx_s003@c60eee5+dirty
725,463,1.1207103415967852,1.2742207926185365,0.005228610813356127,0.015056287333361958,0.006538134862040775,0.10066031523589962,0.37370551255649237,1.0565679626256288,kp_vy_oracle_vyx_s003@c60eee5+dirty
726,462,1.1162563872636315,1.2660156690780315,0.05475468633226629,0.01496091475792021,0.006544536869210438,0.09996488299221644,0.369158219258311,1.0534469760082315,kp_vy_oracle_vyx_s003@c60eee5+dirty
727,463,1.093499332349386,1.2477435741609015,0.1220527931676845,0.014972103487938175,0.0065199697706747,0.10032588235361303,0.3704678961778487,1.0288315351650685,kp_vy_oracle_vyx_s003@c60eee5+dirty
728,462,1.062382401819214,1.2404064711184326,0.19224986514786946,0.015005843695811663,0.0065219135461201255,0.10072519748471505,0.3725363717904614,0.9949236249021134,kp_vy_oracle_vyx_s003@c60eee5+dirty
729,462,1.089449553107904,1.2598448450683672,0.11276750269834403,0.014966118312232187,0.006505733063325469,0.09959787113296563,0.37091965559588896,1.0243626983933176,kp_vy_oracle_vyx_s003@c60eee5+dirty
730,462,1.1189830551714355,1.2779484550500444,0.04494620813603235,0.014938979769482112,0.00649983586953073,0.09876440887353849,0.3696123921974741,1.0561769535900982,kp_vy_oracle_vyx_s003@c60eee5+dirty
731,463,1.1219958497328195,1.2847873200302158,0.020351874637199514,0.01491715380029035,0.006517597504895924,0.09932112962116496,0.3686092311186623,1.0597178499731805,kp_vy_oracle_vyx_s003@c60eee5+dirty
732,462,1.186685281834486,1.3349923199657086,-0.05426924743510509,0.014764169431509605,0.006510402944327049,0.09733671634703643,0.36102775704030454,1.130433950644194,kp_vy_oracle_vyx_s003@c60eee5+dirty
733,462,1.1282132040337842,1.2897032157077246,-0.02380416658178616,0.01489046222313883,0.0065082086693627784,0.0982466624493007,0.36709080630229196,1.0668220909244945,kp_vy_oracle_vyx_s003@c60eee5+dirty
734,462,1.1408564506662255,1.3062966848113076,0.03146337226605408,0.014833665606847717,0.006509728186779344,0.0975809069691214,0.36395707126247306,1.0812440479858287,kp_vy_oracle_vyx_s003@c60eee5+dirty
735,461,1.1465655068650389,1.3043028424476395,-0.040339643971798345,0.014855901046577968,0.006478689590011315,0.09764991200830682,0.36501057025964034,1.0869129427564177,kp_vy_oracle_vyx_s003@c60eee5+dirty
736,460,1.1645133528404892,1.33422211061408,-0.0761028226107976,0.014961503483469873,0.006464175609725336,0.0983781866018874,0.37010210347600125,1.1041357624614996,kp_vy_oracle_vyx_s003@c60eee5+dirty
737,459,1.1722719893562479,1.342831059173005,-0.09826454392211613,0.01489569273491383,0.006443197845229514,0.0980599973688008,0.3675425268643581,1.1131640076715639,kp_vy_oracle_vyx_s003@c60eee5+dirty
738,460,1.1775229247541992,1.3370185015619669,-0.14684272044319188,0.014935373114222808,0.006374848757848333,0.09817603514179297,0.3708239720213802,1.1176089745953055,kp_vy_oracle_vyx_s003@c60eee5+dirty
739,460,1.158012249976301,1.3157287264610908,-0.19263094164171957,0.014956759499828439,0.00636128547343991,0.09893604214356996,0.3720278443028834,1.0966255761008517,kp_vy_oracle_vyx_s003@c60eee5+dirty
740,460,1.17275840860288,1.3309623815167397,-0.23137666051318576,0.014919836735195037,0.00634408311784661,0.09869158785756285,0.37057246754606477,1.1126717086569515,kp_vy_oracle_vyx_s003@c60eee5+dirty
741,460,1.1927679335286703,1.3492421344160757,-0.19404405956079232,0.014866113897405027,0.00635407545800166,0.09840176235565463,0.36785567412306724,1.1346266109472833,kp_vy_oracle_vyx_s003@c60eee5+dirty
742,460,1.1803884340261164,1.3182746837850265,-0.15012765341385031,0.014887754191682005,0.006374486697245831,0.09876048984484623,0.3684917332343088,1.12139676195386,kp_vy_oracle_vyx_s003@c60eee5+dirty
743,460,1.178195744912579,1.3389169007561215,-0.17310066760244408,0.01495183505426743,0.006413850309113048,0.09909865670560637,0.3705872488235644,1.1183963091585598,kp_vy_oracle_vyx_s003@c60eee5+dirty
744,460,1.1582772533423205,1.3183197531186535,-0.13387441333566732,0.01494009918022979,0.006357613622014619,0.09931920009400345,0.3711154209588854,1.0972144457382702,kp_vy_oracle_vyx_s003@c60eee5+dirty
745,460,1.189315970738411,1.3438219120883432,-0.27202180762280753,0.014866955067722168,0.006343798561715836,0.0981726168402209,0.367881066851727,1.1309889472958985,kp_vy_oracle_vyx_s003@c60eee5+dirty
746,460,1.1996251337490071,1.3461279901604515,-0.26098436012891374,0.014885719464133775,0.006399900899014796,0.09823497919028171,0.36766441796710664,1.1418946261732,kp_vy_oracle_vyx_s003@c60eee5+dirty
747,462,1.184366992763759,1.3322146918619835,-0.24902225779786014,0.014890470322200451,0.006399330105449067,0.09861649100609783,0.3677151054793339,1.1258378101443351,kp_vy_oracle_vyx_s003@c60eee5+dirty
748,462,1.17317882962694,1.3265907700886663,-0.26622472807054093,0.014903714005972794,0.006404912687213592,0.09809477181434859,0.36820915106538377,1.1138988227646829,kp_vy_oracle_vyx_s003@c60eee5+dirty
749,461,1.169434782129196,1.3192551248549047,-0.3182929007394255,0.014860289366821775,0.006368990409525401,0.09832477250369927,0.36711993592420944,1.1103155687913975,kp_vy_oracle_vyx_s003@c60eee5+dirty
750,460,1.1606378559194017,1.3187729240211499,-0.37969975465695105,0.01485310019628661,0.006347139674346721,0.09812997326869925,0.36724892349932875,1.10100338817906,kp_vy_oracle_vyx_s003@c60eee5+dirty
751,458,1.14525604763809,1.3091355374175158,-0.3979671843999305,0.014907047144899259,0.0063687109621170575,0.09823737182637572,0.3692249711202971,1.0841053156187523,kp_vy_oracle_vyx_s003@c60eee5+dirty
752,458,1.1488530786244957,1.3204436396080548,-0.33512250551752504,0.014946255091934287,0.006400282801192552,0.09817886237978087,0.3707066312515421,1.087400565482249,kp_vy_oracle_vyx_s003@c60eee5+dirty
753,456,1.140075808970951,1.3109389127081073,-0.31936976179621923,0.01497527473639076,0.006366030271284198,0.09852927768233365,0.37213457132359057,1.0776310644309472,kp_vy_oracle_vyx_s003@c60eee5+dirty
754,457,1.1989496401513857,1.354490328821101,-0.31015907163762635,0.014796728268783798,0.0063707245426793645,0.09735250469520701,0.3633680524242851,1.1425602382791549,kp_vy_oracle_vyx_s003@c60eee5+dirty
755,457,1.1665635590429406,1.336117302029862,-0.2920466336906407,0.014840419582985475,0.0063587586438023985,0.09752077834939299,0.36575750082399194,1.1077418417112896,kp_vy_oracle_vyx_s003@c60eee5+dirty
756,457,1.2317197676521965,1.3821072743083958,-0.33150896846082545,0.014748341103453138,0.006389372349291327,0.09663125343872575,0.3603811835064043,1.1778195908540936,kp_vy_oracle_vyx_s003@c60eee5+dirty
757,456,1.2425550138403898,1.3857240744826846,-0.5022487368178996,0.01464524884885868,0.006362704534600324,0.09602620822391768,0.35543914949682254,1.190632593802499,kp_vy_oracle_vyx_s003@c60eee5+dirty
758,456,1.2423023824808037,1.3706302580753171,-0.6331114203600199,0.014685001882876692,0.006382829088779787,0.09553745994794133,0.3537950633137064,1.1908586241415609,kp_vy_oracle_vyx_s003@c60eee5+dirty
759,458,1.156434876449542,1.2702463275449198,-0.7268061113645297,0.014979379561684908,0.006554279114005123,0.09622644604981152,0.35977448971662135,1.0990468324953273,kp_vy_oracle_vyx_s003@c60eee5+dirty
760,457,1.0355088953456488,1.130932874854477,-0.7639626196178325,0.014978352911100291,0.006560685546846976,0.09701077403950936,0.3596732043377393,0.9710375164850166,kp_vy_oracle_vyx_s003@c60eee5+dirty
761,458,1.1235115853408717,1.2348499301672735,-0.7279311554848528,0.01498530139130123,0.006601205919517558,0.09702048121946624,0.36012614054664344,1.0642309172778894,kp_vy_oracle_vyx_s003@c60eee5+dirty
762,459,1.1032389278872994,1.212942173849233,-0.7405235829739055,0.015136134766673455,0.0066337580290546806,0.09766498909662956,0.3656134036059226,1.0408952738434403,kp_vy_oracle_vyx_s003@c60eee5+dirty
763,458,1.1043079879620954,1.2234649626890577,-0.7183290366122671,0.014969956262718933,0.006567923269861572,0.09742986993598889,0.36176155002589405,1.0433718000788377,kp_vy_oracle_vyx_s003@c60eee5+dirty
764,458,1.1773631029439067,1.328293138235565,-0.5521457167878663,0.014697608500009856,0.006403786260451568,0.09755851122721552,0.3579353730036695,1.1216354777406197,kp_vy_oracle_vyx_s003@c60eee5+dirty
765,459,1.1163330934803684,1.2960110208212527,-0.45502406805617196,0.014879174098382748,0.006413300564889961,0.09909349794299283,0.3684677525790076,1.0537699421167905,kp_vy_oracle_vyx_s003@c60eee5+dirty
766,460,1.1206162235792545,1.2864220025173867,-0.47797149260097016,0.014862789170254378,0.0064027075430407076,0.09926239365327821,0.36806999379685323,1.0584447081522086,kp_vy_oracle_vyx_s003@c60eee5+dirty
767,461,1.1116175885285462,1.2865505529289096,-0.3529895587663302,0.014941759496350302,0.006450962456496373,0.09970690715413273,0.37121581655373787,1.0478036460455564,kp_vy_oracle_vyx_s003@c60eee5+dirty
768,462,1.1110528597603686,1.2542860098207251,-0.45253273474879,0.01494085631440106,0.006374810146964999,0.09996241778873352,0.37168027381209473,1.0470397467339334,kp_vy_oracle_vyx_s003@c60eee5+dirty
769,463,1.1305686032329771,1.262837066644531,-0.4598004691805585,0.014915645626909887,0.006373681034088126,0.09955399059060059,0.3701027828532154,1.068273980185079,kp_vy_oracle_vyx_s003@c60eee5+dirty
770,464,1.1161120348439846,1.2574709088847034,-0.40488956541782983,0.01496925185737147,0.006370049861782382,0.10049499032757658,0.3727240079781723,1.0520374937236159,kp_vy_oracle_vyx_s003@c60eee5+dirty
771,464,1.0992661739132932,1.2549117803888397,-0.32101228178212593,0.015013794887607054,0.006390438848419639,0.10073542898194456,0.3749451802577312,1.033345166394786,kp_vy_oracle_vyx_s003@c60eee5+dirty
772,463,1.107263125874108,1.269729698617408,-0.2980978494323291,0.014911813679602185,0.006406314837873084,0.09984247201549523,0.37055280682530733,1.0434185388780415,kp_vy_oracle_vyx_s003@c60eee5+dirty
773,463,1.0965230166405635,1.2634575140448387,-0.275065823347586,0.014944636228778953,0.00643603764638603,0.09983090810502647,0.3711694022001333,1.0317926152541106,kp_vy_oracle_vyx_s003@c60eee5+dirty
774,464,1.1244508355754728,1.291070140495299,-0.26814283087352336,0.014906246054114804,0.006458191615310964,0.09960347032041851,0.3687366548244096,1.0622725455434134,kp_vy_oracle_vyx_s003@c60eee5+dirty
775,464,1.1312261980625204,1.2925723225136077,-0.23792694531082972,0.014866804415336667,0.006454815981042389,0.09910928155955122,0.3671103993156847,1.0700012457456596,kp_vy_oracle_vyx_s003@c60eee5+dirty
776,464,1.123621723123441,1.295301717514818,-0.16346373863477956,0.014882654529504734,0.006511600297216507,0.09923238347683702,0.36696402500057157,1.0620090305784933,kp_vy_oracle_vyx_s003@c60eee5+dirty
777,463,1.127195178073557,1.3041774967298396,-0.10002726207718084,0.014824034415872952,0.006532515229767992,0.09808639767117208,0.36438837249154626,1.0666724349420678,kp_vy_oracle_vyx_s003@c60eee5+dirty
778,463,1.2101708124764405,1.3651935469386363,-0.2503032601209624,0.014622322190236663,0.006518690565004268,0.09643674691116616,0.3545133147782224,1.1570798179100892,kp_vy_oracle_vyx_s003@c60eee5+dirty
779,463,1.2238161034441297,1.3824404103690056,-0.14489802701273774,0.014519138610780965,0.006541464500213483,0.09592622580987115,0.34907356356219427,1.1729763434405502,kp_vy_oracle_vyx_s003@c60eee5+dirty
780,463,1.223464861114261,1.39477990218398,-0.07103014598520321,0.014496795717478608,0.006591054271672981,0.095425276396764,0.3471377530446234,1.1731844044277386,kp_vy_oracle_vyx_s003@c60eee5+dirty
781,463,1.2294409503703707,1.3874677168350664,-0.1436785196093158,0.014460973404184892,0.006553577718703265,0.09511747414781765,0.3465489237225693,1.1795884425995065,kp_vy_oracle_vyx_s003@c60eee5+dirty
782,464,1.2313949124716312,1.394921757157158,-0.05884621748262321,0.014485270688238424,0.006580678701980432,0.09556870612721559,0.34666544346365463,1.1815906654883341,kp_vy_oracle_vyx_s003@c60eee5+dirty
783,463,1.2034081758394812,1.3580019686788931,-0.11040582771432486,0.014595591802200214,0.006504803227889703,0.0964745209506571,0.35297634004212003,1.1504777012388279,kp_vy_oracle_vyx_s003@c60eee5+dirty
784,463,1.1982888701138916,1.3627822907316047,-0.07821822715801272,0.014650560708814358,0.0065466296535786565,0.09699829174259333,0.3542722438045577,1.1447215353563114,kp_vy_oracle_vyx_s003@c60eee5+dirty
785,462,1.1826571709480256,1.3515934847505702,-0.05039932981186293,0.014658813584978923,0.006509908435906615,0.09714284069317838,0.35615157147637433,1.1277561980010113,kp_vy_oracle_vyx_s003@c60eee5+dirty
786,462,1.1913762107909296,1.3553337759738913,-0.06272267037862898,0.014630396946397995,0.0065008936715636794,0.09697902208471039,0.3546477555163121,1.1373663636426898,kp_vy_oracle_vyx_s003@c60eee5+dirty
787,462,1.1626348874001313,1.344679826105509,-0.07802141664797685,0.014703017057895663,0.0065163585500025946,0.09769583373584112,0.35860823928180446,1.1059475630060949,kp_vy_oracle_vyx_s003@c60eee5+dirty
788,462,1.1893422546979597,1.3691866301121314,-0.09140672702342702,0.01460414040185233,0.0065466452175007295,0.0970397515707787,0.3532746864085641,1.1356636803001834,kp_vy_oracle_vyx_s003@c60eee5+dirty
789,462,1.196131345030039,1.3575716248285654,-0.13897844852373048,0.014519673195390836,0.006497061436728907,0.09730149419272162,0.3500967756666017,1.1437492916855596,kp_vy_oracle_vyx_s003@c60eee5+dirty
790,461,1.1786311384568735,1.356179030001797,-0.09937840414054985,0.014604996512190277,0.006488896791816913,0.09756698376205286,0.35452692778829464,1.1240471600485182,kp_vy_oracle_vyx_s003@c60eee5+dirty
791,461,1.1831550174431387,1.3579059184148636,-0.10953061759292296,0.014580331580619083,0.006463372770877473,0.09704725940727818,0.3539723892130729,1.128963835991066,kp_vy_oracle_vyx_s003@c60eee5+dirty
792,461,1.1376732197922634,1.3115876474924946,-0.041863955055438495,0.014673740533621644,0.006485082252925628,0.09881746736090212,0.3582117593017689,1.0798077099791552,kp_vy_oracle_vyx_s003@c60eee5+dirty
793,461,1.1132471113597329,1.3119176792805594,-0.028801166396188297,0.014664839672913625,0.0064805898951084346,0.09916208627515037,0.3583224557703471,1.0540038655723694,kp_vy_oracle_vyx_s003@c60eee5+dirty
794,461,1.1287377882455318,1.3264340154597234,-0.034730098364208525,0.014615070191111213,0.006477282878145463,0.0984644360727193,0.35579065954742184,1.071196527810012,kp_vy_oracle_vyx_s003@c60eee5+dirty
795,461,1.135304838314078,1.3337107928159824,-0.02290602578883222,0.014562130577538168,0.006521346199691679,0.09759859782625459,0.35264647997543025,1.079146670318865,kp_vy_oracle_vyx_s003@c60eee5+dirty
796,460,1.1366757103960041,1.3456614131210916,0.01386298568106746,0.014592504431020791,0.006559064726238539,0.09726080646702036,0.3537087467812974,1.0802415438477937,kp_vy_oracle_vyx_s003@c60eee5+dirty
797,459,1.1245317501404906,1.3370665919235503,0.06599887737798889,0.014558923400429724,0.006548930757121251,0.0967356592156799,0.3518753709424115,1.0680615059059917,kp_vy_oracle_vyx_s003@c60eee5+dirty
798,460,1.0872167831703674,1.307761260280883,0.04016154818349492,0.014717559114972658,0.006514196476471527,0.09814553938012724,0.36010202934241836,1.025849336925649,kp_vy_oracle_vyx_s003@c60eee5+dirty
799,460,1.0794968399073386,1.2990431675073335,0.048794745391741785,0.014759812330269977,0.006514237965664989,0.09873182665155857,0.3620446984331951,1.016974465611771,kp_vy_oracle_vyx_s003@c60eee5+dirty
800,461,1.11109381485035,1.320155397066148,-0.00786683716660716,0.014765334776335398,0.006509922709580812,0.09828457535537662,0.3621377398582471,1.0504216880705883,kp_vy_oracle_vyx_s003@c60eee5+dirty
801,462,1.0866504174641325,1.2769473609519184,-0.025290462538954676,0.014844323034415926,0.006455238755361391,0.09918808425566966,0.3670010068680424,1.0227997803738602,kp_vy_oracle_vyx_s003@c60eee5+dirty
802,463,1.0821439149347842,1.2720576112758109,-0.036553753524006645,0.01486921105534684,0.006460768992353578,0.09926033052899297,0.36783026382887346,1.0177113292294444,kp_vy_oracle_vyx_s003@c60eee5+dirty
803,462,1.0737730301289021,1.2701769696149037,0.028659523163730924,0.014918859626824633,0.006440365344691894,0.09985295786176482,0.3698905264183749,1.0080523392652494,kp_vy_oracle_vyx_s003@c60eee5+dirty
804,462,1.0660905708818502,1.2699359655373568,-0.015897858013017442,0.014955747564143845,0.0064140355890624084,0.10026659237514764,0.37181139650567563,0.999152336108808,kp_vy_oracle_vyx_s003@c60eee5+dirty
805,461,1.0643046630894655,1.2718842763611058,0.035619095360016166,0.014948143048294754,0.006398329210361717,0.10006211702774806,0.3721669812260832,0.9971139122282091,kp_vy_oracle_vyx_s003@c60eee5+dirty
806,460,1.0352280420179456,1.2573913403202075,0.025616156566381894,0.015051862772458012,0.0063804221748488274,0.10133354325376819,0.37717398046006073,0.9640730716310996,kp_vy_oracle_vyx_s003@c60eee5+dirty
807,459,1.070136682741563,1.2908143967734065,0.06354587534083991,0.01495082553609829,0.006388629849403622,0.1001730018085531,0.37275284749928944,1.0031190529694312,kp_vy_oracle_vyx_s003@c60eee5+dirty
808,459,1.052950306993385,1.277364284060097,0.10703322898000646,0.015007107371952213,0.0063710200971911785,0.10065856004879316,0.3756870510258659,0.9836481020613785,kp_vy_oracle_vyx_s003@c60eee5+dirty
809,459,1.051679172272666,1.2790994035980026,0.08508191088672885,0.015067489350336237,0.0063983177908542065,0.10087407086920588,0.37770102127095756,0.9815146559899122,kp_vy_oracle_vyx_s003@c60eee5+dirty
810,459,1.0673461464065181,1.273452128604162,0.09912408686812949,0.014962712565928847,0.006432111949274909,0.1003012243339802,0.3730251411752664,1.0000400193492343,kp_vy_oracle_vyx_s003@c60eee5+dirty
811,461,1.0818326913883656,1.2778254866372807,0.00897596331826371,0.014994404660026725,0.00643408757448242,0.10045242442730944,0.37425261440808116,1.0150354440931169,kp_vy_oracle_vyx_s003@c60eee5+dirty
812,460,1.0694222170332919,1.279645656597216,0.05516148147824325,0.014983119047504719,0.006380101053478714,0.10098777274908484,0.3743898072854806,1.0017465500240776,kp_vy_oracle_vyx_s003@c60eee5+dirty
813,460,1.0247296120368468,1.245588255536898,0.14367616935502525,0.015013279920552083,0.006387012387226494,0.10168610950502248,0.375697543776877,0.9533740784105723,kp_vy_oracle_vyx_s003@c60eee5+dirty
814,459,1.0587737997029005,1.27743533844596,0.11829091402553758,0.014950122762414858,0.006397585416598082,0.10084329353421226,0.3729596291585036,0.9909102249726103,kp_vy_oracle_vyx_s003@c60eee5+dirty
815,458,1.0467594728750624,1.2637042924438133,0.06577449460722362,0.014968940154020022,0.006407835646946383,0.10110092003535288,0.3739777874537729,0.9776737740907542,kp_vy_oracle_vyx_s003@c60eee5+dirty
816,460,1.0576468147309102,1.26722689015836,-0.03803731871515327,0.014921761131847457,0.006402098757957675,0.10119030596646675,0.372322593720782,0.9899457919075517,kp_vy_oracle_vyx_s003@c60eee5+dirty
817,460,1.0657963770110535,1.276671608674072,-0.0791565191293253,0.014945094953228944,0.006437582769854149,0.10128354826578823,0.37289494091401715,0.9984344146165132,kp_vy_oracle_vyx_s003@c60eee5+dirty
818,458,1.065763037578027,1.2804999177756093,-0.09155986294576979,0.014988635069444691,0.006425805594217454,0.10156169607630346,0.37499346608597156,0.9976125263148875,kp_vy_oracle_vyx_s003@c60eee5+dirty
819,458,1.0990292692991714,1.2999599369809445,-0.14215573731381517,0.014869460153508022,0.006406146414006204,0.10010431400466195,0.37022190063843424,1.0347951870123555,kp_vy_oracle_vyx_s003@c60eee5+dirty
820,459,1.06575759822034,1.281659260727297,-0.11125181857861048,0.014936568591910702,0.006386382992082951,0.10054818414762642,0.3738188263002424,0.9980474654383412,kp_vy_oracle_vyx_s003@c60eee5+dirty
821,459,1.0513179585974992,1.278496748968659,-0.059529083565370275,0.014949078860736265,0.006422974587057133,0.10032358397703181,0.3740332284995649,0.9825317267385341,kp_vy_oracle_vyx_s003@c60eee5+dirty
822,459,1.0199625011828302,1.2648203020212225,0.007119594052398169,0.01503108403852657,0.006458878827105944,0.10108310118995553,0.37698551689344645,0.9477370014258786,kp_vy_oracle_vyx_s003@c60eee5+dirty
823,459,1.0104307981996514,1.2480553333666335,0.0606619618461721,0.014980747316536735,0.006467324123301206,0.1011877648763575,0.37504798620555324,0.9382480514200623,kp_vy_oracle_vyx_s003@c60eee5+dirty
824,458,1.0015289005810895,1.2444986925905495,0.04768575952713295,0.01506733415188987,0.006426343127317774,0.10073115020590724,0.3791004921935593,0.9270075272174261,kp_vy_oracle_vyx_s003@c60eee5+dirty
825,457,0.9951967220543955,1.2561129411042544,0.07122348092537925,0.015084820493749705,0.00643120925406151,0.10068839039280444,0.38009511537178586,0.919752259501613,kp_vy_oracle_vyx_s003@c60eee5+dirty
826,458,0.9949089090451366,1.2594700062852227,0.09146078481415049,0.015073003846387963,0.006475692406462111,0.10050290157891913,0.3797491085644297,0.9195837927246787,kp_vy_oracle_vyx_s003@c60eee5+dirty
827,458,0.9811641373518604,1.2332546802981708,0.06787943667900136,0.015098570767140145,0.006450975861254094,0.10105823013910796,0.38071281282756214,0.904290229171114,kp_vy_oracle_vyx_s003@c60eee5+dirty
828,458,1.0094030454760188,1.2630405955205404,0.10998436632558008,0.014994844721459816,0.006473294604012544,0.1000887800937185,0.37604130480974063,0.9367429985290787,kp_vy_oracle_vyx_s003@c60eee5+dirty
829,457,1.0110872811875153,1.2643733044471024,0.09420484905791415,0.015038994266919707,0.006480753975630279,0.1001327969101825,0.3774076177158622,0.938009051272534,kp_vy_oracle_vyx_s003@c60eee5+dirty
830,457,1.0582434334137365,1.2922857127573912,0.026751220474138235,0.014903362790505666,0.006501060769477698,0.09929664250837147,0.37124136060079227,0.9909889083852381,kp_vy_oracle_vyx_s003@c60eee5+dirty
831,457,1.0827157489410615,1.314552208038228,-0.023539889934105704,0.01487191162306904,0.006461992177678765,0.09851052366096984,0.3700793311493112,1.0175041433139633,kp_vy_oracle_vyx_s003@c60eee5+dirty
832,457,1.118027033027922,1.3404974980161721,-0.06471786428764201,0.014816367866070126,0.006460271186463795,0.09782944737684018,0.36756885726955746,1.0558776357830342,kp_vy_oracle_vyx_s003@c60eee5+dirty
833,455,1.080864130192999,1.3098199663456263,-0.017009554540725967,0.014969125885778754,0.006421233858734124,0.09838396270111241,0.37352379117555945,1.0142717808179944,kp_vy_oracle_vyx_s003@c60eee5+dirty
834,455,1.0862648815184803,1.3055962414227298,0.05256266615644688,0.014874400768916458,0.00645183071437371,0.09812056746603882,0.3691319252575227,1.0216227359333938,kp_vy_oracle_vyx_s003@c60eee5+dirty
835,456,1.0861214596563789,1.3018356563314597,-0.0304470275578577,0.01494404711394264,0.006423980551710619,0.09841914106898782,0.3724067531258752,1.02028086101443,kp_vy_oracle_vyx_s003@c60eee5+dirty
836,456,1.0490932183163655,1.2931211105829459,0.07488861124808982,0.015031882905026132,0.006436502527907115,0.09911726943772234,0.3760440546689254,0.9793811564786937,kp_vy_oracle_vyx_s003@c60eee5+dirty
837,456,1.0493140069671225,1.3015260672158988,0.09543938179837484,0.015045450819061456,0.006457619413220637,0.0994113602421002,0.3764861741634344,0.9794478270337724,kp_vy_oracle_vyx_s003@c60eee5+dirty
838,456,1.060863702107105,1.307482089506892,0.027936715714388938,0.014964586350588659,0.006436302266344536,0.0992340106220762,0.373952349337297,0.9927695779351363,kp_vy_oracle_vyx_s003@c60eee5+dirty
839,456,1.0599571526467457,1.3107833220365763,-0.024761250978400453,0.014941153238192941,0.006451210844307843,0.09884455766839856,0.37306872162801846,0.9921335063336147,kp_vy_oracle_vyx_s003@c60eee5+dirty
840,456,1.0362913859168519,1.3076934078518034,0.02460754938908942,0.014976715084259596,0.006458787940542585,0.09949835488812826,0.37441642707089406,0.9662878327211492,kp_vy_oracle_vyx_s003@c60eee5+dirty
841,457,1.0415843896196122,1.3082815149512983,0.002250118801702509,0.015055486049887731,0.006468416163579007,0.10037537610929495,0.3777330069342345,0.9706780187949461,kp_vy_oracle_vyx_s003@c60eee5+dirty
842,458,0.9887363638126112,1.2479217622093963,0.05441170394201186,0.015109853632310728,0.006428841240680274,0.10206113995877591,0.38077072848403,0.912476437753395,kp_vy_oracle_vyx_s003@c60eee5+dirty
843,457,0.9730179540171543,1.2604998856244387,-0.011001754388590697,0.015189824798212175,0.006405334425517182,0.10290055785642462,0.3845414269733833,0.8938074903361479,kp_vy_oracle_vyx_s003@c60eee5+dirty
844,458,0.9883380827771611,1.2557860865073336,-0.04135966157714422,0.015133374264148389,0.006389248907153252,0.10286714096848774,0.3824100944411778,0.9113587030018004,kp_vy_oracle_vyx_s003@c60eee5+dirty
845,457,0.993949380432223,1.2446221849504127,-0.05251161201783777,0.015171107998154111,0.0063675856602771735,0.10296530708622569,0.38404729307802005,0.9167568093780626,kp_vy_oracle_vyx_s003@c60eee5+dirty
846,457,1.0097229396311471,1.234674273338045,-0.0658108404500683,0.015187115988205768,0.006369574611737447,0.10285347862013466,0.38418551433037734,0.9337782956334274,kp_vy_oracle_vyx_s003@c60eee5+dirty
847,458,0.9912913584999449,1.2270831989190136,0.01812572897809725,0.015197677006426847,0.0063798226770331555,0.10341932217624136,0.3843795819682749,0.9137345864103867,kp_vy_oracle_vyx_s003@c60eee5+dirty
848,459,1.013699521247808,1.2570006901983917,0.002400099801006592,0.015254472657948258,0.006412148679236155,0.10312578852425568,0.3854721889033873,0.9375488845708614,kp_vy_oracle_vyx_s003@c60eee5+dirty
849,459,1.0162655404713785,1.246490059015659,-0.03150968352116311,0.01518344407366757,0.0063883156346169895,0.10289872888669746,0.382971304367207,0.9413440544141463,kp_vy_oracle_vyx_s003@c60eee5+dirty
850,459,0.9806401090027467,1.2151786380133083,0.1497226124160016,0.015273533628362616,0.006376903833007474,0.10417920796737594,0.38668333167435315,0.901183124781052,kp_vy_oracle_vyx_s003@c60eee5+dirty
851,460,0.9968222560064282,1.2234890220713894,0.031002546791527003,0.015267770354195147,0.006358135322149343,0.10389494012160518,0.38666905676653807,0.9187718163989471,kp_vy_oracle_vyx_s003@c60eee5+dirty
852,460,1.0074447348292423,1.2174865785861027,0.030694932674023328,0.015242986050427955,0.006370788757128394,0.10385299095320027,0.3855088864531648,0.9307673136723288,kp_vy_oracle_vyx_s003@c60eee5+dirty
853,461,1.0263984583025656,1.2422044075061622,-0.06120567612064638,0.015213169816255586,0.006384488195623512,0.10344786287133365,0.3842500577117685,0.9517592596630653,kp_vy_oracle_vyx_s003@c60eee5+dirty
854,460,1.0255713944007083,1.2272170933958295,-0.02266106370103338,0.015261956226498657,0.006367528294760842,0.10367695381971805,0.385983154310348,0.9501650854465488,kp_vy_oracle_vyx_s003@c60eee5+dirty
855,459,1.0302510030056073,1.2273030380982137,-0.02962316972910472,0.015284638764862666,0.0063850397719701696,0.10347999214830592,0.3859952549698192,0.9552092924248823,kp_vy_oracle_vyx_s003@c60eee5+dirty
856,459,1.0620973426682911,1.2382003108057917,-0.0873112992231384,0.015277768591127151,0.006406280270876837,0.10269501619746604,0.3851516238886124,0.9898025014713846,kp_vy_oracle_vyx_s003@c60eee5+dirty
857,460,1.0552202136067848,1.2297133550304324,-0.07306531911088313,0.01530886373466561,0.006375189882655787,0.1031451845048876,0.3864169750075518,0.9819224106976893,kp_vy_oracle_vyx_s003@c60eee5+dirty
858,460,1.0943163783727679,1.252626816816651,-0.1846872390539407,0.015248296091879285,0.006368316313331921,0.1017655783140602,0.38407804809154644,1.024701121766283,kp_vy_oracle_vyx_s003@c60eee5+dirty
859,459,1.0931821790745269,1.251796801456806,-0.19124942305743156,0.015193738881181537,0.006377182845046554,0.10114892453418432,0.38204016322629436,1.02425221031158,kp_vy_oracle_vyx_s003@c60eee5+dirty
860,459,1.082779529209457,1.243049406144041,-0.19933055596274782,0.015175462094764747,0.006362779298966441,0.10115656348177968,0.38147466977359556,1.0133551130754608,kp_vy_oracle_vyx_s003@c60eee5+dirty
861,459,1.095898878701727,1.2599732692098957,-0.24080470841687368,0.015184831563204533,0.006360929803554532,0.10111685448235241,0.3820597291352322,1.0271439605589936,kp_vy_oracle_vyx_s003@c60eee5+dirty
862,459,1.0667017046227376,1.2416636584518415,-0.17254397684122108,0.015309910782780649,0.006382931860209815,0.10241183701546702,0.3865279230065586,0.9942075695654756,kp_vy_oracle_vyx_s003@c60eee5+dirty
863,459,1.0455976566097371,1.2360242769943435,-0.0025111539163803764,0.015280143383036864,0.006451182317975979,0.10183710472808315,0.3843570324532837,0.9723909353297567,kp_vy_oracle_vyx_s003@c60eee5+dirty
864,457,1.055844164438984,1.2437227600903515,-0.00855896161354744,0.015229880359309061,0.00644980741689415,0.10161551598014473,0.38237945975966403,0.9841711478872787,kp_vy_oracle_vyx_s003@c60eee5+dirty
865,457,1.052048856916262,1.2425836583332943,-0.08930182719876587,0.015264324158663033,0.006434034820803634,0.10264619545822418,0.3840289260013488,0.9794532052798971,kp_vy_oracle_vyx_s003@c60eee5+dirty
866,456,1.0369270086569955,1.2205881562302947,-0.04707587337393846,0.015272352287576918,0.006386016242883113,0.10329737596021128,0.385037766119822,0.962789457744424,kp_vy_oracle_vyx_s003@c60eee5+dirty
867,455,1.030195313989231,1.2221208330983047,-0.07032282989117775,0.015330687676990891,0.00638017098667345,0.10332498246731657,0.38738991117384053,0.9545844340267099,kp_vy_oracle_vyx_s003@c60eee5+dirty
868,454,1.0297232307873214,1.2228307729296466,0.011046432020733923,0.0153053736863502,0.006458524517766989,0.10239538825206584,0.38542023015812854,0.9548723360784594,kp_vy_oracle_vyx_s003@c60eee5+dirty
869,456,1.0320276811739626,1.2186026189966397,-0.06502608394064892,0.015277786499520371,0.006429562017556927,0.10281075486961784,0.38506138630780934,0.9575013647426379,kp_vy_oracle_vyx_s003@c60eee5+dirty
870,456,1.0444116417649028,1.2295072097336057,-0.0964724890297892,0.015290087604584893,0.006428201697463508,0.10265794889183028,0.3853878419967805,0.9707069015388342,kp_vy_oracle_vyx_s003@c60eee5+dirty
871,457,1.0350881722816372,1.229056962556245,-0.05237899255053616,0.015186434976916085,0.006437680924777176,0.10225013181525199,0.38188459325426816,0.9620663604099056,kp_vy_oracle_vyx_s003@c60eee5+dirty
872,457,1.0443242910694708,1.2400621179628348,-0.024894122846295396,0.015124877167207352,0.006480385099506958,0.10114737061576776,0.37835708994423006,0.9733751267659795,kp_vy_oracle_vyx_s003@c60eee5+dirty
873,457,1.060899045598444,1.259128319218548,-0.0889492411699088,0.015195210242559813,0.006449161892197297,0.10112473793917194,0.3816134370111399,0.9898878571051541,kp_vy_oracle_vyx_s003@c60eee5+dirty
874,458,1.04454491447186,1.2403191577452715,-0.10858988630780272,0.015117941480450781,0.006420402382111127,0.10077804529632535,0.3791502637964132,0.9733032188440226,kp_vy_oracle_vyx_s003@c60eee5+dirty
875,459,1.0369485865405395,1.2273070892559443,0.003997545296088131,0.015153004984851875,0.006490302583533405,0.1009677161745221,0.37986695414980987,0.9648644818177156,kp_vy_oracle_vyx_s003@c60eee5+dirty
876,461,1.0217672267067188,1.1958774775297043,0.0452757063518935,0.015147519734147647,0.006436685930081625,0.10130169566636373,0.38000556908227257,0.948474582178351,kp_vy_oracle_vyx_s003@c60eee5+dirty
877,461,0.9837160515379274,1.1652810258697808,0.14735246502653265,0.015231695788400832,0.006434002735923188,0.10235463335505832,0.38365943117200363,0.9058160469577391,kp_vy_oracle_vyx_s003@c60eee5+dirty
878,461,1.0228988775755676,1.1881138318829167,0.03857836136936135,0.015187161571002791,0.006424276062149384,0.10142366374451685,0.38186089930172434,0.9489490857416083,kp_vy_oracle_vyx_s003@c60eee5+dirty
879,461,1.043458894095437,1.2192772392712992,0.0018302344265167247,0.015236671789369698,0.0064768761223080625,0.10120358775205834,0.3828976495785195,0.9706677359499066,kp_vy_oracle_vyx_s003@c60eee5+dirty
880,460,1.0720458329374485,1.2499620805739455,0.0007777211299686833,0.015162952419065933,0.006491761575424117,0.10027883108283053,0.3793914081924801,1.002668652800253,kp_vy_oracle_vyx_s003@c60eee5+dirty
881,460,1.06791690340993,1.2262167442943908,-0.04432602266268904,0.015115299458085036,0.006421030597032917,0.10059500092843018,0.37842183696239784,0.9986207618003233,kp_vy_oracle_vyx_s003@c60eee5+dirty
882,461,1.0993690695330118,1.2471473086055183,-0.05770417509630722,0.015012998339979227,0.006442743748220267,0.09980559099575027,0.37382850511512156,1.0338590812142985,kp_vy_oracle_vyx_s003@c60eee5+dirty
883,461,1.089858555766579,1.232901637689494,0.036310781382398995,0.014997270833427062,0.006489268830896158,0.10052421438097064,0.37233821923499444,1.0242831259346834,kp_vy_oracle_vyx_s003@c60eee5+dirty
884,461,1.0824445430866072,1.2464835633360338,0.06009551117120021,0.014989684736508212,0.006491616686687706,0.10035837100561085,0.37218867075079587,1.0164456612248043,kp_vy_oracle_vyx_s003@c60eee5+dirty
885,461,1.0716196365622148,1.2445148439793248,0.1456814500872424,0.014972310338490143,0.00652084726176911,0.10041594513431933,0.3715158557998117,1.0051589995394097,kp_vy_oracle_vyx_s003@c60eee5+dirty
886,460,1.085510997906716,1.2579547930299413,0.10479929480132383,0.015007177653868354,0.006509788251317957,0.10047453664908,0.3730079737424809,1.0194111918656588,kp_vy_oracle_vyx_s003@c60eee5+dirty
887,460,1.0695461471828382,1.239015584003295,0.12776246537761704,0.014977340668308387,0.006531030322079095,0.1008128578218478,0.371428591838896,1.002980439549161,kp_vy_oracle_vyx_s003@c60eee5+dirty
888,462,1.0656420464460166,1.2319603604506768,0.21459385029692873,0.014921545550889728,0.006573511847861493,0.10075513473793787,0.36917085261831495,0.999652866114393,kp_vy_oracle_vyx_s003@c60eee5+dirty
889,461,1.0794887474437893,1.2459046819827226,0.20851806588346322,0.014882042698960006,0.006573186343144573,0.09976066369393603,0.36750304481459656,1.0150061418088867,kp_vy_oracle_vyx_s003@c60eee5+dirty
890,462,1.0544873873868235,1.2228294756751992,0.3178142924308224,0.014917760397524732,0.006597118508760481,0.10033627785215662,0.36833337143361206,0.9880658771793699,kp_vy_oracle_vyx_s003@c60eee5+dirty
891,463,1.0992287309116993,1.262125343652977,0.2568065982420457,0.014877806218117145,0.0066269702317611175,0.09982273570168997,0.36583094095318,1.036567183304129,kp_vy_oracle_vyx_s003@c60eee5+dirty
892,462,1.098568582683562,1.2650271235361976,0.22183550629964593,0.014843924087416444,0.006558572630875092,0.09947301043286247,0.3659126099821225,1.035838256059044,kp_vy_oracle_vyx_s003@c60eee5+dirty
893,461,1.1197992434077944,1.2950565729212873,0.12618258301595386,0.014844831996087725,0.006534932401089903,0.09917156020009323,0.366203894254593,1.0582273164918015,kp_vy_oracle_vyx_s003@c60eee5+dirty
894,461,1.1560146442266357,1.326821857447642,0.09910681680635032,0.014784244524822588,0.00656371111256865,0.09840863253861762,0.36249841928500887,1.0977088656298195,kp_vy_oracle_vyx_s003@c60eee5+dirty
895,462,1.1848203692231558,1.336838001415365,-0.040672755912515735,0.014781323397290049,0.0064945523894407685,0.0981912678100711,0.36333854360619583,1.1277341929977223,kp_vy_oracle_vyx_s003@c60eee5+dirty
896,462,1.1805658500607676,1.3286811813361479,-0.021016634299657118,0.014744093785287831,0.006509425139342985,0.09785347090201013,0.36125990619467646,1.1239337198010906,kp_vy_oracle_vyx_s003@c60eee5+dirty
897,462,1.1940579904105728,1.3355712687769394,0.038121844164332244,0.014690988477250002,0.006518015658516685,0.09785902837776701,0.35794390328988634,1.1391446995711019,kp_vy_oracle_vyx_s003@c60eee5+dirty
898,462,1.2112767021839308,1.3474554511700665,-0.054057994914116864,0.014713894038342225,0.006478831858682614,0.0979029314273291,0.3596485669594377,1.1566521333303292,kp_vy_oracle_vyx_s003@c60eee5+dirty
