model,tag,seed,eval_months,sr_ew,sr_max_eval,sr_orth,ew_share_of_srmax,ew_mu_min,dkkm_top_kappa,dkkm_at_top_min,dkkm_at_top_max,dkkm_best,lin_best,linrank_k0
kp_vy,vyx,0,125,0.3394553334687655,1.2630507260513006,1.2162926441397264,0.2687582742856347,0.013966223725190996,1.0,0.4249450373596366,0.4546424623266444,0.7855704421509131,0.6718108874845838,0.6718108874845838
kp_vy,vyx,1,125,0.37059296517069495,1.1775470891069744,1.117409570245062,0.31471604711090106,0.014963561573210509,1.0,0.4415867850147458,0.4660587314221345,0.703454752434368,0.609074520786921,0.5860900879032653
kp_vy,vyx,2,125,0.35532913449119796,1.2445088424596487,1.1925718376832648,0.2855175651375245,0.014461009932792935,1.0,0.4351724176249059,0.459308426322915,0.7604359284766408,0.6481477525932147,0.6330012539442437
kp_vy,vyx,3,125,0.37223712915462254,1.0786365444167532,1.0118367819070073,0.3450996826330419,0.014460973380250175,1.0,0.4376866072851258,0.459054347622074,0.7557222213277158,0.6327051567934489,0.6310646049878833
kp_vy,vyx,4,125,0.3661550637367013,1.1696058470417223,1.1091599608927578,0.313058509978225,0.014325682114148551,1.0,0.4222436827891958,0.444713897601701,0.7506999029153362,0.6572618716008433,0.6441450638180511
kp_vy,vyx,5,125,0.3986973410814146,1.1012886690490862,1.0263386103339862,0.36202800617722874,0.015578231163917995,1.0,0.4434294392141547,0.4515614875369914,0.653131868605131,0.5754027645886695,0.5720040864550279
kp_vy,vyx,6,125,0.3728885902350408,1.2016063404801984,1.1417877422760132,0.31032508540694215,0.014960666230076308,1.0,0.4540503302864281,0.4829518210100085,0.8073267840737768,0.6784328128383197,0.6782452272539677
kp_vy,vyx,7,125,0.3859472441321502,1.092492037799517,1.0216159665805578,0.3532723633478556,0.015267059950997213,1.0,0.4565411607041893,0.4716381382536368,0.7160017570428291,0.6224218609607209,0.6224218609607209
kp_vy,vyx,8,125,0.35647872704639233,1.2286881944983468,1.1750187216023413,0.2901295289094372,0.014393836181382577,1.0,0.4172161447187931,0.4377352074099465,0.7927410790614904,0.6851467664530345,0.6790080171484819
kp_vy,vyx,9,125,0.35743633939262726,1.2204000832053865,1.165583703164106,0.2928845583604182,0.014260110330213323,1.0,0.4222956267020245,0.4346846104596216,0.7496758532035953,0.6480895121784446,0.645348222585941
bgn_gam,g0235,0,125,0.17376686360323754,0.2508296633099524,0.17954364450899202,0.6927683963300318,0.0034883377058431506,1.0,0.1748212531468173,0.1751691825011893,0.1751691825011893,0.1454979140426138,0.0558202597455622
bgn_gam,g0235,1,125,0.14211273444663247,0.22336365839795613,0.16842242806145397,0.6362392855933491,0.0030944958815816792,1.0,0.1497839804357556,0.1577081770782533,0.1577081770782533,0.1373292277466362,0.1159589366587888
bgn_gam,g0235,2,125,0.08714455597297971,0.1094534377592217,0.06576525534150597,0.7961792498896416,0.0035278135840781035,1.0,0.0868911449804637,0.0871275215987503,0.0871275215987503,0.0643662957875736,0.0549670258065047
bgn_gam,g0235,3,125,0.07819421759076697,0.10779256558474146,0.072988329640045,0.725413827628904,0.003668676199391484,1.0,0.0783354120963604,0.0789452914849529,0.0800939914977545,0.0728659085383192,0.0347281993709231
bgn_gam,g0235,4,125,0.04579352958056258,0.054768497679132375,0.029997931038764667,0.8361290070224183,0.0036372156082652507,1.0,0.045661030694913,0.0457530516471708,0.0457530516471708,0.0281128757242953,0.0246575431783523
bgn_gam,g0235,5,125,0.08720820150724463,0.11128316473971511,0.06870538611513306,0.7836603291362136,0.003531920203473419,1.0,0.0870116375527281,0.08718382612061,0.08718382612061,0.0584195095134052,0.0476774613388167
bgn_gam,g0235,6,125,0.12804757953615079,0.17620068866230892,0.11921077644272242,0.7267144101891438,0.0034568589203991,1.0,0.1280124992583041,0.1284413016148702,0.1284413016148702,0.1036871506073914,0.0378088736612849
bgn_gam,g0235,7,125,0.12150569623822696,0.16661045112634226,0.11277711330179753,0.7292801586983764,0.0035668935659341513,1.0,0.1212390723154101,0.1217441232280112,0.1217441232280112,0.0882234864772342,0.0491708801959003
bgn_gam,g0235,8,125,0.09638866887955433,0.12774755949275798,0.0830097852589711,0.754524542482697,0.0036717251245863745,1.0,0.0958442279222933,0.0962055442953647,0.0962055442953647,0.0665805246268209,0.0582751797678502
bgn_gam,g0235,9,125,0.10057624338814883,0.1327229186511417,0.08569072997726203,0.757791076404148,0.003520300844684243,1.0,0.1006036873750628,0.1007125045693122,0.1016677652166681,0.0894944133998766,0.0677788364746343
bgn_gam,g0235f,0,125,0.10972466354764937,0.1737508760334313,0.12766049410047503,0.6315056709500406,0.0031110879010520873,1.0,0.1109899886540088,0.112815014065476,0.1136005563993978,0.089506524969795,0.0441515117355287
bgn_gam,g0235f,1,125,0.15273628290386343,0.3464076788911435,0.30320033730715873,0.4409148301584269,0.0026840495749363385,1.0,0.1696662670671129,0.1988728310870211,0.2150868649685329,0.1729700908502332,0.1215031583249913
bgn_gam,g0235f,2,125,0.10451809563197631,0.16459010906530444,0.12218365582578611,0.6350205138420963,0.0034580688015557826,1.0,0.1043998272889971,0.1052565030502018,0.1078370631021969,0.0911174318107902,0.0659794316578955
bgn_gam,g0235f,3,125,0.09795391108886814,0.16236257180615862,0.12413779530991717,0.603303520012071,0.0032652627977076917,1.0,0.0980025479701824,0.0984674945483537,0.0991368139892738,0.0939679200476941,0.0458744453236051
bgn_gam,g0235f,4,125,0.11676961192459748,0.19030160194242016,0.14339165333796985,0.6136028847509578,0.0032109851506538687,1.0,0.1174193804848678,0.1181713965138402,0.1244281644577029,0.1177773469760518,0.1031550287092103
bgn_gam,g0235f,5,125,0.11912485969720188,0.1714987308064007,0.1208455953854937,0.6946107364005978,0.003445213798433543,1.0,0.1184820488412175,0.1191295944982182,0.1191295944982182,0.089594990347311,0.0726407929480633
bgn_gam,g0235f,6,125,0.12901426570526592,0.23587933691153687,0.18600294077769539,0.5469502644636094,0.0027898818733663347,1.0,0.1349493889674673,0.1446656795224195,0.1629565060713606,0.1479208384023056,0.1279069423880885
bgn_gam,g0235f,7,125,0.15155151880258574,0.24296678846933317,0.18780200460790156,0.6237540519728865,0.003524801218882203,1.0,0.1516788600579937,0.1520785749230633,0.1520785749230633,0.1018145053049864,0.0466640297480069
bgn_gam,g0235f,8,125,0.11002808893768873,0.18553024949387747,0.142575284671035,0.5930466284492313,0.0031227196790277957,1.0,0.1108487515781342,0.112018680831814,0.1128978383728021,0.099873202694942,0.0534434933155967
bgn_gam,g0235f,9,125,0.1173835497115697,0.1693465066447833,0.1208174429587614,0.6931560150679121,0.003605595910921693,1.0,0.1172472379546074,0.1174755509033061,0.1181462557018157,0.1100097021094641,0.1100097021094641
bgn_gam,g0235s,0,125,0.06433633007086331,0.07859343186280096,0.04485126550186881,0.8185967776947825,0.003581409602891654,1.0,0.0469813824258087,0.0483741677518102,0.0483741677518102,0.0411311667053848,-0.0041099190437048
bgn_gam,g0235s,1,125,0.07767563892638495,0.09754937486002098,0.05819445284989065,0.7962699816154234,0.0033544495087116954,1.0,0.0767331833839606,0.077558026322358,0.077558026322358,0.0482799495020597,0.0174599007335931
bgn_gam,g0235s,2,125,0.06684841909639529,0.4094927258991701,0.3976520365217551,0.16324690249285517,0.0028234418946293466,1.0,0.0833632257268808,0.1306017251074257,0.1824080399859614,0.1715160949889701,0.1152794927361153
bgn_gam,g0235s,3,125,0.041860154612309984,0.05054207402023435,0.028315678811982374,0.8282239188591947,0.003537307840306312,1.0,0.0415016976676928,0.0418325026892134,0.0423253546648768,0.0328619865343579,0.0309907380439375
bgn_gam,g0235s,4,125,0.04195310242567929,0.049257981233304375,0.025785996975857255,0.8517016202303049,0.0034639481282792988,1.0,0.0419452384598053,0.0419577408385349,0.0419577408385349,0.024362668891998,0.0127653193694939
bgn_gam,g0235s,5,125,0.04272320423142185,0.049357832457361445,0.02465914415344162,0.8655810456897388,0.003045788074843586,1.0,0.0425462163788498,0.0427479076156655,0.0428945048326639,0.0248088754402142,0.0054753591169467
bgn_gam,g0235s,6,125,0.04405034968076877,0.0507760932855152,0.02515740776140373,0.8675411365949836,0.0034322327258996667,1.0,0.0425955150387642,0.0440008209658759,0.0440008209658759,0.0098027086579042,-0.0014454374875166
bgn_gam,g0235s,7,125,0.05169343282357825,0.06149253333115699,0.03300438517092827,0.8406456853093457,0.0033176838671788575,1.0,0.0515598083484218,0.0516393081423286,0.0516393081423286,0.0110148135157823,-0.0093949222916606
bgn_gam,g0235s,8,125,0.04244952058659731,0.0494671279595427,0.0253840448825195,0.858135944769528,0.0035731039759702974,1.0,0.0422314751670174,0.042394571433046,0.042394571433046,0.0317201491135051,0.014448997387688
bgn_gam,g0235s,9,125,0.04269460552470183,0.049086296902120796,0.024177363613376843,0.8697866455445977,0.0031964498506858946,1.0,0.0423452183512888,0.0427340084790058,0.042768034778364,0.040778414853187,0.0187403760114108
bgn_gam,g0235r,0,125,0.04776180740977441,0.05705788771287666,0.031192069538354066,0.8370763329010454,0.003373749418184162,1.0,0.003709937484214,0.0038309133421172,0.0040024804913378,-0.0004234982862738,-0.0075238544073921
bgn_gam,g0235r,1,125,0.05478094379518511,0.06612428632673863,0.036882393817826396,0.8284542161180707,0.0031260706642642615,1.0,0.0544767459759078,0.0546949025446189,0.0546949025446189,0.0171534888646864,-0.0094972338477965
bgn_gam,g0235r,2,125,0.04736910289158076,0.054550725916794746,0.027031786818007005,0.8683496341337787,0.00302077349787578,1.0,0.047353404410477,0.0473727484072042,0.0473923156206876,0.0095551106151168,0.0048123936889306
bgn_gam,g0235r,3,125,0.0455013864126697,0.05441100099888778,0.029822316100711687,0.8362534336319194,0.0033322324259206656,1.0,0.0453093984315025,0.045461810948108,0.045461810948108,0.0322796179716301,0.0322796179716301
bgn_gam,g0235r,4,125,0.045745414496852495,0.054331056684419496,0.029288956637029063,0.8419754241586634,0.0032564963344484574,1.0,0.0456870589233388,0.0457387909476456,0.0457387909476456,0.0200294369316976,0.0183538986671916
bgn_gam,g0235r,5,125,0.0466986513244259,0.05484875872451048,0.028707428390380475,0.8514076236251722,0.0028920975923538207,1.0,0.0339305535364098,0.0341095424073495,0.0341095424073495,-0.0024949806017812,-0.0032632705099446
bgn_gam,g0235r,6,125,0.04556350413933806,0.05459899340628791,0.03006124727703928,0.8345117976861955,0.003351059472654015,1.0,0.0057853471491203,0.0062880263387003,0.0062880263387003,-0.0025476958352959,-0.0108763997231916
bgn_gam,g0235r,7,125,0.04624785393518757,0.05451761325289874,0.028822603474892475,0.8483103198346369,0.0031435843911021945,1.0,-0.0195692080905188,-0.0192057222414026,-0.0121761256279616,-0.0013199597801389,-0.0096787951804933
bgn_gam,g0235r,8,125,0.04562247719155681,0.05399011022965763,0.028857310661289014,0.845015448153237,0.003374015440233052,1.0,0.0454009876038918,0.0455527583194609,0.0455527583194609,0.0117205180555045,-0.0006183225680284
bgn_gam,g0235r,9,125,0.04674214047210774,0.05459821758286907,0.028165330746627474,0.8561111065789394,0.003014568390324712,1.0,0.046726146593293,0.0467486605298586,0.046821392598675,0.0248849292330673,0.0217707494141857
gs_bx,g28,0,125,0.2946533022147658,0.3055495758909199,0.07938184727799584,0.9643387700854017,0.002868792882744005,10.0,0.294774664903989,0.2949065647875792,0.2961015289663308,0.2841843858009277,0.2765286901013751
gs_bx,g28,1,125,0.27581778608558954,0.28635014175782963,0.07446739974388603,0.9632186119846678,0.000826600226763712,10.0,0.2762631212602755,0.2767599529484271,0.2813523960730845,0.2551997347164981,0.2547631767204515
gs_bx,g28,2,125,0.3152878158440529,0.3325000565384569,0.10301395751130206,0.948233871375558,0.002786445992321453,10.0,0.3146921175815972,0.3149668131350668,0.3149668131350668,0.2752669788343175,0.2752669788343175
gs_bx,g28,3,125,0.2312506135739154,0.23710801345935015,0.05104437834432589,0.9752964912489601,0.000697329996206287,10.0,0.2314564647425103,0.2317901425844205,0.23521444165106,0.2274095788409431,0.2194737885299797
gs_bx,g28,4,125,0.33718797061886696,0.35748002050707456,0.11784368859156043,0.9432358489310145,0.0026315429262026685,10.0,0.3371962038371924,0.3376201770608289,0.339617269623821,0.3089491819045797,0.3089491819045797
gs_bx,g28,5,125,0.26527816705063145,0.2746042991308299,0.06864622763375432,0.9660379239883816,0.0013428954544634874,10.0,0.2641956219754041,0.2647526430963868,0.2647526430963868,0.2386481047780158,0.2124078021194419
gs_bx,g28,6,125,0.31174073050043144,0.32635793596765955,0.09466036621570365,0.9552111229534292,0.0015390545173402108,10.0,0.3126847739627281,0.3130366400147213,0.3202518229578648,0.2743792508927483,0.2312201253797894
gs_bx,g28,7,125,0.33648274003534523,0.3607792534475672,0.12982128649347702,0.9326554584831385,0.0024885208524831736,10.0,0.3367096662112388,0.3370271034819925,0.3385679709667543,0.2976987307508015,0.2745624821323075
gs_bx,g28,8,125,0.31732498577095863,0.33643515664370854,0.10923237464780487,0.9431980561621628,0.0023287568348781705,10.0,0.3181309453452507,0.3186753689913994,0.3243760154960532,0.2841141530377955,0.2841141530377955
gs_bx,g28,9,125,0.25851170425001196,0.26965490054390606,0.07422940394988785,0.958676084612526,0.0007203948570017508,10.0,0.2582090802899856,0.2587301124102266,0.2600657016804991,0.2463898055466132,0.2222933944644108
gs_bx,gx7,0,125,0.3882172084160313,0.39224598205466177,0.054438778859127984,0.9897289613585665,0.009475510481175656,10.0,0.3880938060190018,0.3882299786670485,0.3882299786670485,0.3701056706638779,0.3576896186064496
gs_bx,gx7,1,125,0.3802525517081261,0.38586407510184006,0.06136169696836885,0.985457253587982,0.0025130981543602855,10.0,0.380530328324363,0.3808108957260312,0.3815368604577511,0.3516065647766817,0.3516065647766817
gs_bx,gx7,2,125,0.4878217187232106,0.4987882630917134,0.09918472309384298,0.9780136278658057,0.009609566377222883,10.0,0.488140986718155,0.4887640877740589,0.4898730945861855,0.4494016135607343,0.3593853111261555
gs_bx,gx7,3,125,0.28566736593181313,0.28779893839357834,0.03391083439145106,0.9925935360510254,0.0020174695847258984,10.0,0.2857355684661595,0.2858141886479278,0.2864421604889873,0.2733066247205248,0.2733066247205248
gs_bx,gx7,4,125,0.5515299392211225,0.5662649158836642,0.12494981537423416,0.9739786516006423,0.00902114435607913,10.0,0.5504613156576189,0.5512188803502768,0.5512188803502768,0.5289192823155484,0.4314056775648664
gs_bx,gx7,5,125,0.35765609016194666,0.3622177929759575,0.05386822990909023,0.9874061879276217,0.004147584983432303,10.0,0.3567264910808848,0.3574675177292493,0.3574675177292493,0.3465357222038164,0.3044901830856766
gs_bx,gx7,6,125,0.45489511722471765,0.462268852270463,0.07986775216638407,0.9840488170260039,0.004776337471011343,10.0,0.4550773557922655,0.4552314726104099,0.4566058979810268,0.4312306303765191,0.3611553568179627
gs_bx,gx7,7,125,0.6088151357969136,0.6275753617763424,0.15060522484815544,0.9701068156558468,0.008872571078881264,10.0,0.6080352206264477,0.6090746070552241,0.6092929736099486,0.5965992988425927,0.4858837674977135
gs_bx,gx7,8,125,0.5054812291504954,0.5186207610326085,0.10925400111697556,0.9746644699376258,0.008029479577413037,10.0,0.5058974129626269,0.5063182227903115,0.5073879142943065,0.4878056939819946,0.37947248384438
gs_bx,gx7,9,125,0.3649783298026089,0.3711279210351601,0.06431004285314512,0.9834299957400171,0.002023124767391324,10.0,0.3643611530068117,0.3646739509550977,0.3646739509550977,0.327847904795959,0.269540928135236
gs_bx,bx7,0,125,0.3063730293923059,0.32995531124298266,0.12124005149077127,0.9285288611908098,0.0052048234060318626,10.0,0.3069155788545778,0.3073708097360503,0.314039539009676,0.3036889521424954,0.2971419961032017
gs_bx,bx7,1,125,0.2367894564774522,0.2526687492507469,0.08610046171962078,0.9371537128339675,0.004758154874258308,10.0,0.2370614754849864,0.2374041541927862,0.2390222719311944,0.2291577384894034,0.2240192465681221
gs_bx,bx7,2,125,0.24361214845787213,0.25614352669838286,0.07845922788027541,0.9510767326348761,0.004798181931078999,10.0,0.2435745517528402,0.2437177664320523,0.243871859081772,0.2376439866235535,0.225447703771639
gs_bx,bx7,3,125,0.2157094656074111,0.23005783748909484,0.07916575746211417,0.9376314580790412,0.005323573346451609,10.0,0.2158604927014404,0.2162770270207743,0.2189856423928655,0.2148379325091361,0.2148379325091361
gs_bx,bx7,4,125,0.2394956436063049,0.250667164521819,0.07320777059194397,0.955432850821027,0.004702465703508006,10.0,0.2396690554177835,0.2400769376120821,0.2424000391592926,0.2258563538461164,0.2098755594671153
gs_bx,bx7,5,125,0.2898220157259161,0.30931265429238675,0.10743369475676517,0.9369872577277535,0.005386793888637785,10.0,0.2899404811045987,0.2904060074094755,0.2933316774319655,0.2817439629054942,0.2650853093677587
gs_bx,bx7,6,125,0.3989048010146808,0.4281050684630897,0.15480730418212757,0.9317918202808512,0.0051611323355695215,10.0,0.3991994175003104,0.3994005817940715,0.4047015197765515,0.403373728998232,0.3688464944494465
gs_bx,bx7,7,125,0.2858544691139343,0.30001787787210243,0.08936325917255984,0.9527914507674573,0.004893842133731735,10.0,0.2858889785682032,0.2859791866215354,0.2865635342551576,0.2859208545377692,0.2792074991891344
gs_bx,bx7,8,125,0.2816414300424485,0.29885961823775914,0.09834749483859562,0.9423870367738588,0.004570433882422594,10.0,0.2816748849005744,0.2818641210969966,0.2828270172718591,0.2762210675238493,0.2677171654147661
gs_bx,bx7,9,125,0.42792923216855894,0.46479148731108877,0.18021175975212225,0.9206907696270745,0.005056149521542172,10.0,0.4283387141013799,0.4289637059695832,0.4385154779335063,0.4281999236395655,0.4035727868626264
