model,tag,seed,N,T,months,spec_id,solves,sr_max,lin_ceiling_all,nonlin_ceiling_all,room_all,lin_ceiling_eval,nonlin_ceiling_eval,room_eval,eval_window,eval_months_oracle,prov_oracle,window,sr_max_eval,dkkm,lin,gap,t,room_all_pct_lin,room_eval_pct_lin,gap_pct_lin,fm,gap_fm,room_all_pct_fm,room_eval_pct_fm,gap_fm_pct_fm,fair_lin,fair_gap,ew,fair_method,dkkm_method,lin_method,prov_est
bgn_gam,bgnbase,0,500,500,485,var-bgn_gam-bgnbase-v2,510d48d43c4763cb,0.2924786594278742,0.2467930196506033,0.2720953104041084,0.025302290753505097,0.2610005801529838,0.2823039501680784,0.021303370015094636,360,125,bgn_gam_oracle_bgnbase_s000@c60eee5+dirty,360,0.29801160619836514,0.2415604061439527,0.2378969252946457,0.0036634808493069826,3.4876564751466037,10.635820838023488,8.954874044172485,1.5399445977578743,0.2375150581355064,0.004045348008446276,10.65292068306242,8.969271330553156,1.703196437397386,0.24161698527594,-5.6579131987311015e-05,0.1244237524771782,linrank_m,rff_ens,linrank,bgn_gam_estimators_bgnbase_s000_w360_summary@c60eee5+dirty
bgn_gam,bgnbase,1,500,500,485,var-bgn_gam-bgnbase-v2,510d48d43c4763cb,0.28597836113125696,0.23861467599887756,0.26263842167262935,0.02402374567375179,0.2153981230802068,0.24008772520320126,0.024689602122994453,360,125,bgn_gam_oracle_bgnbase_s001@c60eee5+dirty,360,0.2747016332129114,0.2042542596958811,0.1991171860614821,0.0051370736343989976,32.429087928753184,12.065129157828643,12.399533466373393,2.579924785002137,0.1556711743617164,0.048583085334164694,15.432366186131794,15.860098842465126,31.208787068874674,0.2007380589288855,0.003516200766995603,0.1543650067754319,linrank_m,rff_lev_ens,linrank,bgn_gam_estimators_bgnbase_s001_w360_summary@c60eee5+dirty
bgn_gam,bgnbase,2,500,500,485,var-bgn_gam-bgnbase-v2,510d48d43c4763cb,0.27560500388981796,0.2175439489644952,0.24286338985169387,0.025319440887198674,0.20961979498597497,0.24271390725693548,0.03309411227096051,360,125,bgn_gam_oracle_bgnbase_s002@c60eee5+dirty,360,0.28626076372759085,0.1957465897755686,0.2016976563272909,-0.005951066551722284,-5.214197891143909,12.553165638232953,16.407782258639305,-2.9504886968372124,0.2016976563272909,-0.005951066551722284,12.553165638232953,16.407782258639305,-2.9504886968372124,0.2016976563272909,-0.005951066551722284,0.1598938322216866,fm,rff_ens,fm,bgn_gam_estimators_bgnbase_s002_w360_summary@c60eee5+dirty
bgn_gam,bgnbase,3,500,500,485,var-bgn_gam-bgnbase-v2,510d48d43c4763cb,0.2778837798186471,0.21859083265905624,0.24772315319052984,0.029132320531473604,0.20756790170144784,0.2372558756247357,0.02968797392328787,360,125,bgn_gam_oracle_bgnbase_s003@c60eee5+dirty,360,0.26704819665550017,0.1985109795875769,0.1883421512585294,0.010168828329047502,15.943474517124464,15.467764564016733,15.76278794996688,5.399125082249474,0.1647881381295727,0.03372284145800422,17.678651426091665,18.015844016602856,20.464362205177654,0.1918943508522362,0.006616628735340718,0.1411957192875827,linrank_m,rff_lev_ens,linrank,bgn_gam_estimators_bgnbase_s003_w360_summary@c60eee5+dirty
bgn_gam,bgnbase,4,500,500,485,var-bgn_gam-bgnbase-v2,510d48d43c4763cb,0.2902060878651097,0.23598990620958038,0.2642956125423469,0.028305706332766523,0.23529232148056398,0.27157359394675423,0.036281272466190256,360,125,bgn_gam_oracle_bgnbase_s004@c60eee5+dirty,360,0.29393439380525505,0.2327713561511462,0.2079531245913525,0.02481823155979368,40.42583616934622,13.611580200292687,17.446851321655483,11.934531692449365,0.1586112791695036,0.07416007698164259,17.845960565337208,22.874333184979513,46.75586589424685,0.2244614730509722,0.008309883100173998,0.1285427918123932,linlev_m,rff_lev_ens,linlev,bgn_gam_estimators_bgnbase_s004_w360_summary@c60eee5+dirty
bgn_gam,bgnbase,5,500,500,485,var-bgn_gam-bgnbase-v2,510d48d43c4763cb,0.26643825876121197,0.20816401134217208,0.2320503235930101,0.02388631225083801,0.19069167238718068,0.2115151884225644,0.02082351603538371,360,125,bgn_gam_oracle_bgnbase_s005@c60eee5+dirty,360,0.2524427218660886,0.179282952643605,0.1742545654726981,0.005028387170906895,6.981388054493282,13.707711006619494,11.95005478272321,2.8856559122376244,0.1742545654726981,0.005028387170906895,13.707711006619494,11.95005478272321,2.8856559122376244,0.1758290403956044,0.0034539122480005957,0.1559249243178372,linrank_m,rff_ens,fm,bgn_gam_estimators_bgnbase_s005_w360_summary@c60eee5+dirty
bgn_gam,bgnbase,6,500,500,485,var-bgn_gam-bgnbase-v2,510d48d43c4763cb,0.29766752521265766,0.25991816782905414,0.28087626122153064,0.020958093392476507,0.27149942394113674,0.29145027845672694,0.0199508545155902,360,125,bgn_gam_oracle_bgnbase_s006@c60eee5+dirty,360,0.30655318944167137,0.2624888090291123,0.2585634194085355,0.0039253896205768135,13.61895328014526,8.105591053992942,7.716039090613758,1.5181535073894648,0.2543961655909925,0.008092643438119829,8.238368429723918,7.842435230594768,3.1811184808228763,0.2585634194085355,0.0039253896205768135,0.1303081368830786,linrank,rff_ens,linrank,bgn_gam_estimators_bgnbase_s006_w360_summary@c60eee5+dirty
bgn_gam,bgnbase,7,500,500,485,var-bgn_gam-bgnbase-v2,510d48d43c4763cb,0.28089132304013265,0.22686108640693378,0.2513004490725255,0.02443936266559174,0.21922591331730434,0.24043698090057922,0.021211067583274873,360,125,bgn_gam_oracle_bgnbase_s007@c60eee5+dirty,360,0.27167063174628747,0.2112900778664381,0.2148640542252899,-0.003573976358851788,-7.426012390159458,11.374337486886713,9.871854861788366,-1.6633663419123572,0.2148640542252899,-0.003573976358851788,11.374337486886713,9.871854861788366,-1.6633663419123572,0.2148640542252899,-0.003573976358851788,0.1510429407975924,fm,rff_ens,fm,bgn_gam_estimators_bgnbase_s007_w360_summary@c60eee5+dirty
bgn_gam,bgnbase,8,500,500,485,var-bgn_gam-bgnbase-v2,510d48d43c4763cb,0.29405979034011664,0.2492284405732089,0.27388638893917805,0.024657948365969157,0.2528101350375987,0.2808614450698583,0.02805131003225958,360,125,bgn_gam_oracle_bgnbase_s008@c60eee5+dirty,360,0.3024149660327379,0.2501147308500271,0.2470587993354688,0.0030559315145583243,8.414282812455633,9.98059912550913,11.354102791607154,1.2369247817839621,0.2454591794399286,0.0046555514100985185,10.045641162099507,11.428095741322478,1.8966703224223378,0.2482691243707576,0.0018456064792695126,0.143593431896472,linrank_m,rff_ens,linrank,bgn_gam_estimators_bgnbase_s008_w360_summary@c60eee5+dirty
bgn_gam,bgnbase,9,500,500,485,var-bgn_gam-bgnbase-v2,510d48d43c4763cb,0.2712571304350994,0.21112889610071175,0.23744055560724542,0.026311659506533663,0.20911217465504983,0.2409951197081839,0.031882945053134076,360,125,bgn_gam_oracle_bgnbase_s009@c60eee5+dirty,360,0.2772739081067353,0.1991619432206643,0.1789988175011742,0.02016312571949011,36.234855156842976,14.699348226901591,17.811818814347717,11.264390458533528,0.1422785326437566,0.05688341057690771,18.493063582834374,22.408823355638642,39.98031854836102,0.1978748727531867,0.0012870704674776134,0.1597638291021768,linrank_m,rff_ens,linlev,bgn_gam_estimators_bgnbase_s009_w360_summary@c60eee5+dirty
bgn_gam,g0235,0,500,500,485,var-bgn_gam-g0235-v3,2d462ae0f4463f03,0.19752968311932054,0.14053501284751632,0.17173961324521136,0.031204600397695043,0.12157138362982531,0.14334930973904733,0.021777926109222023,360,125,bgn_gam_oracle_g0235_s000@c60eee5+dirty,360,0.16787522518669848,0.1209666719441625,0.0947891757472419,0.0261774961969206,25.07592967450721,32.92000394739482,22.97511919218867,27.616545866717583,0.0555769732693638,0.0653896986747987,56.146635129726,39.18516037869027,117.65609897083773,0.120283459121689,0.0006832128224734946,0.1201739384573206,linrank_m,rff_ens,linrank,bgn_gam_estimators_g0235_s000_w360_summary@c60eee5+dirty
bgn_gam,g0235,1,500,500,485,var-bgn_gam-g0235-v3,2d462ae0f4463f03,0.15513882485640867,0.11202541529602957,0.13253035548425135,0.020504940188221785,0.06471857955230294,0.06967874080631821,0.004960161254015272,360,125,bgn_gam_oracle_g0235_s001@c60eee5+dirty,360,0.08106379950772803,0.0649115988639938,0.0490670823997723,0.015844516464221498,14.902979191607608,41.78960554686851,10.108938643635943,32.29153984565226,0.0254506087063401,0.0394609901576537,80.56758258639888,19.489361968696752,155.04929808544586,0.0647294881877373,0.00018211067625649446,0.0647294881877373,mkt_est,rff_ens,linlev,bgn_gam_estimators_g0235_s001_w360_summary@c60eee5+dirty
bgn_gam,g0235,2,500,500,485,var-bgn_gam-g0235-v3,2d462ae0f4463f03,0.11747464116618316,0.0864908339295968,0.10079897761688598,0.01430814368728918,0.10405543313168468,0.12635750163968643,0.022302068508001746,360,125,bgn_gam_oracle_g0235_s002@c60eee5+dirty,360,0.1476597471879092,0.105570866357118,0.0800815292507604,0.025489337106357604,17.080857390574977,17.8669710995227,27.8492040757201,31.829233713235535,0.0506227409327929,0.0549481254243251,28.26426112778992,44.055434567658295,108.5443506452458,0.1054855085374378,8.535781968020684e-05,0.1040549619207575,linrank_m,rff_ens,ff,bgn_gam_estimators_g0235_s002_w360_summary@c60eee5+dirty
bgn_gam,g0235,3,500,500,485,var-bgn_gam-g0235-v3,2d462ae0f4463f03,0.12897755692229926,0.0968965054333124,0.11251690887561852,0.015620403442306127,0.1635384222017886,0.20199169952350624,0.03845327732171763,360,125,bgn_gam_oracle_g0235_s003@c60eee5+dirty,360,0.22728113668158056,0.1617136956063303,0.1291455115961878,0.0325681840101425,45.93253336433186,12.095196533928338,29.77515582729142,25.21820821150695,0.1193199751960687,0.04239372041026161,13.091188978742581,32.22702423339472,35.529441185853,0.1604873016225111,0.0012263939838192128,0.1604403069940846,linlev_m,rff_ens,linrank,bgn_gam_estimators_g0235_s003_w360_summary@c60eee5+dirty
bgn_gam,g0235,4,500,500,485,var-bgn_gam-g0235-v3,2d462ae0f4463f03,0.13173119463776964,0.09813293027585385,0.11691399818930004,0.018781067913446192,0.08984803209571487,0.10497530346289212,0.015127271367177245,360,125,bgn_gam_oracle_g0235_s004@c60eee5+dirty,360,0.11686749666194172,0.0905520789811554,0.0606595585376494,0.029892520443506,16.716646771636693,30.961431909843853,24.937984601039,49.27915923580732,0.0543813595491913,0.0361707194319641,34.53585579532552,27.8170157800003,66.51308413730527,0.0894846610124865,0.0010674179686688962,0.0894558700958233,linlev_m,rff_ens,linrank,bgn_gam_estimators_g0235_s004_w360_summary@c60eee5+dirty
bgn_gam,g0235,5,500,500,485,var-bgn_gam-g0235-v3,2d462ae0f4463f03,0.13545585851899386,0.09114118295576813,0.1141408215668864,0.02299963861111827,0.07487171380745726,0.0812262561418481,0.006354542334390839,360,125,bgn_gam_oracle_g0235_s005@c60eee5+dirty,360,0.0957990894342681,0.0751066371110975,0.058251930811606,0.016854706299491498,10.928929893359138,39.483049386812546,10.908723961343394,28.93415903071388,0.0582000777025524,0.016906559408545095,39.518226639944174,10.918443042065142,29.049032365473366,0.0748832928761987,0.00022334423489879518,0.0748792511660892,linrank_m,rff_lev_ens,linrank,bgn_gam_estimators_g0235_s005_w360_summary@c60eee5+dirty
bgn_gam,g0235,6,500,500,485,var-bgn_gam-g0235-v3,2d462ae0f4463f03,0.09833035184473563,0.07615343802827736,0.08759334601924494,0.011439907990967585,0.051707780240655137,0.054934352538265126,0.003226572297609989,360,125,bgn_gam_oracle_g0235_s006@c60eee5+dirty,360,0.05868272027580488,0.0516792787723725,0.0267760498895691,0.024903228882803403,103.91168162540605,42.72440497440262,12.050217679296061,93.00561130379701,0.0154356534056056,0.0362436253667669,74.11353241977484,20.90337359115766,234.80460732297018,0.0516957498346082,-1.6471062235699774e-05,0.0516957498346082,mkt_est,rff_lev_ens,linlev,bgn_gam_estimators_g0235_s006_w360_summary@c60eee5+dirty
bgn_gam,g0235,7,500,500,485,var-bgn_gam-g0235-v3,2d462ae0f4463f03,0.15931474026181514,0.11597390218888073,0.13892066118957433,0.022946759000693595,0.13971093794593192,0.17451643847615925,0.034805500530227323,360,125,bgn_gam_oracle_g0235_s007@c60eee5+dirty,360,0.19692074654629613,0.1381670816746236,0.1094739070520871,0.02869317462253651,23.520519997478587,20.960939111980036,31.793421343468683,26.210058081588752,0.105963610730125,0.0322034709444986,21.655320012769185,32.84665395073431,30.391066067497917,0.1376942510262497,0.00047283064837391753,0.1376696931522779,linlev_m,rff_lev_ens,linrank,bgn_gam_estimators_g0235_s007_w360_summary@c60eee5+dirty
bgn_gam,g0235,8,500,500,485,var-bgn_gam-g0235-v3,2d462ae0f4463f03,0.18823164133605777,0.12730621511433787,0.15500473616239088,0.02769852104805301,0.14512690572362452,0.16845317526876405,0.023326269545139527,360,125,bgn_gam_oracle_g0235_s008@c60eee5+dirty,360,0.2020153493712361,0.1451260862933212,0.121707509973738,0.02341857631958319,40.335802702635846,22.75826779631741,19.165842395570216,19.241685516889174,0.121707509973738,0.02341857631958319,22.75826779631741,19.165842395570216,19.241685516889174,0.1452509527906457,-0.00012486649732451616,0.1451352037104706,linlev_m,rff_lev_ens,fm,bgn_gam_estimators_g0235_s008_w360_summary@c60eee5+dirty
bgn_gam,g0235,9,500,500,485,var-bgn_gam-g0235-v3,2d462ae0f4463f03,0.15559834208660914,0.11500464133969561,0.1335479325625477,0.0185432912228521,0.15264749129633876,0.1854822370893489,0.032834745793010156,360,125,bgn_gam_oracle_g0235_s009@c60eee5+dirty,360,0.21478591719777956,0.1533718931807748,0.1346476440841381,0.018724249096636697,19.38072396346358,13.771716058592782,24.385681618382055,13.906109701359767,0.1346476440841381,0.018724249096636697,13.771716058592782,24.385681618382055,13.906109701359767,0.1490155818175715,0.004356311363203302,0.1487918473084675,linlev_m,rff_lev_ens,fm,bgn_gam_estimators_g0235_s009_w360_summary@c60eee5+dirty
bgn_gam,g0235d,0,500,500,485,var-bgn_gam-g0235d-v2,e60796c268b57531,0.28356720146158443,0.24789887908576277,0.2755683736865846,0.027669494600821826,0.2795859554308031,0.3079956087935192,0.028409653362716114,360,125,bgn_gam_oracle_g0235d_s000@c60eee5+dirty,360,0.3154107235559214,0.2747444308955543,0.2818788243079928,-0.007134393412438544,12.967764921290168,9.81609550442461,10.078675981589349,-2.5310143214742524,0.2131945318403905,0.06154989905516378,12.978519834428388,13.32569513742744,28.870299122513856,0.2818788243079928,-0.007134393412438544,0.06765499671428,linrank,rff_ens,linrank,bgn_gam_estimators_g0235d_s000_w360_summary@c60eee5+dirty
bgn_gam,g0235d,1,500,500,485,var-bgn_gam-g0235d-v2,e60796c268b57531,0.3235118554437048,0.2878666279134822,0.31444135522735595,0.026574727313873725,0.3944210400131156,0.4264823896703799,0.03206134965726426,360,125,bgn_gam_oracle_g0235d_s001@c60eee5+dirty,360,0.43025075153819187,0.3939460396141334,0.3975810579079089,-0.003635018293775494,16.831359664544234,6.684102973544879,8.064103915305388,-0.9142835709787431,0.2971695824705616,0.0967764571435718,8.942613538351049,10.788906923352542,32.56607097503283,0.3975810579079089,-0.003635018293775494,0.1293524113944303,linrank,rff_ens,linrank,bgn_gam_estimators_g0235d_s001_w360_summary@c60eee5+dirty
bgn_gam,g0235d,2,500,500,485,var-bgn_gam-g0235d-v2,e60796c268b57531,0.3782606846581322,0.3476907529078382,0.36984223783678705,0.02215148492894886,0.3278189438457729,0.34918516228852065,0.02136621844274772,360,125,bgn_gam_oracle_g0235d_s002@c60eee5+dirty,360,0.3610700671267462,0.311729470162764,0.3231680682836308,-0.011438598120866839,19.595170617341623,6.85447824303837,6.611488120167708,-3.5395199103729733,0.2464104113916307,0.06531905877113328,8.989670851911589,8.670988503318338,26.50823818776021,0.3231680682836308,-0.011438598120866839,0.0736657472213699,linrank,rff_lev_ens,linrank,bgn_gam_estimators_g0235d_s002_w360_summary@c60eee5+dirty
bgn_gam,g0235d,3,500,500,485,var-bgn_gam-g0235d-v2,e60796c268b57531,0.3518584476790685,0.3209360264441555,0.34467669829559244,0.023740671851436967,0.14339878943138162,0.16292210303136312,0.019523313599981496,360,125,bgn_gam_oracle_g0235d_s003@c60eee5+dirty,360,0.17378571283123787,0.1489518830036394,0.1406983095077725,0.00825357349586689,21.776178506290993,16.873459201103962,13.8760114945823,5.866149724713602,0.1359010110409418,0.013050871962697608,17.469091414106412,14.365833962853937,9.603219183384793,0.1439131898975091,0.00503869310613031,0.0556671121599557,linrank_m,rff_ens,linrank,bgn_gam_estimators_g0235d_s003_w360_summary@c60eee5+dirty
bgn_gam,g0235d,4,500,500,485,var-bgn_gam-g0235d-v2,e60796c268b57531,0.3554032292182738,0.32447900963571435,0.34608514731749157,0.021606137681777215,0.34731172489706424,0.36903852491309996,0.02172680001603572,360,125,bgn_gam_oracle_g0235d_s004@c60eee5+dirty,360,0.3766402866243453,0.3446167987799629,0.3473826445312176,-0.002765845751254714,11.319513754959846,6.219694052630075,6.254428756898717,-0.7961957210001495,0.3051412516624837,0.03947554711747919,7.080700352398021,7.120243460254173,12.936811035022902,0.3473826445312176,-0.002765845751254714,0.0637465359399525,linrank,rff_ens,linrank,bgn_gam_estimators_g0235d_s004_w360_summary@c60eee5+dirty
bgn_gam,g0235d,5,500,500,485,var-bgn_gam-g0235d-v2,e60796c268b57531,0.3675788656575158,0.3379835502325249,0.361373320297958,0.02338977006543308,0.34765284211970204,0.368478615752692,0.02082577363298993,360,125,bgn_gam_oracle_g0235d_s005@c60eee5+dirty,360,0.3737770569850355,0.3415719970078,0.3441942939830719,-0.002622296975271887,12.977491804317085,6.795513602146883,6.050586542847856,-0.7618653246473798,0.3268875646311405,0.014684432376659506,7.155295152272331,6.370928688122385,4.492196695591464,0.3441942939830719,-0.002622296975271887,0.1021362361282599,linrank,rff_ens,linrank,bgn_gam_estimators_g0235d_s005_w360_summary@c60eee5+dirty
bgn_gam,g0235d,6,500,500,485,var-bgn_gam-g0235d-v2,e60796c268b57531,0.42497649505157403,0.39109223486008,0.41778859512086786,0.026696360260787866,0.47019323346391084,0.5023854100295038,0.03219217656559292,360,125,bgn_gam_oracle_g0235d_s006@c60eee5+dirty,360,0.5040407290949225,0.4730627398412121,0.4670590695005933,0.006003670340618827,43.81418983997237,5.715842385703626,6.892527876616264,1.2854199249440335,0.3353840624569058,0.13767867738430634,7.959937054020908,9.598600580410515,41.05104946720507,0.4670590695005933,0.006003670340618827,0.0761797369601549,linrank,rff_ens,linrank,bgn_gam_estimators_g0235d_s006_w360_summary@c60eee5+dirty
bgn_gam,g0235d,7,500,500,485,var-bgn_gam-g0235d-v2,e60796c268b57531,0.30681750702703303,0.2709893725005565,0.299220308135147,0.028230935634590504,0.2063569439477881,0.22668543845639402,0.02032849450860591,360,125,bgn_gam_oracle_g0235d_s007@c60eee5+dirty,360,0.23638540754000045,0.2101210945609232,0.2037651891361951,0.006355905424728109,12.246138977367506,13.854641096581595,9.976431496853225,3.119230253053612,0.1248020761130457,0.08531901844787751,22.620565709995823,16.28858681020047,68.36346085348416,0.2037651891361951,0.006355905424728109,0.0876203233032636,linrank,rff_ens,linrank,bgn_gam_estimators_g0235d_s007_w360_summary@c60eee5+dirty
bgn_gam,g0235d,8,500,500,485,var-bgn_gam-g0235d-v2,e60796c268b57531,0.29619312316905316,0.26254643088671153,0.287487997399483,0.024941566512771463,0.21858452098417697,0.24167249623871487,0.0230879752545379,360,125,bgn_gam_oracle_g0235d_s008@c60eee5+dirty,360,0.2526819345190115,0.221546987273494,0.2186867374630277,0.0028602498104663143,22.09675856704215,11.405157350700433,10.55755622054642,1.3079210214793584,0.1629623105482677,0.0585846767252263,15.305113451606367,14.16767789856507,35.94983191397138,0.2186867374630277,0.0028602498104663143,0.063537229321151,linrank,rff_lev_ens,linrank,bgn_gam_estimators_g0235d_s008_w360_summary@c60eee5+dirty
bgn_gam,g0235d,9,500,500,485,var-bgn_gam-g0235d-v2,e60796c268b57531,0.308198459013486,0.27257530597236496,0.2995652346237461,0.026989928651381168,0.19912154489156825,0.22045856265548464,0.02133701776391639,360,125,bgn_gam_oracle_g0235d_s009@c60eee5+dirty,360,0.2327338508223788,0.2023363214735695,0.1978934850094981,0.004442836464071398,22.941256867043748,13.638614050425033,10.782071861987925,2.2450645426038958,0.1729007949988752,0.0294355264746943,15.61006625305381,12.340612872286211,17.024517715425073,0.1980100383971247,0.004326283076444809,0.0986087843314009,linrank_m,rff_lev_ens,linrank,bgn_gam_estimators_g0235d_s009_w360_summary@c60eee5+dirty
bgn_gam,g0235f,0,500,500,485,var-bgn_gam-g0235f-v2,b5e8f58b4e80c255,0.21836993749660666,0.1406741901145843,0.18230403008785456,0.04162983997327027,0.20182251956169175,0.2599690422039054,0.05814652264221362,360,125,bgn_gam_oracle_g0235f_s000@c60eee5+dirty,360,0.29601846230235557,0.2030098384721955,0.180649965127793,0.02235987334440251,13.445993300009624,23.04447717098702,32.18739765661199,12.377457880263073,0.1537312799079293,0.04927855856426619,27.07961580636202,37.82348177744826,32.05499791179742,0.1961825471983894,0.006827291273806102,0.1465347348692059,linrank_m,rff_ens,linrank,bgn_gam_estimators_g0235f_s000_w360_summary@c60eee5+dirty
bgn_gam,g0235f,1,500,500,485,var-bgn_gam-g0235f-v2,b5e8f58b4e80c255,0.21918708668088382,0.14248936636534468,0.18021595093280673,0.03772658456746206,0.1464221567321931,0.1691642605641297,0.02274210383193659,360,125,bgn_gam_oracle_g0235f_s001@c60eee5+dirty,360,0.2177290148146809,0.1463999412111193,0.1385366823854806,0.007863258825638708,25.350228750893976,27.232198662363817,16.415943734422854,5.675939895658149,0.1352057831576893,0.011194158053429992,27.903084976374032,16.820363227668064,8.279348554472959,0.1464073643469086,-7.4231357893028704e-06,0.1464073643469086,mkt_est,rff_lev_ens,linlev,bgn_gam_estimators_g0235f_s001_w360_summary@c60eee5+dirty
bgn_gam,g0235f,2,500,500,485,var-bgn_gam-g0235f-v2,b5e8f58b4e80c255,0.16647668781622613,0.10605949684431512,0.13435199443252704,0.028292497588211923,0.09355818017016022,0.11949936579966168,0.025941185629501456,360,125,bgn_gam_oracle_g0235f_s002@c60eee5+dirty,360,0.14871869155883505,0.0957358896780918,0.0764503812931908,0.019285508384900993,11.043258849003058,37.00766053698133,33.93205526342084,25.226176846574724,0.0686223642927587,0.027113525385333098,41.22926669723832,37.80281530206454,39.5112084300398,0.0929638404016924,0.002772049276399402,0.0929526372769277,linlev_m,rff_ens,linrank,bgn_gam_estimators_g0235f_s002_w360_summary@c60eee5+dirty
bgn_gam,g0235f,3,500,500,485,var-bgn_gam-g0235f-v2,b5e8f58b4e80c255,0.17841862709599232,0.11764395986296844,0.14569451215381776,0.028050552290849323,0.08834109509932564,0.10004471320538272,0.011703618106057079,360,125,bgn_gam_oracle_g0235f_s003@c60eee5+dirty,360,0.12170796091192539,0.0912826714418535,0.0567055673476446,0.034577104094208895,25.631607863947643,49.4670163846169,20.63927521314751,60.9765596422432,0.0567055673476446,0.034577104094208895,49.4670163846169,20.63927521314751,60.9765596422432,0.0889716193738594,0.0023110520679940905,0.0870262188053234,linrank_m,rff_ens,fm,bgn_gam_estimators_g0235f_s003_w360_summary@c60eee5+dirty
bgn_gam,g0235f,4,500,500,485,var-bgn_gam-g0235f-v2,b5e8f58b4e80c255,0.17995041636164186,0.11466126658174201,0.14929176059373953,0.03463049401199751,0.12128043324036558,0.1543283619891229,0.03304792874875731,360,125,bgn_gam_oracle_g0235f_s004@c60eee5+dirty,360,0.18451814496043686,0.1226346417392491,0.1104356429047628,0.012198998834486288,5.649225370874887,31.358077067439236,29.92505669320646,11.046251476080442,0.1104356429047628,0.012198998834486288,31.358077067439236,29.92505669320646,11.046251476080442,0.1180378989629181,0.004596742776331,0.112270783989977,linrank_m,rff_ens,fm,bgn_gam_estimators_g0235f_s004_w360_summary@c60eee5+dirty
bgn_gam,g0235f,5,500,500,485,var-bgn_gam-g0235f-v2,b5e8f58b4e80c255,0.1900003835023836,0.12425897838166151,0.15394498506089851,0.029686006679237,0.13429719986362657,0.15532705260710383,0.021029852743477268,360,125,bgn_gam_oracle_g0235f_s005@c60eee5+dirty,360,0.20085629602126007,0.1355584032407974,0.1177214490538507,0.01783695418694671,9.406583540110404,25.21716043917994,17.864079071824317,15.151830299665564,0.1177214490538507,0.01783695418694671,25.21716043917994,17.864079071824317,15.151830299665564,0.1344171380079649,0.0011412652328325057,0.1340242724627912,linrank_m,rff_ens,fm,bgn_gam_estimators_g0235f_s005_w360_summary@c60eee5+dirty
bgn_gam,g0235f,6,500,500,485,var-bgn_gam-g0235f-v2,b5e8f58b4e80c255,0.23055895325859754,0.15913579864009292,0.20078726891467627,0.04165147027458335,0.1433188490491551,0.1791862766095143,0.03586742756035921,360,125,bgn_gam_oracle_g0235f_s006@c60eee5+dirty,360,0.20048399271543285,0.1442837114583922,0.1268573117147705,0.0174263997436217,10.813405217610134,32.83332250350195,28.273835441984243,13.737008539802343,0.1268573117147705,0.0174263997436217,32.83332250350195,28.273835441984243,13.737008539802343,0.1334845813005316,0.010799130157860604,0.1154755510176272,linrank_m,rff_lev_ens,fm,bgn_gam_estimators_g0235f_s006_w360_summary@c60eee5+dirty
bgn_gam,g0235f,7,500,500,485,var-bgn_gam-g0235f-v2,b5e8f58b4e80c255,0.19646249412991199,0.12257261653168369,0.15873515954437817,0.036162543012694476,0.11424518053104366,0.13998911503626474,0.025743934505221083,360,125,bgn_gam_oracle_g0235f_s007@c60eee5+dirty,360,0.1723961397046642,0.1146847488170405,0.0918705385200001,0.022814210297040394,14.077041623150247,39.362502490199226,28.021969741275285,24.83299941914868,0.0915657928681029,0.023118955948937592,39.49350721484525,28.11523135315855,25.248463672716273,0.1135401182120431,0.0011446306049973931,0.1135401182120431,mkt_est,rff_lev_ens,linrank,bgn_gam_estimators_g0235f_s007_w360_summary@c60eee5+dirty
bgn_gam,g0235f,8,500,500,485,var-bgn_gam-g0235f-v2,b5e8f58b4e80c255,0.21816701052727933,0.13502590643216208,0.1743687317218064,0.039342825289644306,0.13665622646620287,0.18045589717272187,0.043799670706518995,360,125,bgn_gam_oracle_g0235f_s008@c60eee5+dirty,360,0.22572595795353653,0.1384829077158698,0.108479285410606,0.030003622305263794,18.119250420600885,36.26759260141454,40.37606861137814,27.658388596216124,0.1055138725360021,0.0329690351798677,37.286874554073684,41.51081715968128,31.24616165387961,0.1348341208987395,0.003648786817130295,0.1327921026401836,linrank_m,rff_lev_ens,linrank,bgn_gam_estimators_g0235f_s008_w360_summary@c60eee5+dirty
bgn_gam,g0235f,9,500,500,485,var-bgn_gam-g0235f-v2,b5e8f58b4e80c255,0.16962290891954016,0.11343938108486122,0.1339619446640131,0.020522563579151873,0.12115934993459952,0.14593206331244737,0.024772713377847852,360,125,bgn_gam_oracle_g0235f_s009@c60eee5+dirty,360,0.18199586191185568,0.1202340135777629,0.1058543838285014,0.014379629749261491,16.373585100522895,19.38754243036475,23.402633393042123,13.584349772947014,0.0939004828961828,0.026333530681580092,21.855652863725737,26.381880703677297,28.044084406567613,0.1197630786777858,0.00047093489997709903,0.1197630786777858,mkt_est,rff_lev_ens,linrank,bgn_gam_estimators_g0235f_s009_w360_summary@c60eee5+dirty
bgn_gam,g0235r,0,500,500,485,var-bgn_gam-g0235r-v2,1c6ebd86233c30b3,0.055068195037077036,0.051262670533428235,0.05215471972088433,0.0008920491874560912,0.052709407113000394,0.05393509662486522,0.0012256895118648234,360,125,bgn_gam_oracle_g0235r_s000@c60eee5+dirty,360,0.057137023977482986,-0.0117529150502421,0.0087020977995679,-0.02045501284981,-1.7286377981588676,10.250967157601764,14.084988931354973,-235.05841144218914,-0.0108054941612452,-0.0009474208889968996,,,,0.0087020977995679,-0.02045501284981,0.0478017039805812,linlev,rff_lev,linlev,bgn_gam_estimators_g0235r_s000_w360_summary@c60eee5+dirty
bgn_gam,g0235r,1,500,500,485,var-bgn_gam-g0235r-v2,1c6ebd86233c30b3,0.07471793128885075,0.06299326364600666,0.06889251301840604,0.005899249372399384,0.04707480312023193,0.05145392362130451,0.0043791205010725864,360,125,bgn_gam_oracle_g0235r_s001@c60eee5+dirty,360,0.054533521041404395,0.045616560010978,0.0252117617002181,0.020404798310759895,34.43323570541599,23.398798713650983,17.369355434748154,80.93364737214449,0.0194255639837268,0.026190996027251195,30.368484422595444,22.543080369460917,134.8274678109317,0.045610776141845,5.783869132996999e-06,0.0456093859041298,linrank_m,rff_lev_ens,linlev,bgn_gam_estimators_g0235r_s001_w360_summary@c60eee5+dirty
bgn_gam,g0235r,2,500,500,485,var-bgn_gam-g0235r-v2,1c6ebd86233c30b3,0.07667542878688578,0.06503117413445926,0.07014224557566487,0.0051110714412056085,0.04615937014681885,0.05053497918106308,0.004375609034244235,360,125,bgn_gam_oracle_g0235r_s002@c60eee5+dirty,360,0.05394449243526558,0.0454755659306204,0.0186885693650686,0.026786996565551804,67.04280396967485,27.34865008318333,23.413290492009654,143.3335855853163,0.0186885693650686,0.026786996565551804,27.34865008318333,23.413290492009654,143.3335855853163,0.0456813864681538,-0.0002058205375333952,0.0448242914345672,linrank_m,rff_ens,fm,bgn_gam_estimators_g0235r_s002_w360_summary@c60eee5+dirty
bgn_gam,g0235r,3,500,500,485,var-bgn_gam-g0235r-v2,1c6ebd86233c30b3,0.05430411960685578,0.05071892555468171,0.05172880714563973,0.0010098815909580228,0.049942330028358746,0.05196941650284554,0.0020270864744867945,360,125,bgn_gam_oracle_g0235r_s003@c60eee5+dirty,360,0.05430981459043773,0.0473303235318354,0.0339269210152452,0.013403402516590203,211.4821265510552,2.976637905055482,5.974861301371601,39.50668706590654,0.0002251907010035,0.047105132830831904,448.45616913032603,900.1643786593519,20917.885428181948,0.0476573131834778,-0.0003269896516423995,0.0466601146964175,linrank_m,rff_ens,ff,bgn_gam_estimators_g0235r_s003_w360_summary@c60eee5+dirty
bgn_gam,g0235r,4,500,500,485,var-bgn_gam-g0235r-v2,1c6ebd86233c30b3,0.07449043634783671,0.06103533506050778,0.06904887513284103,0.008013540072333243,0.04617551941227768,0.05119883325271173,0.00502331384043405,360,125,bgn_gam_oracle_g0235r_s004@c60eee5+dirty,360,0.05424950784183559,0.0468329580885732,0.0131029034739147,0.0337300546146585,42.58021539154983,61.15850649656866,38.33741010482508,257.42427761761655,0.0131029034739147,0.0337300546146585,61.15850649656866,38.33741010482508,257.42427761761655,0.0460975431485183,0.0007354149400548987,0.0459735111214298,linrank_m,rff_lev_ens,fm,bgn_gam_estimators_g0235r_s004_w360_summary@c60eee5+dirty
bgn_gam,g0235r,5,500,500,485,var-bgn_gam-g0235r-v2,1c6ebd86233c30b3,0.05460738146271324,0.05154054922704692,0.05202642996093237,0.0004858807338854465,0.051666207530764355,0.05205924783660386,0.0003930403058395038,360,125,bgn_gam_oracle_g0235r_s005@c60eee5+dirty,360,0.054449927390357776,0.0478283542244886,0.0397456236449448,0.008082730579543798,12.173819553131796,1.222476059819595,0.9888895173733023,20.336152356667903,0.0355386396816729,0.012289714542815695,1.3671900169437625,1.1059520267518643,34.58127450261817,0.047909695780892,-8.134155640340118e-05,0.0467203743993516,linrank_m,rff_ens,linrank,bgn_gam_estimators_g0235r_s005_w360_summary@c60eee5+dirty
bgn_gam,g0235r,6,500,500,485,var-bgn_gam-g0235r-v2,1c6ebd86233c30b3,0.06337912397846558,0.05558707514587155,0.05905031312336648,0.0034632379774949262,0.048900059945814645,0.050996536051888405,0.0020964761060737608,360,125,bgn_gam_oracle_g0235r_s006@c60eee5+dirty,360,0.05427322309946604,-0.0137542366141944,0.0287984563612577,-0.0425526929754521,-6.3452968471681315,12.025776430690877,7.279821111850047,-147.76032590655743,-0.0124739469044008,-0.0012802897097935993,,,,0.0287984563612577,-0.0425526929754521,0.0449225554785185,linlev,rff,linlev,bgn_gam_estimators_g0235r_s006_w360_summary@c60eee5+dirty
bgn_gam,g0235r,7,500,500,485,var-bgn_gam-g0235r-v2,1c6ebd86233c30b3,0.05718405201782558,0.052633132412830484,0.05405175844093792,0.0014186260281074392,0.05548606742967826,0.058696366331644295,0.003210298901966037,360,125,bgn_gam_oracle_g0235r_s007@c60eee5+dirty,360,0.06247061219291093,0.0533622405346526,0.0027609226975339,0.0506013178371187,13.649867211448976,51.38231611390564,116.2763051944021,1832.7683669780613,0.0027609226975339,0.0506013178371187,51.38231611390564,116.2763051944021,1832.7683669780613,0.0530809707065248,0.00028126982812779616,0.0529406932747212,linrank_m,rff_ens,fm,bgn_gam_estimators_g0235r_s007_w360_summary@c60eee5+dirty
bgn_gam,g0235r,8,500,500,485,var-bgn_gam-g0235r-v2,1c6ebd86233c30b3,0.08900366518263181,0.06992627061146063,0.08048268797902222,0.01055641736756159,0.0450403948665322,0.05069004835964063,0.0056496534931084336,360,125,bgn_gam_oracle_g0235r_s008@c60eee5+dirty,360,0.054285867057873666,0.0451141796782185,0.0371138755855045,0.008000304092714003,22.56312465592519,28.443317225767153,15.222483246441147,21.556099885829948,0.0371138755855045,0.008000304092714003,28.443317225767153,15.222483246441147,21.556099885829948,0.0450499834377185,6.419624049999739e-05,0.0450415292386427,linrank_m,rff_lev_ens,fm,bgn_gam_estimators_g0235r_s008_w360_summary@c60eee5+dirty
bgn_gam,g0235r,9,500,500,485,var-bgn_gam-g0235r-v2,1c6ebd86233c30b3,0.06619410196192739,0.05860444479425328,0.06129473348154784,0.0026902886872945606,0.04965186242205911,0.051253719012465594,0.0016018565904064863,360,125,bgn_gam_oracle_g0235r_s009@c60eee5+dirty,360,0.054461816910300956,0.0463711335046989,0.0216499816419694,0.024721151862729503,43.5844987043692,12.426286228711266,7.398881980117802,114.18555577343545,0.017295872348892,0.029075261155806904,15.554512851541165,9.261496373781366,168.10520203492084,0.0461547354652175,0.00021639803948140385,0.0457099359919768,linrank_m,rff_ens,linrank,bgn_gam_estimators_g0235r_s009_w360_summary@c60eee5+dirty
bgn_gam,g0235s,0,500,500,485,var-bgn_gam-g0235s-v2,7033b55806742c5f,0.09942023969433068,0.07847402956412626,0.0872673560610399,0.00879332649691364,0.1849510812849288,0.2053890909943938,0.02043800970946502,360,125,bgn_gam_oracle_g0235s_s000@c60eee5+dirty,360,0.24283355684667224,0.1002611212749567,0.1790772131872905,-0.0788160919123338,5.13780699158019,4.910354779598347,11.412959441182297,-44.012351158213995,0.0841188713780824,0.01614224989687431,10.45345277802287,24.296580986689566,19.189807985322368,0.1825278449047499,-0.0822667236297932,0.1825210641020604,linlev_m,rff_ens,linlev,bgn_gam_estimators_g0235s_s000_w360_summary@c60eee5+dirty
bgn_gam,g0235s,1,500,500,485,var-bgn_gam-g0235s-v2,7033b55806742c5f,0.10663026890125933,0.08184547527838337,0.09418864969857497,0.012343174420191602,0.04232875333722019,0.046584258660972655,0.004255505323752462,360,125,bgn_gam_oracle_g0235s_s001@c60eee5+dirty,360,0.04935987880087958,0.0423301672449378,0.0131771263307675,0.0291530409141703,119.2423324707933,93.67121563805085,32.29463858000822,221.23974668209988,0.0006875305726168,0.041642636672321,1795.2909894919187,618.955068071467,6056.841445439374,0.0423314391953243,-1.2719503864958015e-06,0.0423314163896849,linlev_m,rff_lev_ens,linrank,bgn_gam_estimators_g0235s_s001_w360_summary@c60eee5+dirty
bgn_gam,g0235s,2,500,500,485,var-bgn_gam-g0235s-v2,7033b55806742c5f,0.2654747988223813,0.1524156688901966,0.19709704059042432,0.044681371700227734,0.044335680990006704,0.044332177950769824,-3.503039236879557e-06,360,125,bgn_gam_oracle_g0235s_s002@c60eee5+dirty,360,0.0519351379998165,0.0443430719090043,0.0150248009758498,0.0293182709331545,212.1011402355323,297.3841169147371,-0.023315045853254144,195.13250778016553,-0.0069080484468154,0.0512511203558197,,,,0.0443571619228411,-1.4090013836801085e-05,0.0443449748109651,linlev_m,rff_lev_ens,ff,bgn_gam_estimators_g0235s_s002_w360_summary@c60eee5+dirty
bgn_gam,g0235s,3,500,500,485,var-bgn_gam-g0235s-v2,7033b55806742c5f,0.04922009155328684,0.046681348892825394,0.04719110189083751,0.0005097529980121127,0.046506245959832715,0.04739437686483774,0.0008881309050050232,360,125,bgn_gam_oracle_g0235s_s003@c60eee5+dirty,360,0.049147619780944604,0.0440857143754986,0.0245886802226223,0.019497034152876302,24.10240175338983,2.0731206123992174,3.6119502834801067,79.29272322203964,0.0219031672873847,0.022182547088113902,2.3273026741922793,4.054805834024512,101.27552238022722,0.0434832210322136,0.0006024933432850002,0.0424067098472768,linrank_m,rff_lev_ens,linrank,bgn_gam_estimators_g0235s_s003_w360_summary@c60eee5+dirty
bgn_gam,g0235s,4,500,500,485,var-bgn_gam-g0235s-v2,7033b55806742c5f,0.05001274293440321,0.04718031079165907,0.04779268998915623,0.0006123791974971607,0.046923496198264136,0.047471754761321025,0.0005482585630568887,360,125,bgn_gam_oracle_g0235s_s004@c60eee5+dirty,360,0.04964493954113164,0.0424458119761279,0.0259078785061086,0.0165379334700193,42.379430170481626,2.363679439645253,2.116184707781532,63.83360747241407,0.0259078785061086,0.0165379334700193,2.363679439645253,2.116184707781532,63.83360747241407,0.0422538274641136,0.00019198451201429823,0.0422335872701771,linlev_m,rff_lev_ens,fm,bgn_gam_estimators_g0235s_s004_w360_summary@c60eee5+dirty
bgn_gam,g0235s,5,500,500,485,var-bgn_gam-g0235s-v2,7033b55806742c5f,0.10386355748600115,0.0707993657737682,0.08819824105636467,0.017398875282596468,0.042576688391585744,0.04640164983044672,0.003824961438860977,360,125,bgn_gam_oracle_g0235s_s005@c60eee5+dirty,360,0.04893361356640901,0.0434576161749499,0.0380703813272693,0.005387234847680597,20.819473696709345,45.70186763570421,10.047079397445406,14.150724683763,0.0380703813272693,0.005387234847680597,45.70186763570421,10.047079397445406,14.150724683763,0.0426568847204505,0.0008007314544994024,0.0425807633433272,linrank_m,rff_ens,fm,bgn_gam_estimators_g0235s_s005_w360_summary@c60eee5+dirty
bgn_gam,g0235s,6,500,500,485,var-bgn_gam-g0235s-v2,7033b55806742c5f,0.17928477932041195,0.11182244229246877,0.1363028997199715,0.02448045742750274,0.04226359320969321,0.04471201695392084,0.002448423744227629,360,125,bgn_gam_oracle_g0235s_s006@c60eee5+dirty,360,0.05016931495631629,0.0422568928419269,0.0094033686710975,0.0328535241708294,80.0524970427536,260.33710134908006,26.037729986628985,349.3803690990981,-0.0067968676671384,0.0490537605090653,,,,0.0422700845852397,-1.3191743312802873e-05,0.0422700845852397,mkt_est,rff_lev_ens,linrank,bgn_gam_estimators_g0235s_s006_w360_summary@c60eee5+dirty
bgn_gam,g0235s,7,500,500,485,var-bgn_gam-g0235s-v2,7033b55806742c5f,0.06680658729582364,0.055746165767396674,0.061844957555542264,0.00609879178814559,0.05015846062589306,0.05498249258866959,0.004824031962776532,360,125,bgn_gam_oracle_g0235s_s007@c60eee5+dirty,360,0.05847941295610725,0.050935676643185,0.0223997628409869,0.0285359138021981,51.76098161764936,27.227037319279432,21.53608498903193,127.39382110770978,0.0129032975364231,0.038032379106761896,47.26537360647599,37.38603987980109,294.74929954459367,0.0502129839519857,0.0007226926911992962,0.0497564330768342,linrank_m,rff_ens,linlev,bgn_gam_estimators_g0235s_s007_w360_summary@c60eee5+dirty
bgn_gam,g0235s,8,500,500,485,var-bgn_gam-g0235s-v2,7033b55806742c5f,0.14698375822009982,0.09492364220387003,0.11669754104158069,0.02177389883771065,0.042058217690888536,0.04525241341769233,0.0031941957268037946,360,125,bgn_gam_oracle_g0235s_s008@c60eee5+dirty,360,0.04979567712653353,0.0420606723598598,0.0337186416905156,0.008342030669344205,31.525311901783503,64.5752549511365,9.47308541109549,24.740114818120496,0.0261393300014118,0.015921342358448002,83.29937621405992,12.219883702571085,60.90952735815372,0.0420694949165652,-8.822556705395668e-06,0.0420637126835007,linlev_m,rff_lev_ens,ff,bgn_gam_estimators_g0235s_s008_w360_summary@c60eee5+dirty
bgn_gam,g0235s,9,500,500,485,var-bgn_gam-g0235s-v2,7033b55806742c5f,0.1724331950878715,0.09640262093923065,0.12466418548322536,0.028261564543994713,0.04243818924638097,0.04412586059362373,0.001687671347242757,360,125,bgn_gam_oracle_g0235s_s009@c60eee5+dirty,360,0.049819381526441886,0.0424410234518757,0.0358458056287743,0.0065952178231014,43.17763099701482,78.84204036778146,4.708141768999669,18.398855061043065,0.0269266746051784,0.015514348846697296,104.95750016810317,6.26765603992627,57.61702502883017,0.0424458119552889,-4.7885034131986415e-06,0.0424458119552889,mkt_est,rff_lev_ens,ff,bgn_gam_estimators_g0235s_s009_w360_summary@c60eee5+dirty
gs_bx,bx7,0,500,500,485,var-gs_bx-bx7-v4,"63fa7ebbc2db49ea,649bb384300faadf,a3bb50b66287307c,645262a8e72d944c,0818d7153d5708cc",0.2615727048544276,0.2533520610098883,0.2597827743469669,0.00643071333707862,0.2802874685405848,0.285371372408594,0.005083903868009221,360,125,gs_bx_oracle_bx7_s000@c60eee5+dirty,360,0.28723419721623444,0.2757181380849644,0.2324242205679841,0.043293917516980335,26.15337223597789,2.766800001034159,2.1873382453797143,18.62711098317607,0.2053054791751404,0.07041265890982404,3.132265813321405,2.476263121878147,34.29653177924051,0.2766192154436391,-0.0009010773586746734,0.2723150253899529,linrank_m,rff_ens,linlev,gs_bx_estimators_bx7_s000_w360_summary@c60eee5+dirty
gs_bx,bx7,1,500,500,485,var-gs_bx-bx7-v4,"63fa7ebbc2db49ea,649bb384300faadf,a3bb50b66287307c,645262a8e72d944c,0818d7153d5708cc",0.2832652164474106,0.2756503722942703,0.28107962966407646,0.005429257369806151,0.40043030234754723,0.4138828370002843,0.013452534652737047,360,125,gs_bx_oracle_bx7_s001@c60eee5+dirty,360,0.4161452255148728,0.3855596597154166,0.3757822739703913,0.009777385745025291,10.239322543663029,1.4447880450672703,3.579874726554292,2.601875187384616,0.3757822739703913,0.009777385745025291,1.4447880450672703,3.579874726554292,2.601875187384616,0.3856994569168716,-0.00013979720145496088,0.3856994569168716,mkt_est,rff_ens,fm,gs_bx_estimators_bx7_s001_w360_summary@c60eee5+dirty
gs_bx,bx7,2,500,500,485,var-gs_bx-bx7-v4,"63fa7ebbc2db49ea,649bb384300faadf,a3bb50b66287307c,645262a8e72d944c,0818d7153d5708cc",0.2910153890142956,0.2844933302943452,0.2890777196436961,0.004584389349350904,0.31587661543849394,0.3200967417297027,0.00422012629120877,360,125,gs_bx_oracle_bx7_s002@c60eee5+dirty,360,0.3222238740143059,0.3063755126207563,0.2947528502939001,0.011622662326856215,15.185255233171429,1.5553333393654303,1.4317507996956953,3.94318912107794,0.2890594334824795,0.01731607913827682,1.5859677347734003,1.459951069704342,5.990490927647371,0.3066792999491146,-0.0003037873283582848,0.3066792999491146,mkt_est,rff_lev_ens,linrank,gs_bx_estimators_bx7_s002_w360_summary@c60eee5+dirty
gs_bx,bx7,3,500,500,485,var-gs_bx-bx7-v4,"63fa7ebbc2db49ea,649bb384300faadf,a3bb50b66287307c,645262a8e72d944c,0818d7153d5708cc",0.3032686935805011,0.29291420680283126,0.3006121760839745,0.0076979692811432465,0.4070488623343043,0.4135026708355751,0.006453808501270808,360,125,gs_bx_oracle_bx7_s003@c60eee5+dirty,360,0.41821233979860883,0.3955977562501295,0.3624385838517534,0.03315917239837607,20.63333165336407,2.1239375784262284,1.780662652602842,9.148907946274013,0.3205141675202313,0.07508358872989818,2.4017563219439713,2.013579789998966,23.425981232220817,0.4018814238745273,-0.006283667624397804,0.3925186382138861,linrank_m,rff_ens,linlev,gs_bx_estimators_bx7_s003_w360_summary@c60eee5+dirty
gs_bx,bx7,4,500,500,485,var-gs_bx-bx7-v4,"63fa7ebbc2db49ea,649bb384300faadf,a3bb50b66287307c,645262a8e72d944c,0818d7153d5708cc",0.3485229949649591,0.33530189899567575,0.3463219667720455,0.011020067776369769,0.3359696504896037,0.3442702440081555,0.00830059351855178,360,125,gs_bx_oracle_bx7_s004@c60eee5+dirty,360,0.3465031296292568,0.329761529677854,0.3126048744108993,0.0171566552669547,18.923397190999207,3.5252386250012813,2.6552988126606034,5.488287826377066,0.2992715853746339,0.030489944303220107,3.6822967214126385,2.773598939625671,10.18805185432229,0.3309463520931908,-0.0011848224153367948,0.3218056105618497,linrank_m,rff_ens,ff,gs_bx_estimators_bx7_s004_w360_summary@c60eee5+dirty
gs_bx,bx7,5,500,500,485,var-gs_bx-bx7-v4,"63fa7ebbc2db49ea,649bb384300faadf,a3bb50b66287307c,645262a8e72d944c,0818d7153d5708cc",0.2819635883868144,0.2750552999806507,0.2791115805536949,0.004056280573044191,0.18866674196225408,0.18957746080952045,0.000910718847266373,360,125,gs_bx_oracle_bx7_s005@c60eee5+dirty,360,0.19082211870303276,0.184025289180226,0.1722059792715987,0.011819309908627312,38.35757991400145,2.355481842269096,0.5288543702829339,6.8634724291345375,0.1712575831965793,0.01276770598364671,2.3685261098121178,0.5317830780205496,7.455264605124787,0.1840651078590826,-3.981867885657908e-05,0.1840651078590826,mkt_est,rff_lev_ens,linlev,gs_bx_estimators_bx7_s005_w360_summary@c60eee5+dirty
gs_bx,bx7,6,500,500,485,var-gs_bx-bx7-v4,"63fa7ebbc2db49ea,649bb384300faadf,a3bb50b66287307c,645262a8e72d944c,0818d7153d5708cc",0.27751297822164805,0.26719498777592754,0.2755375351412182,0.008342547365290665,0.2840577190986918,0.2887969164102324,0.004739197311540599,360,125,gs_bx_oracle_bx7_s006@c60eee5+dirty,360,0.2910740352440696,0.2773527126145504,0.2419756009289597,0.03537711168559071,16.91363414502265,3.447681226232354,1.958543461963322,14.620115230533878,0.2402636900771875,0.0370890225373629,3.472246415016153,1.97249834547121,15.436798846071008,0.2784406897976558,-0.001087977183105382,0.275730252173842,linrank_m,rff_ens,linlev,gs_bx_estimators_bx7_s006_w360_summary@c60eee5+dirty
gs_bx,bx7,7,500,500,485,var-gs_bx-bx7-v4,"63fa7ebbc2db49ea,649bb384300faadf,a3bb50b66287307c,645262a8e72d944c,0818d7153d5708cc",0.36574854231007015,0.3566575470118049,0.3630636143867344,0.006406067374929492,0.32929385307088177,0.3356410844389721,0.006347231368090345,360,125,gs_bx_oracle_bx7_s007@c60eee5+dirty,360,0.337786589854125,0.3223871382759211,0.3177305880011026,0.004656550274818483,9.52357714872414,2.016194731275687,1.9976771541014862,1.4655656240444572,0.3138925911906071,0.008494547085313997,2.0408469504269036,2.022102956943024,2.7061954705887903,0.3254454689980501,-0.0030583307221290212,0.3179792653515968,linrank_m,rff_ens,linrank,gs_bx_estimators_bx7_s007_w360_summary@c60eee5+dirty
gs_bx,bx7,8,500,500,485,var-gs_bx-bx7-v4,"63fa7ebbc2db49ea,649bb384300faadf,a3bb50b66287307c,645262a8e72d944c,0818d7153d5708cc",0.3041998143948121,0.29508870584240715,0.3021828822767498,0.007094176434342625,0.2845695854213096,0.29028083916058667,0.005711253739277056,360,125,gs_bx_oracle_bx7_s008@c60eee5+dirty,360,0.2922435773614257,0.2796468367577305,0.2732663595010925,0.006380477256637984,19.19435798521689,2.5960665071597524,2.0899951789544087,2.3348930575600084,0.2698400220605507,0.009806814697179811,2.6290304826430564,2.116533231677353,3.6343069579868374,0.2816662569922433,-0.002019420234512792,0.2746916041639267,linrank_m,rff_ens,linrank,gs_bx_estimators_bx7_s008_w360_summary@c60eee5+dirty
gs_bx,bx7,9,500,500,485,var-gs_bx-bx7-v4,"63fa7ebbc2db49ea,649bb384300faadf,a3bb50b66287307c,645262a8e72d944c,0818d7153d5708cc",0.3265423887310087,0.31153943925894956,0.3242344875260672,0.012695048267117648,0.3468987539623142,0.36517731587382524,0.01827856191151106,360,125,gs_bx_oracle_bx7_s009@c60eee5+dirty,360,0.36786734642197944,0.3342578439410844,0.3371281034721328,-0.0028702595310484136,-3.703182902197923,3.7656452061900048,5.421844611368027,-0.8513854233708733,0.3371281034721328,-0.0028702595310484136,3.7656452061900048,5.421844611368027,-0.8513854233708733,0.3371281034721328,-0.0028702595310484136,0.3298091476160749,fm,rff_ens,fm,gs_bx_estimators_bx7_s009_w360_summary@c60eee5+dirty
gs_bx,g28,0,500,500,485,var-gs_bx-g28-v3,8b584c38614695ac,0.25331564073758367,0.25170861830506663,0.25146816424605706,-0.00024045405900957606,0.3395092786048814,0.34005442130512825,0.000545142700246859,360,125,gs_bx_oracle_g28_s000@c60eee5+dirty,360,0.3420136876809308,0.3250342320050987,0.2595019679176674,0.06553226408743129,38.58458088878399,-0.0926598210175675,0.21007266519836845,25.25308945180054,0.2595019679176674,0.06553226408743129,-0.0926598210175675,0.21007266519836845,25.25308945180054,0.3254614172324766,-0.0004271852273779464,0.3215214393359695,linrank_m,rff_ens,fm,gs_bx_estimators_g28_s000_w360_summary@c60eee5+dirty
gs_bx,g28,1,500,500,485,var-gs_bx-g28-v3,8b584c38614695ac,0.3150932860746709,0.3129808435898577,0.31387747949963063,0.0008966359097729026,0.3172527462942249,0.3180172208309748,0.0007644745367498818,360,125,gs_bx_oracle_g28_s001@c60eee5+dirty,360,0.31876598154424834,0.3091910465029651,0.3066495159384282,0.0025415305645368758,7.398393473327654,0.29239762763980265,0.249299117401307,0.828806318757466,0.3034744628277803,0.005716583675184794,0.29545679113096823,0.25190736961077215,1.8837116052262088,0.3134880020972344,-0.004296955594269292,0.3079068868572709,linrank_m,rff_ens,linrank,gs_bx_estimators_g28_s001_w360_summary@c60eee5+dirty
gs_bx,g28,2,500,500,485,var-gs_bx-g28-v3,8b584c38614695ac,0.33399977659963953,0.33119726694745916,0.3324475194586788,0.0012502525112196294,0.3533679099496302,0.3549762655835127,0.0016083556338825078,360,125,gs_bx_oracle_g28_s002@c60eee5+dirty,360,0.356480775763479,0.3428246550951264,0.3265826307174757,0.01624202437765071,43.571863714450075,0.3828288444100428,0.49248045750292363,4.973327681869759,0.2922180743439502,0.05060658075117619,0.42784913767792526,0.5503956719629262,17.318087139131098,0.3465247921441999,-0.0037001370490735153,0.331015575461357,linrank_m,rff_ens,linrank,gs_bx_estimators_g28_s002_w360_summary@c60eee5+dirty
gs_bx,g28,3,500,500,485,var-gs_bx-g28-v3,8b584c38614695ac,0.27838871112897173,0.2768189301505509,0.27704340524821547,0.00022447509766454488,0.3458498546161788,0.346460407537482,0.0006105529213031868,360,125,gs_bx_oracle_g28_s003@c60eee5+dirty,360,0.3489850940136703,0.3307190350056492,0.2653043648494285,0.06541467015622071,43.66802945794892,0.08461040503119654,0.2301330103067477,24.656462095279256,0.2045746939315322,0.126144341074117,0.10972769571375873,0.2984498764580965,61.66175231641088,0.3336432993085414,-0.002924264302892221,0.3246405293013102,linrank_m,rff_ens,linlev,gs_bx_estimators_g28_s003_w360_summary@c60eee5+dirty
gs_bx,g28,4,500,500,485,var-gs_bx-g28-v3,8b584c38614695ac,0.22934899361669894,0.22866543451828664,0.22862851701653517,-3.691750175147113e-05,0.2620926380061817,0.2620147728776314,-7.786512855029182e-05,360,125,gs_bx_oracle_g28_s004@c60eee5+dirty,360,0.2628720864868829,0.2562068702725131,0.2198197813550738,0.0363870889174393,22.275532461248545,-0.016794440210928276,-0.03542225730109187,16.553145805683165,0.2198197813550738,0.0363870889174393,-0.016794440210928276,-0.03542225730109187,16.553145805683165,0.2562286651021041,-2.179482959102641e-05,0.2562286651021041,mkt_est,rff_lev_ens,fm,gs_bx_estimators_g28_s004_w360_summary@c60eee5+dirty
gs_bx,g28,5,500,500,485,var-gs_bx-g28-v3,8b584c38614695ac,0.3187406499757881,0.31630857996872086,0.3169775927217954,0.000669012753074516,0.34686355198248087,0.3476468932914916,0.0007833413090107544,360,125,gs_bx_oracle_g28_s005@c60eee5+dirty,360,0.3491475994535774,0.3393426103965059,0.3148540976669344,0.024488512729571477,28.21616989225441,0.2124834194733032,0.24879501801479015,7.777733531509072,0.3148540976669344,0.024488512729571477,0.2124834194733032,0.24879501801479015,7.777733531509072,0.3414537396890517,-0.0021111292925458103,0.3293947852847716,linrank_m,rff_ens,fm,gs_bx_estimators_g28_s005_w360_summary@c60eee5+dirty
gs_bx,g28,6,500,500,485,var-gs_bx-g28-v3,8b584c38614695ac,0.21556641809042099,0.21435119468743882,0.21423695564408857,-0.00011423904335025603,0.3345885826136907,0.335099695902735,0.000511113289044296,360,125,gs_bx_oracle_g28_s006@c60eee5+dirty,360,0.33724071157573865,0.3192111698854273,0.2433301896317591,0.07588098025366821,41.15325628543595,-0.04694815860010562,0.21004927083556024,31.184367368677847,0.2060944063942831,0.11311676349114422,-0.05543044343071746,0.24799959299549137,54.88589693925919,0.3249880964282541,-0.005776926542826799,0.314708448308735,linrank_m,rff_ens,linlev,gs_bx_estimators_g28_s006_w360_summary@c60eee5+dirty
gs_bx,g28,7,500,500,485,var-gs_bx-g28-v3,8b584c38614695ac,0.33758662667275363,0.3350601989702635,0.33602542898590104,0.0009652300156375304,0.34530738734321453,0.34620614474298805,0.0008987573997735199,360,125,gs_bx_oracle_g28_s007@c60eee5+dirty,360,0.347758478551993,0.3351524960372347,0.3166255756856673,0.01852692035156739,23.47596423106505,0.3048490361359092,0.28385495954558293,5.851365705832982,0.3054114134281971,0.029741082609037572,0.3160425489024686,0.2942776072724668,9.738039019301343,0.3365278140033173,-0.0013753179660826453,0.3281083474912183,linrank_m,rff_ens,linrank,gs_bx_estimators_g28_s007_w360_summary@c60eee5+dirty
gs_bx,g28,8,500,500,485,var-gs_bx-g28-v3,8b584c38614695ac,0.29796616600407555,0.29628752121391466,0.29624210519906924,-4.5416014845423014e-05,0.3134405848833451,0.3137916022588021,0.00035101737545700784,360,125,gs_bx_oracle_g28_s008@c60eee5+dirty,360,0.3149987478794467,0.3077281357463747,0.2899782670984199,0.017749868647954803,14.939637675624784,-0.01566186849099578,0.12104954587437099,6.121103083194307,0.286590693090154,0.021137442656220695,-0.015846995712151864,0.12248038192454033,7.375481188278297,0.3102903944419762,-0.0025622586956015048,0.3025209182212125,linrank_m,rff_ens,ff,gs_bx_estimators_g28_s008_w360_summary@c60eee5+dirty
gs_bx,g28,9,500,500,485,var-gs_bx-g28-v3,8b584c38614695ac,0.20971193600158233,0.2088821369351901,0.20873461484292705,-0.00014752209226304158,0.16488767447582547,0.16474191167114763,-0.00014576280467784586,360,125,gs_bx_oracle_g28_s009@c60eee5+dirty,360,0.1653281578977162,0.1630079269444335,0.1515907515999413,0.011417175344492214,12.450783903849418,-0.09731602403579528,-0.09615547329861139,7.531577767107421,0.1515907515999413,0.011417175344492214,-0.09731602403579528,-0.09615547329861139,7.531577767107421,0.1642999787955165,-0.0012920518510829981,0.1618930774833275,linrank_m,rff_lev_ens,fm,gs_bx_estimators_g28_s009_w360_summary@c60eee5+dirty
gs_bx,gsbase,0,500,500,485,var-gs_bx-gsbase-v2,c6ae2d52428a7ce5,0.30224197236609335,0.3005610556570589,0.30180861980973855,0.001247564152679681,0.2838237452555241,0.284979187241702,0.0011554419861778964,360,125,gs_bx_oracle_gsbase_s000@c60eee5+dirty,360,0.28543336768938365,0.2724432113709367,0.2606209587978566,0.011822252573080116,14.76619601301805,0.47868911174074824,0.44334192902501096,4.536186432438735,0.2606209587978566,0.011822252573080116,0.47868911174074824,0.44334192902501096,4.536186432438735,0.2721648188381515,0.0002783925327851655,0.2711512918192745,linrank_m,rff_ens,fm,gs_bx_estimators_gsbase_s000_w360_summary@c60eee5+dirty
gs_bx,gsbase,1,500,500,485,var-gs_bx-gsbase-v2,c6ae2d52428a7ce5,0.28816443747175385,0.28647295144257906,0.2877209176733846,0.0012479662308055306,0.29916152483382147,0.30028519927501807,0.0011236744411965982,360,125,gs_bx_oracle_gsbase_s001@c60eee5+dirty,360,0.30071048305516385,0.2931010202074028,0.279833666097089,0.013267354110313823,17.66219124485346,0.44596715191964986,0.4015508415655522,4.741157236495869,0.2664894107857724,0.026611609421630433,0.468298619118024,0.4216581956796424,9.985991316939488,0.2971301433252195,-0.004029123117816669,0.2872730721230044,linrank_m,rff_ens,ff,gs_bx_estimators_gsbase_s001_w360_summary@c60eee5+dirty
gs_bx,gsbase,2,500,500,485,var-gs_bx-gsbase-v2,c6ae2d52428a7ce5,0.2844661023792767,0.28270914732642055,0.2840175560834691,0.0013084087570485736,0.2789781897937982,0.2801233985993473,0.001145208805549136,360,125,gs_bx_oracle_gsbase_s002@c60eee5+dirty,360,0.28057911726593693,0.2714080973664814,0.2563250006412775,0.015083096725203915,11.245642464159214,0.5104491383108078,0.4467799873925823,5.88436425922903,0.2563250006412775,0.015083096725203915,0.5104491383108078,0.4467799873925823,5.88436425922903,0.2765593926336201,-0.0051512952671387,0.2662666926060799,linlev_m,rff_ens,fm,gs_bx_estimators_gsbase_s002_w360_summary@c60eee5+dirty
gs_bx,gsbase,3,500,500,485,var-gs_bx-gsbase-v2,c6ae2d52428a7ce5,0.29963470110033863,0.2980165193263449,0.299215829264617,0.0011993099382721084,0.27866316227582066,0.2799791095208439,0.0013159472450232634,360,125,gs_bx_oracle_gsbase_s003@c60eee5+dirty,360,0.2804462847940925,0.2707039504240096,0.2533581642444135,0.01734578617959609,27.428516400938417,0.4733654199969414,0.5194019497843279,6.846349803380596,0.2391353176934235,0.03156863273058608,0.5015193698028532,0.5502939748575053,13.201158672454115,0.2731610302411139,-0.002457079817104302,0.2651642507540974,linrank_m,rff_ens,ff,gs_bx_estimators_gsbase_s003_w360_summary@c60eee5+dirty
gs_bx,gsbase,4,500,500,485,var-gs_bx-gsbase-v2,c6ae2d52428a7ce5,0.3109150987853983,0.30945764832406636,0.31053845556476334,0.0010808072406969793,0.30720204158151604,0.3081858498880523,0.0009838083065362713,360,125,gs_bx_oracle_gsbase_s004@c60eee5+dirty,360,0.3085814818426153,0.302463180354922,0.2855974042895211,0.016865776065400906,52.57233374562648,0.37843734728111306,0.34447382635836105,5.905437448690332,0.2855974042895211,0.016865776065400906,0.37843734728111306,0.34447382635836105,5.905437448690332,0.3066797627650243,-0.00421658241010231,0.2953293493344763,linlev_m,rff_ens,fm,gs_bx_estimators_gsbase_s004_w360_summary@c60eee5+dirty
gs_bx,gsbase,5,500,500,485,var-gs_bx-gsbase-v2,c6ae2d52428a7ce5,0.2835057458532241,0.2818028663360906,0.28306745208458783,0.001264585748497249,0.285330237334764,0.28634339970402706,0.0010131623692630765,360,125,gs_bx_oracle_gsbase_s005@c60eee5+dirty,360,0.28676268396345805,0.2782989792457169,0.2545972679088922,0.023701711336824693,42.71064010203807,0.49670043943667996,0.39794707051830475,9.309491626322702,0.2538237791726351,0.024475200073081793,0.4982140572562969,0.3991597527093735,9.642595407278721,0.2814965020047814,-0.003197522759064486,0.2728252634490205,linrank_m,rff_ens,linrank,gs_bx_estimators_gsbase_s005_w360_summary@c60eee5+dirty
gs_bx,gsbase,6,500,500,485,var-gs_bx-gsbase-v2,c6ae2d52428a7ce5,0.30378122080719294,0.3020382396662756,0.30333756685156515,0.0012993271852895782,0.2750420125484922,0.2763215682547262,0.0012795557062340035,360,125,gs_bx_oracle_gsbase_s006@c60eee5+dirty,360,0.2767995189203005,0.2700333458416661,0.2440812569989286,0.025952088842737503,33.76297978074592,0.5323338634294569,0.5242334958311118,10.632561124040516,0.2391180965422349,0.030915249299431208,0.5433830412998796,0.5351145416164679,12.928862242749878,0.2722095579890404,-0.00217621214737429,0.2613395062377376,linlev_m,rff_ens,linrank,gs_bx_estimators_gsbase_s006_w360_summary@c60eee5+dirty
gs_bx,gsbase,7,500,500,485,var-gs_bx-gsbase-v2,c6ae2d52428a7ce5,0.2899188665380206,0.2882142690330332,0.289488742598807,0.0012744735657738149,0.28792258153581946,0.2891694349458439,0.001246853410024451,360,125,gs_bx_oracle_gsbase_s007@c60eee5+dirty,360,0.28963203420770417,0.2816597597001202,0.2675244838365107,0.01413527586360952,28.878898231412492,0.4763951125133915,0.46607076561501826,5.283731664817586,0.2619348895140336,0.019724870186086596,0.4865612092143734,0.47601654454575776,7.53044782338162,0.2842048811928543,-0.002545121492734115,0.2757353550698246,linlev_m,rff_ens,linrank,gs_bx_estimators_gsbase_s007_w360_summary@c60eee5+dirty
gs_bx,gsbase,8,500,500,485,var-gs_bx-gsbase-v2,c6ae2d52428a7ce5,0.3017426528900531,0.29999415558156944,0.30132843267075193,0.0013342770891824896,0.3003184031294363,0.3015519971826296,0.0012335940531932876,360,125,gs_bx_oracle_gsbase_s008@c60eee5+dirty,360,0.3019915560848144,0.2925238802902257,0.2956586347226567,-0.0031347544324309973,-10.85987390054196,0.45128974177740877,0.41723592965599116,-1.0602614178244993,0.2956586347226567,-0.0031347544324309973,0.45128974177740877,0.41723592965599116,-1.0602614178244993,0.2970228786226985,-0.004498998332472803,0.2879008556032335,linlev_m,rff_ens,fm,gs_bx_estimators_gsbase_s008_w360_summary@c60eee5+dirty
gs_bx,gsbase,9,500,500,485,var-gs_bx-gsbase-v2,c6ae2d52428a7ce5,0.3116949908185317,0.31004506595130077,0.3112758009058492,0.0012307349545484514,0.3139014345793113,0.31496014014841023,0.0010587055690989278,360,125,gs_bx_oracle_gsbase_s009@c60eee5+dirty,360,0.3153931072263496,0.301966767989802,0.2912089643006508,0.01075780368915119,26.102792417520515,0.42262948790196325,0.3635552812192608,3.6941869955777147,0.2912089643006508,0.01075780368915119,0.42262948790196325,0.3635552812192608,3.6941869955777147,0.3016915209210344,0.0002752470687675812,0.3016915209210344,mkt_est,rff_ens,fm,gs_bx_estimators_gsbase_s009_w360_summary@c60eee5+dirty
gs_bx,gx7,0,500,500,485,var-gs_bx-gx7-v2,"8b584c38614695ac,a145001bf661632e,bcc4e59f41f4a040,9bc863211011b5d9,89546b0b36dfd2d0",0.3650936670038835,0.35772142474767477,0.3582198461576157,0.0004984214099409412,0.5451553765722738,0.5587803053918416,0.013624928819567894,360,125,gs_bx_oracle_gx7_s000@c60eee5+dirty,360,0.5621754601179739,0.5444783731186126,0.4851771330358464,0.05930124008276616,18.11958660758904,0.10272978176490363,2.808238041705325,12.222595840761686,0.4172058121491746,0.12727256096943795,0.11946655473791132,3.265757192926213,30.50594149535262,0.5446731016164147,-0.0001947284978021102,0.5446731016164147,mkt_est,rff_lev_ens,linlev,gs_bx_estimators_gx7_s000_w360_summary@c60eee5+dirty
gs_bx,gx7,1,500,500,485,var-gs_bx-gx7-v2,"8b584c38614695ac,a145001bf661632e,bcc4e59f41f4a040,9bc863211011b5d9,89546b0b36dfd2d0",0.4730505875706414,0.464673920088238,0.4693746204258622,0.0047007003376242085,0.4139718624061426,0.4158810269600989,0.0019091645539562885,360,125,gs_bx_oracle_gx7_s001@c60eee5+dirty,360,0.416526556560723,0.4116058823608981,0.4023700592761932,0.009235823084704942,18.837401070267845,1.1682530121848786,0.4744797755058131,2.29535544998524,0.3962918035325269,0.015314078828371214,1.186171476604457,0.4817572649593263,3.8643440747101554,0.411698769087138,-9.288672623986027e-05,0.411698769087138,mkt_est,rff_lev_ens,linrank,gs_bx_estimators_gx7_s001_w360_summary@c60eee5+dirty
gs_bx,gx7,2,500,500,485,var-gs_bx-gx7-v2,"8b584c38614695ac,a145001bf661632e,bcc4e59f41f4a040,9bc863211011b5d9,89546b0b36dfd2d0",0.5659584277493618,0.5524173391445141,0.5624651854484102,0.010047846303896102,0.6185053579287957,0.6310036199515302,0.012498262022734519,360,125,gs_bx_oracle_gx7_s002@c60eee5+dirty,360,0.6339984627730166,0.6140136935835965,0.6007225185581937,0.01329117502540278,11.190174811787122,1.6726268773829458,2.0805382912449915,2.2125315124365903,0.6007225185581937,0.01329117502540278,1.6726268773829458,2.0805382912449915,2.2125315124365903,0.6121183282164347,0.0018953653671617277,0.6114968938911917,linrank_m,rff_lev_ens,fm,gs_bx_estimators_gx7_s002_w360_summary@c60eee5+dirty
gs_bx,gx7,3,500,500,485,var-gs_bx-gx7-v2,"8b584c38614695ac,a145001bf661632e,bcc4e59f41f4a040,9bc863211011b5d9,89546b0b36dfd2d0",0.39282881125125924,0.3854489803437012,0.38797716462269266,0.0025281842789914855,0.5849506623132941,0.6009784489870243,0.016027786673730282,360,125,gs_bx_oracle_gx7_s003@c60eee5+dirty,360,0.6050753926836934,0.5846026886123155,0.5736297407112038,0.010972947901111696,28.10948747302085,0.4407345190744408,2.7940996667743447,1.91289731378068,0.4255164770530085,0.15908621155930697,0.5941448605000879,3.7666665189403767,37.386616062693356,0.5843747147492454,0.0002279738630700523,0.5843747147492454,mkt_est,rff_lev_ens,linlev,gs_bx_estimators_gx7_s003_w360_summary@c60eee5+dirty
gs_bx,gx7,4,500,500,485,var-gs_bx-gx7-v2,"8b584c38614695ac,a145001bf661632e,bcc4e59f41f4a040,9bc863211011b5d9,89546b0b36dfd2d0",0.27471786677859517,0.2729595909809756,0.27318220998074677,0.0002226189997711625,0.3186719370969684,0.3198353832145937,0.0011634461176253108,360,125,gs_bx_oracle_gx7_s004@c60eee5+dirty,360,0.320861362098658,0.3185990716963554,0.3045737147718575,0.014025356924497856,19.623065107021706,0.0730919934892991,0.38199163657205154,4.604913767756886,0.2798840674093245,0.038715004287030896,0.07953971865271879,0.4156885843465308,13.832514528385436,0.3185525003881808,4.657130817459221e-05,0.3185525003881808,mkt_est,rff_lev_ens,linlev,gs_bx_estimators_gx7_s004_w360_summary@c60eee5+dirty
gs_bx,gx7,5,500,500,485,var-gs_bx-gx7-v2,"8b584c38614695ac,a145001bf661632e,bcc4e59f41f4a040,9bc863211011b5d9,89546b0b36dfd2d0",0.5431502875605109,0.5236116008554018,0.5382038896809149,0.014592288825513111,0.5483972770724755,0.5611025156380419,0.012705238565566379,360,125,gs_bx_oracle_gx7_s005@c60eee5+dirty,360,0.5633486059408296,0.547881046735175,0.528673197960453,0.019207848774722036,23.449364943518145,2.760171856982369,2.4032310725380834,3.6332178080567017,0.4948446950581083,0.05303635167706672,2.94886233423187,2.5675204144755837,10.717777154474456,0.5480057172617173,-0.00012467052654230315,0.5480057172617173,mkt_est,rff_lev_ens,linlev,gs_bx_estimators_gx7_s005_w360_summary@c60eee5+dirty
gs_bx,gx7,6,500,500,485,var-gs_bx-gx7-v2,"8b584c38614695ac,a145001bf661632e,bcc4e59f41f4a040,9bc863211011b5d9,89546b0b36dfd2d0",0.30350106603079896,0.29675716919281125,0.2961134576810316,-0.0006437115117796655,0.5650023939664104,0.5813546127244055,0.016352218757995085,360,125,gs_bx_oracle_gx7_s006@c60eee5+dirty,360,0.5875174993126668,0.5678244512789723,0.5173369472509444,0.05048750402802793,35.701672033741715,-0.12442790239519093,3.1608449473575146,9.759114305736603,0.2576896884235495,0.3101347628554228,-0.24980103616782462,6.345701629751633,120.3520267934324,0.566676678400261,0.0011477728787112618,0.5644648142102856,linrank_m,rff_lev_ens,linlev,gs_bx_estimators_gx7_s006_w360_summary@c60eee5+dirty
gs_bx,gx7,7,500,500,485,var-gs_bx-gx7-v2,"8b584c38614695ac,a145001bf661632e,bcc4e59f41f4a040,9bc863211011b5d9,89546b0b36dfd2d0",0.5376873749376796,0.5310228681524407,0.5336897957755607,0.002666927623120041,0.5398355916204447,0.5439059934556203,0.004070401835175597,360,125,gs_bx_oracle_gx7_s007@c60eee5+dirty,360,0.546018423494376,0.5327576368374479,0.5131741369774984,0.01958349985994956,13.08284135675408,0.5196925236388092,0.7931814060524401,3.8161509805020155,0.4877691020371615,0.04498853480028642,0.546760262587698,0.8344935786575276,9.223326080391802,0.5328310600532241,-7.34232157761916e-05,0.5328310600532241,mkt_est,rff_lev_ens,linlev,gs_bx_estimators_gx7_s007_w360_summary@c60eee5+dirty
gs_bx,gx7,8,500,500,485,var-gs_bx-gx7-v2,"8b584c38614695ac,a145001bf661632e,bcc4e59f41f4a040,9bc863211011b5d9,89546b0b36dfd2d0",0.4139453810499348,0.407575495933353,0.41031669404103066,0.002741198107677645,0.4177823436074402,0.42197756701438066,0.0041952234069404515,360,125,gs_bx_oracle_gx7_s008@c60eee5+dirty,360,0.4230553923237432,0.4176571415912301,0.387959266585641,0.02969787500558907,17.0644028511854,0.7065685353522887,1.0813566702148527,7.654895130345685,0.3847243452636149,0.0329327963276152,0.712509655659915,1.0904491640802885,8.560101988099946,0.4176039068386784,5.323475255170074e-05,0.4176039068386784,mkt_est,rff_lev_ens,linrank,gs_bx_estimators_gx7_s008_w360_summary@c60eee5+dirty
gs_bx,gx7,9,500,500,485,var-gs_bx-gx7-v2,"8b584c38614695ac,a145001bf661632e,bcc4e59f41f4a040,9bc863211011b5d9,89546b0b36dfd2d0",0.2574331276116587,0.2550811392261475,0.25491599975528534,-0.0001651394708621634,0.19174181539886176,0.19166259133465943,-7.922406420232675e-05,360,125,gs_bx_oracle_gx7_s009@c60eee5+dirty,360,0.19289255022964225,0.1916469664223501,0.1835265787763967,0.008120387645953409,6.301284541925971,-0.08998122885697357,-0.043167624401068895,4.424638491107626,0.1835265787763967,0.008120387645953409,-0.08998122885697357,-0.043167624401068895,4.424638491107626,0.1916822955880463,-3.5329165696207365e-05,0.1916822955880463,mkt_est,rff_ens,fm,gs_bx_estimators_gx7_s009_w360_summary@c60eee5+dirty
kp_vy,kpbase,0,500,500,485,var-kp_vy-kpbase-v2,"7bc1f92a225c01b6,f299747cd77fc4a1",0.22892539129089795,0.21945674080366004,0.22515209210925283,0.0056953513055927885,0.21723119191981582,0.22403440810753916,0.006803216187723338,360,125,kp_vy_oracle_kpbase_s000@c60eee5+dirty,360,0.2278137211056687,0.2041252673085468,0.203701281258453,0.0004239860500938053,0.8263688317393089,2.795932981082537,3.3398003908927425,0.20814108162425274,0.203701281258453,0.0004239860500938053,2.795932981082537,3.3398003908927425,0.20814108162425274,0.203701281258453,0.0004239860500938053,0.0687240309087768,fm,rff_ens,fm,kp_vy_estimators_kpbase_s000_w360_summary@c60eee5+dirty
kp_vy,kpbase,1,500,500,485,var-kp_vy-kpbase-v2,"7bc1f92a225c01b6,f299747cd77fc4a1",0.22770535418953702,0.2203498763321623,0.2241559279225852,0.0038060515904229097,0.22056922067732201,0.2239804876855385,0.0034112670082164787,360,125,kp_vy_oracle_kpbase_s001@c60eee5+dirty,360,0.22768357697870076,0.2048789655690172,0.1998952105429767,0.004983755026040482,6.459374853488516,1.9040234031043095,1.7065276346293796,2.493183809908739,0.197822068916968,0.007056896652049199,1.9239772444299057,1.724411753902085,3.567294938670971,0.1998952105429767,0.004983755026040482,0.0752786067134548,linlev,rff_lev_ens,linlev,kp_vy_estimators_kpbase_s001_w360_summary@c60eee5+dirty
kp_vy,kpbase,2,500,500,485,var-kp_vy-kpbase-v2,"7bc1f92a225c01b6,f299747cd77fc4a1",0.22921568863864508,0.22146474517126125,0.2253520928046983,0.003887347633437066,0.22082877201508982,0.22487481535310117,0.00404604333801134,360,125,kp_vy_oracle_kpbase_s002@c60eee5+dirty,360,0.22859950622172548,0.2153539957163275,0.2079631801483541,0.007390815567973386,21.023078899018905,1.8692480229740476,1.9455575429867085,3.553905822511956,0.1942476392862064,0.021106356430121098,2.0012328838186857,2.0829305070986526,10.865695206222188,0.2142581825472515,0.0010958131690759765,0.0695893004228171,linrank_m,rff_ens,linrank,kp_vy_estimators_kpbase_s002_w360_summary@c60eee5+dirty
kp_vy,kpbase,3,500,500,485,var-kp_vy-kpbase-v2,"7bc1f92a225c01b6,f299747cd77fc4a1",0.22988304765226716,0.22224110491363064,0.22609110242059532,0.0038499975069646863,0.22157630672466397,0.2263336502138298,0.004757343489165844,360,125,kp_vy_oracle_kpbase_s003@c60eee5+dirty,360,0.23030384283220443,0.214671771156714,0.2113851226130202,0.0032866485436937876,14.63987551877696,1.821319049975349,2.2505573856657106,1.554815449198196,0.2047130558775743,0.00995871527913969,1.880680003754681,2.323908198610891,4.8647191731119275,0.2162629537582354,-0.0015911826015214126,0.0915974524390051,linrank_m,rff_ens,ff,kp_vy_estimators_kpbase_s003_w360_summary@c60eee5+dirty
kp_vy,kpbase,4,500,500,485,var-kp_vy-kpbase-v2,"7bc1f92a225c01b6,f299747cd77fc4a1",0.2293984567557808,0.2210346372995275,0.22536704543210398,0.004332408132576487,0.21997470359508295,0.22484442441242436,0.004869720817341411,360,125,kp_vy_oracle_kpbase_s004@c60eee5+dirty,360,0.22889546457566162,0.2021135820078275,0.1937766828246902,0.008336899183137292,15.613245505837591,2.235773710966049,2.5130581999626074,4.302323200918702,0.175129929773695,0.026983652234132516,2.473825084138889,2.7806331125891064,15.407790244078276,0.2071601238494137,-0.005046541841586205,0.0763566100537177,linrank_m,rff_ens,linrank,kp_vy_estimators_kpbase_s004_w360_summary@c60eee5+dirty
kp_vy,kpbase,5,500,500,485,var-kp_vy-kpbase-v2,"7bc1f92a225c01b6,f299747cd77fc4a1",0.2308594975061231,0.2236949290695196,0.22673548348682424,0.003040554417304636,0.22345293209031566,0.2265131107698367,0.0030601786795210473,360,125,kp_vy_oracle_kpbase_s005@c60eee5+dirty,360,0.23074100269726538,0.2209154135820729,0.2147845285458846,0.006130885036188305,20.70235242560111,1.4156300911846544,1.424766811761909,2.854435129799658,0.1990569557684411,0.0218584578136318,1.5274796128408852,1.5373382295069813,10.981006782329827,0.2196456107452814,0.0012698028367914838,0.0953091593823119,linrank_m,rff_ens,linrank,kp_vy_estimators_kpbase_s005_w360_summary@c60eee5+dirty
kp_vy,kpbase,6,500,500,485,var-kp_vy-kpbase-v2,"7bc1f92a225c01b6,f299747cd77fc4a1",0.23031318946897975,0.22261893241882605,0.2262581997877881,0.003639267368962057,0.22088293134998793,0.22578793279087767,0.0049050014408897336,360,125,kp_vy_oracle_kpbase_s006@c60eee5+dirty,360,0.22985182526338235,0.2126112791629466,0.1930013954091392,0.0196098837538074,22.14923915406013,1.8856171279214113,2.5414331489633715,10.160488069133832,0.183017832919548,0.029593446243398575,1.988476921023224,2.6800674899510484,16.169706400363413,0.2123552540683427,0.00025602509460387335,0.0780992597066194,linrank_m,rff_ens,linrank,kp_vy_estimators_kpbase_s006_w360_summary@c60eee5+dirty
kp_vy,kpbase,7,500,500,485,var-kp_vy-kpbase-v2,"7bc1f92a225c01b6,f299747cd77fc4a1",0.2299069144100678,0.22250256746737695,0.22584723177517357,0.0033446643077966187,0.22301779998133703,0.2260745593878207,0.0030567594064836723,360,125,kp_vy_oracle_kpbase_s007@c60eee5+dirty,360,0.23019572136300948,0.2143950186514324,0.1971816093388907,0.0172134093125417,50.51630755174503,1.6962354242926554,1.550225407294502,8.729723512377605,0.1908913047003749,0.023503713951057492,1.7521302570834436,1.6013088764213725,12.312616327888364,0.2106008606908615,0.003794157960570893,0.0900649493639951,linrank_m,rff_ens,linrank,kp_vy_estimators_kpbase_s007_w360_summary@c60eee5+dirty
kp_vy,kpbase,8,500,500,485,var-kp_vy-kpbase-v2,"7bc1f92a225c01b6,f299747cd77fc4a1",0.22897356373752065,0.2202762673220827,0.22495867324332158,0.004682405921238891,0.22048969352977857,0.22452738787318127,0.0040376943434027035,360,125,kp_vy_oracle_kpbase_s008@c60eee5+dirty,360,0.22838835578697442,0.191501719946607,0.2002307058395884,-0.008728985892981406,3.013631282210356,2.3385054263306273,2.0165210557852387,-4.359464177274834,0.1858674547983471,0.005634265148259904,2.51921775456546,2.1723514467787344,3.0313349662923392,0.2069463159467564,-0.015444596000149385,0.0717287463189818,linlev_m,rff_lev_ens,linlev,kp_vy_estimators_kpbase_s008_w360_summary@c60eee5+dirty
kp_vy,kpbase,9,500,500,485,var-kp_vy-kpbase-v2,"7bc1f92a225c01b6,f299747cd77fc4a1",0.22894466744614933,0.2213574408801408,0.22509683408556166,0.0037393932054208545,0.22038133240828237,0.22513893611448554,0.004757603706203178,360,125,kp_vy_oracle_kpbase_s009@c60eee5+dirty,360,0.22905403954601683,0.200399159407143,0.1981052370165407,0.0022939223906023043,3.2049389538622814,1.8875791784891762,2.4015537286406743,1.1579312213794601,0.1953173516796567,0.005081807727486315,1.914521763306466,2.4358325900333755,2.601820925680517,0.2064602552246363,-0.006061095817493284,0.0799716383225451,linrank_m,rff_lev_ens,linrank,kp_vy_estimators_kpbase_s009_w360_summary@c60eee5+dirty
kp_vy,vyg25,0,500,500,485,var-kp_vy-vyg25-v2,"f41d052f1f960c4c,8d1308e8f21723f8",1.4013483004004066,0.7990015631222851,1.2247081895685012,0.42570662644621615,0.8202079023288431,1.2811180112217504,0.4609101088929073,360,125,kp_vy_oracle_vyg25_s000@c60eee5+dirty,360,1.469723194318165,1.040778677524114,0.8270460389724626,0.21373263855165126,39.30166142134008,51.47314736856995,55.729679748608746,25.842894890978094,0.809654498534548,0.23112417898956594,52.57880086095158,56.9267644071813,28.546025422929688,0.8270460389724626,0.21373263855165126,0.4382651692171849,linlev,rff_ens,linlev,kp_vy_estimators_vyg25_s000_w360_summary@c60eee5+dirty
kp_vy,vyg25,1,500,500,485,var-kp_vy-vyg25-v2,"f41d052f1f960c4c,8d1308e8f21723f8",1.443494055050384,0.7776764887163009,1.226999082720612,0.4493225940043112,0.7499818546604896,1.1860306439875874,0.4360487893270978,360,125,kp_vy_oracle_vyg25_s001@c60eee5+dirty,360,1.3899269188500878,0.9326143354913956,0.7558276812198962,0.17678665427149942,49.576638584239895,59.44775577405558,57.69156120655976,23.38980943198164,0.7558276812198962,0.17678665427149942,59.44775577405558,57.69156120655976,23.38980943198164,0.7558276812198962,0.17678665427149942,0.4729080089681666,fm,rff_ens,fm,kp_vy_estimators_vyg25_s001_w360_summary@c60eee5+dirty
kp_vy,vyg25,2,500,500,485,var-kp_vy-vyg25-v2,"f41d052f1f960c4c,8d1308e8f21723f8",1.4322732914809104,0.7760088622496505,1.2453636761701243,0.46935481392047385,0.7910595561037547,1.2658793473650736,0.4748197912613189,360,125,kp_vy_oracle_vyg25_s002@c60eee5+dirty,360,1.4605453240535629,0.9815813147976844,0.7918803602324742,0.1897009545652102,26.125082578409742,59.27092493905067,59.961051581317776,23.955759492446465,0.7918803602324742,0.1897009545652102,59.27092493905067,59.961051581317776,23.955759492446465,0.7918803602324742,0.1897009545652102,0.4576989892112575,fm,rff_ens,fm,kp_vy_estimators_vyg25_s002_w360_summary@c60eee5+dirty
kp_vy,vyg25,3,500,500,485,var-kp_vy-vyg25-v2,"f41d052f1f960c4c,8d1308e8f21723f8",1.3624424599450835,0.7934472626927837,1.2007170063109007,0.4072697436181171,0.7886762180458635,1.149912718443385,0.36123650039752153,360,125,kp_vy_oracle_vyg25_s003@c60eee5+dirty,360,1.2945342987270414,0.955760817148259,0.7994587334351354,0.1563020837131236,43.12830623915929,50.94318525587302,45.18513405255465,19.55098833450986,0.7927707796428543,0.16299003750540475,51.37295093060738,45.56632379415645,20.55954150818125,0.7994587334351354,0.1563020837131236,0.4689295123520851,linlev,rff_ens,linlev,kp_vy_estimators_vyg25_s003_w360_summary@c60eee5+dirty
kp_vy,vyg25,4,500,500,485,var-kp_vy-vyg25-v2,"f41d052f1f960c4c,8d1308e8f21723f8",1.3537466006073287,0.7950065516814585,1.18501360222718,0.3900070505457215,0.8083223558118663,1.2099440879100278,0.40162173209816154,360,125,kp_vy_oracle_vyg25_s004@c60eee5+dirty,360,1.3901758553713472,0.982589159563361,0.8188228281305899,0.16376633143277108,43.675132285396046,47.63021219573537,49.048673082928374,20.000215651859282,0.8188228281305899,0.16376633143277108,47.63021219573537,49.048673082928374,20.000215651859282,0.8188228281305899,0.16376633143277108,0.4685995165642597,fm,rff_ens,fm,kp_vy_estimators_vyg25_s004_w360_summary@c60eee5+dirty
kp_vy,vyg25,5,500,500,485,var-kp_vy-vyg25-v2,"f41d052f1f960c4c,8d1308e8f21723f8",1.241614938323962,0.765608429466843,1.0943445727265617,0.32873614325971867,0.7528262948407263,1.1420825535439008,0.3892562587031745,360,125,kp_vy_oracle_vyg25_s005@c60eee5+dirty,360,1.314282799638775,0.8757925082512072,0.7397516325407633,0.136040875710444,58.35094207216669,44.43871818581002,52.619858014537726,18.39007441500274,0.724465478687331,0.15132702956387623,45.376370983937036,53.73013209800876,20.888093914159683,0.7397516325407633,0.136040875710444,0.5030606552682956,linlev,rff_ens,linlev,kp_vy_estimators_vyg25_s005_w360_summary@c60eee5+dirty
kp_vy,vyg25,6,500,500,485,var-kp_vy-vyg25-v2,"f41d052f1f960c4c,8d1308e8f21723f8",1.3465733910549613,0.8231967471352173,1.188626932062821,0.3654301849276038,0.8487086157076699,1.2276031763882758,0.3788945606806059,360,125,kp_vy_oracle_vyg25_s006@c60eee5+dirty,360,1.3983080302933097,1.0075450585950356,0.8431259267131205,0.16441913188191515,67.49781806757566,43.34230194440978,44.93926099007597,19.50113579390139,0.8253933642677481,0.1821516943272875,44.27345805618356,45.90472580510071,22.068470890710916,0.8431259267131205,0.16441913188191515,0.4788703209966986,linlev,rff_ens,linlev,kp_vy_estimators_vyg25_s006_w360_summary@c60eee5+dirty
kp_vy,vyg25,7,500,500,485,var-kp_vy-vyg25-v2,"f41d052f1f960c4c,8d1308e8f21723f8",1.3233020754895861,0.7930861655221942,1.1675656004132058,0.37447943489101154,0.8131119915725068,1.150189926490953,0.3370779349184462,360,125,kp_vy_oracle_vyg25_s007@c60eee5+dirty,360,1.3001057378661376,0.9208860288781412,0.7932045670420337,0.1276814618361075,38.33795340449198,47.210952943387056,42.495712824177886,16.09691460958789,0.7811710192867785,0.13971500959136274,47.93821399479428,43.15033796648059,17.885329350661877,0.7932045670420337,0.1276814618361075,0.4890918777836061,linlev,rff_ens,linlev,kp_vy_estimators_vyg25_s007_w360_summary@c60eee5+dirty
kp_vy,vyg25,8,500,500,485,var-kp_vy-vyg25-v2,"f41d052f1f960c4c,8d1308e8f21723f8",1.4008778298606481,0.7999475044504732,1.2146289980090488,0.41468149355857553,0.8258968525391743,1.25309249432435,0.42719564178517566,360,125,kp_vy_oracle_vyg25_s008@c60eee5+dirty,360,1.4417235113123739,0.984578273104378,0.8364088289893049,0.14816944411507305,33.063032194439046,49.57880395161133,51.07497995942821,17.714954574800128,0.825184391465069,0.159393881639309,50.25319163179173,51.76971913231582,19.316153248647133,0.8364088289893049,0.14816944411507305,0.4582833346622151,linlev,rff_ens,linlev,kp_vy_estimators_vyg25_s008_w360_summary@c60eee5+dirty
kp_vy,vyg25,9,500,500,485,var-kp_vy-vyg25-v2,"f41d052f1f960c4c,8d1308e8f21723f8",1.3343312196921568,0.8069961195438463,1.1748324501027454,0.3678363305588991,0.798448571830278,1.2395814019650109,0.4411328301347329,360,125,kp_vy_oracle_vyg25_s009@c60eee5+dirty,360,1.4278756138904665,0.9579693014320448,0.7986517397132455,0.1593175617187993,33.24601825668545,46.0571626239705,55.2346921942624,19.948314615329327,0.7856124641964836,0.17235683723556128,46.82160063933282,56.15145510527498,21.93916785827044,0.7986517397132455,0.1593175617187993,0.4585387283610461,linlev,rff_ens,linlev,kp_vy_estimators_vyg25_s009_w360_summary@c60eee5+dirty
kp_vy,vyx,0,500,500,485,var-kp_vy-vyx-v3,"f7be27e39d2b530f,84e195172f091cd2",1.194458702985604,0.650820573042993,1.0254507271475852,0.3746301541045922,0.6710282546956365,1.083490843331679,0.41246258863604246,360,125,kp_vy_oracle_vyx_s000@c60eee5+dirty,360,1.2630507260513006,0.8628008466714815,0.6718108874845838,0.19098995918689765,54.8992062857661,55.764227862887815,61.39563920739634,28.42912533049419,0.6627840817733895,0.20001676489809195,56.523710271104676,62.23181877458944,30.178269273292393,0.6718108874845838,0.19098995918689765,0.3394553334687655,linrank,rff_ens,linrank,kp_vy_estimators_vyx_s000_w360_summary@c60eee5+dirty
kp_vy,vyx,1,500,500,485,var-kp_vy-vyx-v3,"f7be27e39d2b530f,84e195172f091cd2",1.2296070266380439,0.6358094562971053,1.0228591498933084,0.3870496935962031,0.6057430536094986,0.983299975827709,0.37755692221821036,360,125,kp_vy_oracle_vyx_s001@c60eee5+dirty,360,1.1775470891069744,0.7381598826249247,0.609074520786921,0.12908536183800368,37.15723260862766,63.54718189428397,61.988625255643406,21.193689348755893,0.609074520786921,0.12908536183800368,63.54718189428397,61.988625255643406,21.193689348755893,0.609074520786921,0.12908536183800368,0.3705929651706949,fm,rff_ens,fm,kp_vy_estimators_vyx_s001_w360_summary@c60eee5+dirty
kp_vy,vyx,2,500,500,485,var-kp_vy-vyx-v3,"f7be27e39d2b530f,84e195172f091cd2",1.2154491681516748,0.6286330249900944,1.038775710321433,0.4101426853313386,0.647190206140588,1.061762444098363,0.4145722379577751,360,125,kp_vy_oracle_vyx_s002@c60eee5+dirty,360,1.2445088424596487,0.7811532969881283,0.6481477525932148,0.13300554439491352,22.547850191194495,63.27919578373498,63.962612891749934,20.520867944502367,0.6481477525932148,0.13300554439491352,63.27919578373498,63.962612891749934,20.520867944502367,0.6481477525932148,0.13300554439491352,0.3553291344911979,fm,rff_ens,fm,kp_vy_estimators_vyx_s002_w360_summary@c60eee5+dirty
kp_vy,vyx,3,500,500,485,var-kp_vy-vyx-v3,"f7be27e39d2b530f,84e195172f091cd2",1.1513942954708447,0.6426293406510595,0.9968185613814993,0.3541892207304398,0.6293157103810962,0.9406641933111703,0.3113484829300741,360,125,kp_vy_oracle_vyx_s003@c60eee5+dirty,360,1.0786365444167532,0.7709878199527527,0.6327051567934489,0.13828266315930382,38.897871596823734,55.98013813028987,49.2090951981471,21.855782535442046,0.6323811843868029,0.13860663556594977,56.008817067175116,49.23430529198579,21.918209932250214,0.6334272808785893,0.13756053907416332,0.3722371291546225,linrank_m,rff_ens,linlev,kp_vy_estimators_vyx_s003_w360_summary@c60eee5+dirty
kp_vy,vyx,4,500,500,485,var-kp_vy-vyx-v3,"f7be27e39d2b530f,84e195172f091cd2",1.1425439612558712,0.6395918072880493,0.9826565337771829,0.34306472648913355,0.6512471071955449,1.0031126080921435,0.3518655008965986,360,125,kp_vy_oracle_vyx_s004@c60eee5+dirty,360,1.1696058470417223,0.7883031219713182,0.6572618716008433,0.13104125037047498,28.50947120032916,52.196048685063175,53.5350544585199,19.93744898837775,0.6572618716008433,0.13104125037047498,52.196048685063175,53.5350544585199,19.93744898837775,0.6572618716008433,0.13104125037047498,0.3661550637367012,fm,rff_ens,fm,kp_vy_estimators_vyx_s004_w360_summary@c60eee5+dirty
kp_vy,vyx,5,500,500,485,var-kp_vy-vyx-v3,"f7be27e39d2b530f,84e195172f091cd2",1.0244128392969116,0.599255388972138,0.883544800525585,0.284289411553447,0.5931400059584302,0.9324999282374864,0.3393599222790562,360,125,kp_vy_oracle_vyx_s005@c60eee5+dirty,360,1.1012886690490862,0.656408838059325,0.5761276624306174,0.08028117562870762,38.93525215610159,49.34486401053234,58.90359800592374,13.934615687434695,0.5666386931572941,0.08977014490203095,50.17119638784192,59.89000157898726,15.842572345674869,0.5761276624306174,0.08028117562870762,0.3986973410814145,linlev,rff_ens,linlev,kp_vy_estimators_vyx_s005_w360_summary@c60eee5+dirty
kp_vy,vyx,6,500,500,485,var-kp_vy-vyx-v3,"f7be27e39d2b530f,84e195172f091cd2",1.1442978121751424,0.6609970985868813,0.9914843465641633,0.330487247977282,0.6883308008057081,1.0369701411015244,0.34863934029581634,360,125,kp_vy_oracle_vyx_s006@c60eee5+dirty,360,1.2016063404801984,0.8115506198546232,0.6798839024897728,0.13166671736485036,59.040796430886374,48.60936503526841,51.279246209401286,19.36605895251814,0.6686800788666647,0.14287054098795848,49.42382140909889,52.13843679726779,21.36605314010663,0.6798839024897728,0.13166671736485036,0.3728885902350407,linlev,rff_ens,linlev,kp_vy_estimators_vyx_s006_w360_summary@c60eee5+dirty
kp_vy,vyx,7,500,500,485,var-kp_vy-vyx-v3,"f7be27e39d2b530f,84e195172f091cd2",1.1130774638662946,0.634944449086912,0.9637891901408666,0.32884474105395456,0.6550998003453697,0.9497343780237316,0.2946345776783619,360,125,kp_vy_oracle_vyx_s007@c60eee5+dirty,360,1.092492037799517,0.7160017570428292,0.6224218609607209,0.09357989608210826,26.24706123701768,52.83309627755939,47.33679778271081,15.03480227022646,0.620613205016824,0.09538855202600516,52.98706801526081,47.47475163219814,15.370048728405528,0.622421860960721,0.09357989608210815,0.3859472441321501,linrank_m,rff_ens,linrank,kp_vy_estimators_vyx_s007_w360_summary@c60eee5+dirty
kp_vy,vyx,8,500,500,485,var-kp_vy-vyx-v3,"f7be27e39d2b530f,84e195172f091cd2",1.1867764020870233,0.6490331644861452,1.0096790638973374,0.3606458994111922,0.678755876376434,1.0507760410372882,0.3720201646608542,360,125,kp_vy_oracle_vyx_s008@c60eee5+dirty,360,1.2286881944983468,0.806297306018003,0.6858118187562843,0.1204854872617187,31.97600811598616,52.586713956785026,54.24522507289399,17.568301386263425,0.6806135202263222,0.12568378579168082,52.9883536975974,54.65953196715039,18.466248767712933,0.6858118187562843,0.1204854872617187,0.3564787270463923,linlev,rff_ens,linlev,kp_vy_estimators_vyx_s008_w360_summary@c60eee5+dirty
kp_vy,vyx,9,500,500,485,var-kp_vy-vyx-v3,"f7be27e39d2b530f,84e195172f091cd2",1.1286408993443386,0.6583118774123905,0.9757089626933922,0.31739708528100175,0.6556563951974232,1.0392494323330126,0.38359303713558934,360,125,kp_vy_oracle_vyx_s009@c60eee5+dirty,360,1.2204000832053865,0.7518201235479969,0.6488851861162175,0.1029349374317794,23.97933427855533,48.91421349603054,59.115702645565804,15.86335142706485,0.642733116239265,0.10908700730873189,49.38240729498166,59.68154237641496,16.97236450908544,0.6488851861162175,0.1029349374317794,0.3574363393926272,linlev,rff_ens,linlev,kp_vy_estimators_vyx_s009_w360_summary@c60eee5+dirty
