r,J0,J1
-0.022587067684915675,363.81660024689154,262.3350007620681
-0.022226779338854228,358.1309655956894,258.01548235627416
-0.02186649099279278,352.50740832238955,253.76919617531132
-0.021506202646731337,346.94556080552735,249.59636350522646
-0.02114591430066989,341.4450605783936,245.49722124279236
-0.020785625954608443,336.0055501454306,241.47200650995595
-0.020425337608547,330.6266767388312,237.52093563066512
-0.020065049262485556,325.3080920344139,233.64417798633468
-0.01970476091642411,320.04945186184784,229.84182608051367
-0.01934447257036266,314.85041595848384,226.11386389899144
-0.018984184224301218,309.71064782538053,222.46013619785003
-0.01862389587823977,304.629814746003,218.88032156368592
-0.018263607532178323,299.6075880212461,215.37391190015856
-0.01790331918611688,294.64364345939083,211.94020041369956
-0.017543030840055433,289.7376621383611,208.57827928743183
-0.017182742493993985,284.88933143366154,205.28704719418056
-0.016822454147932542,280.0983462824456,202.06522578038013
-0.016462165801871095,275.36441063584476,198.911383413013
-0.016101877455809648,270.68723904042247,195.8239639355004
-0.015741589109748204,266.0665582864246,192.80131797442198
-0.015381300763686757,261.5021090648145,189.84173445873782
-0.01502101241762531,256.99364758529725,186.94347038535076
-0.014660724071563864,252.5409471212343,184.10477738833288
-0.014300435725502419,248.1437994621432,181.3239242390367
-0.013940147379440972,243.8020162683011,178.59921493274993
-0.013579859033379526,239.51543033337748,175.92900244594657
-0.01321957068731808,235.28389676935413,173.31169854972794
-0.012859282341256634,231.10729413305302,170.74578023976812
-0.012498993995195188,226.98552551575915,168.22979340890583
-0.012138705649133743,222.9185196171738,165.76235437213276
-0.011778417303072296,218.90623182302636,163.34214978365787
-0.01141812895701085,214.94864530292287,160.9679353883904
-0.011057840610949405,211.04577214252336,158.63853394818022
-0.01069755226488796,207.19765452315934,156.35283259405622
-0.010337263918826514,203.40436596404234,154.10977979064646
-0.009976975572765067,199.6660126486164,151.9083820608835
-0.009616687226703622,195.98273486821316,149.74770060190278
-0.009256398880642176,192.3547086324383,147.62684791350426
-0.008896110534580729,188.78214751387333,145.54498454303874
-0.008535822188519284,185.26530480865412,143.5013160140193
-0.008175533842457838,181.80447609442143,141.4950899496611
-0.007815245496396391,178.40000223952333,139.52559333900433
-0.007454957150334946,175.05227284693464,137.59214984336512
-0.0070946688042734995,171.76172998964753,135.6941170257026
-0.006734380458212053,168.5288719052444,133.8308834160347
-0.006374092112150607,165.35425607360227,132.00186539573986
-0.006013803766089161,162.23850083026562,130.20650396839082
-0.0056535154200277144,159.18228441725833,128.44426155087478
-0.005293227073966268,156.18634020901223,126.71461893563611
-0.004932938727904823,153.25144684602395,125.01707252928372
-0.004572650381843377,150.3784122242899,123.35113187503147
-0.004212362035781932,147.56805075451555,121.71631734946469
-0.0038520736897204866,144.82115400272818,120.11215783256908
-0.0034917853436590403,142.13845567735507,118.53818812404312
-0.003131496997597594,139.52059281035886,116.99394593924887
-0.0027712086515361478,136.96806573553803,115.47896845698804
-0.0024109203054747015,134.48119994340686,113.99278857358284
-0.002050631959413256,132.06011297722293,112.53493119153148
-0.0016903436133518107,129.70468918673794,111.10490998359207
-0.0013300552672903653,127.41456441651393,109.70222508724224
-0.0009697669212289199,125.18912169186653,108.32636208943538
-0.0006094785751674736,123.0274978455455,106.97679247622636
-0.0002491902291060274,120.92859998238534,105.65297548857657
0.00011109811695541889,118.89112986106501,104.35436109830556
0.00047138646301686515,116.91361377952927,103.0803936476112
0.0008316748090783114,114.99443541171271,101.83051561731722
0.0011919631551397577,113.1318692209109,100.6041710156445
0.001552251501201204,111.3241124852775,99.40080799962318
0.0019125398472626502,109.56931450763058,98.21988052477424
0.0022728281933240956,107.86560214230333,97.06084902418552
0.002633116539385541,106.21110127526296,95.9231803034515
0.0029934048854469864,104.60395429031115,94.80634696894617
0.003353693231508432,103.04233382540697,93.70982676340297
0.003713981577569878,101.52445327566126,92.6331021612821
0.004074269923631324,100.04857455559143,91.57566048892913
0.004434558269692771,98.61301362128434,90.5369947044876
0.004794846615754217,97.21614420071197,89.51660482877854
0.005155134961815662,95.85640010996185,88.5139998887077
0.005515423307877108,94.53227646051266,87.52870014069394
0.005875711653938553,93.24232999774749,86.5602392949156
0.0062359999999999985,91.98517875859555,85.60816646340935
0.006596288346061445,90.7595011976369,84.67204759919264
0.006956576692122891,89.56403490431114,83.75146626719304
0.007316865038184337,88.39757501509152,82.84602367654925
0.0076771533842457836,87.25897240882571,81.9553379943856
0.00803744173030723,86.14713175699039,81.07904304254889
0.008397730076368676,85.0610094819422,80.2167865430101
0.008758018422430121,83.99961165725108,79.36822811927144
0.009118306768491569,82.96199186924927,78.53303727701962
0.009478595114553014,81.94724905266244,77.71089157651181
0.00983888346061446,80.95452531760127,76.90147517346357
0.010199171806675905,79.98300379759195,76.10447784927148
0.01055946015273735,79.03190656150366,75.31959458301225
0.010919748498798797,78.1004926370678,74.5465256468302
0.011280036844860244,77.1880561833721,73.7849771436381
0.011640325190921692,76.29392482361595,73.03466186059092
0.012000613536983139,75.41745811445843,72.29530028911597
0.012360901883044584,74.55804609704967,71.56662166330169
0.01272119022910603,73.71510786059055,70.84836488940357
0.013081478575167475,72.88809006022133,70.14027927291943
0.01344176692122892,72.0764653661579,69.44212498752759
0.013802055267290366,71.27973086942285,68.75367326444346
0.014162343613351811,70.49740651411658,68.07470630637958
0.014522631959413257,69.72903364977459,67.40501694579824
0.014882920305474702,68.97417378938266,66.74440807433709
0.015243208651536147,68.23240761934613,66.09269187314634
0.015603496997597593,67.50333424855582,65.44968887679623
0.01596378534365904,66.78657062345918,64.81522690956263
0.016324073689720484,66.08175099448812,64.18913994303291
0.01668436203578193,65.3885263103817,63.57126693618936
0.017044650381843378,64.70656344462839,62.96145072949414
0.017404938727904825,64.03554421486477,62.359537068463204
0.017765227073966272,63.37516422527645,61.76537382618896
0.018125515420027716,62.72513162405909,61.178810477019795
0.018485803766089163,62.08516590551954,60.59969784684454
0.01884609211215061,61.45499688951546,60.02788813354748
0.019206380458212054,60.83436397948397,59.46323516010064
0.019566668804273497,60.22301574329624,58.905594798324145
0.019926957150334944,59.62070979370315,58.35482548784553
0.02028724549639639,59.0272128840287,57.81078877395633
0.020647533842457835,58.44230109417914,57.273349798796104
0.021007822188519282,57.86575997022509,56.74237769922615
0.02136811053458073,57.29738449879746,56.21774588731493
0.021728398880642177,56.736978839549074,55.69933221093513
0.022088687226703624,56.18435579449097,55.187019008939764
0.022448975572765067,55.63933604965667,54.680693085631646
0.022809263918826515,55.1017472707289,54.18024563227581
0.023169552264887962,54.57142316162705,53.68557212009977
0.023529840610949405,54.04820259978776,53.196572181358164
0.02389012895701085,53.53192894500066,52.713149484839434
0.024250417303072296,53.02244958530394,52.23521160196792
0.024610705649133743,52.519615741346655,51.76266985150201
0.024970993995195187,52.023282508316704,51.29543910642385
0.025331282341256634,51.53330907953278,50.83343754698424
0.02569157068731808,51.049559073281706,50.37658634923161
0.02605185903337953,50.57190087661527,49.92480930796091
0.026412147379440976,50.10020792590105,49.47803240518482
0.02677243572550242,49.634358861031856,49.036183347536586
0.027132724071563866,49.17423751425358,48.599191105764746
0.027493012417625314,48.719732721261344,48.16698549430909
0.027853300763686757,48.270737967727236,47.73949682741023
0.0282135891097482,47.827150905787796,47.31665568021786
0.028573877455809648,47.38887279018915,46.89839277030026
0.028934165801871095,46.955807891548716,46.48463895933622
0.02929445414793254,46.52786294415357,46.075325359667254
0.029654742493993986,46.10494667829381,45.670383518642865
0.030015030840055433,45.68696947362873,45.26974564726081
0.03037531918611688,45.27384315263237,44.87334485913228
0.030735607532178327,44.86548091450253,44.48111539061911
0.03109589587823977,44.46179739293629,44.092992781411695
0.031456184224301215,44.06270880836905,43.70891400469813
0.03181647257036266,43.66813317819294,43.32881754537149
0.03217676091642411,43.2779905474388,42.95264343194618
0.03253704926248556,42.89220320651262,42.580333232267655
0.032897337608547,42.510695870057944,42.21183002473119
0.03325762595460845,42.13339579978406,41.84707835612526
0.03361791430066989,41.76023286235109,41.48602419523177
0.033978202646731334,41.39113952001946,41.12861488877425
0.034338490992792785,41.02605075649241,40.77479912386174
0.034698779338854235,40.66490394362601,40.42452689909749
0.03505906768491568,40.30763865722292,40.07774950508879
