,eps,G_up,G_down
0,0.01,78872.09292607852,74805.14274836396
1,0.014994994994994995,78898.04135805892,74817.520381212
2,0.019989989989989992,78924.1218610531,74829.94175437996
3,0.024984984984984984,78950.33527577302,74842.40709019058
4,0.029979979979979983,78976.68252401093,74854.9166322859
5,0.034974974974974975,79003.16454373075,74867.47062838174
6,0.03996996996996997,79029.78228109941,74880.06932814034
7,0.04496496496496497,79056.53668925828,74892.71298283909
8,0.049959959959959964,79083.42872812047,74905.40184531378
9,0.054954954954954956,79110.45936435691,74918.1361699527
10,0.059949949949949954,79137.6295714224,74930.91621270111
11,0.06494494494494495,79164.94032959185,74943.74223106891
12,0.06993993993993994,79192.39262599907,74956.61448413871
13,0.07493493493493493,79219.98745467646,74969.53323257418
14,0.07992992992992994,79247.72581659515,74982.49873862852
15,0.08492492492492493,79275.60871970537,74995.51126615306
16,0.08991991991991992,79303.63717897717,75008.57108060585
17,0.09491491491491491,79331.81221644094,75021.67844906019
18,0.0999099099099099,79360.13486122865,75034.83364021347
19,0.10490490490490491,79388.60614961473,75048.03692439571
20,0.1098998998998999,79417.22712505738,75061.28857357829
21,0.11489489489489489,79445.99883824016,75074.58886138286
22,0.1198898898898899,79474.92234711358,75087.93806309004
23,0.12488488488488489,79503.99871693683,75101.33645564833
24,0.1298798798798799,79533.22902031979,75114.78431768286
25,0.13487487487487487,79562.61433726529,75128.28192950446
26,0.13986986986986988,79592.1557552113,75141.82957311858
27,0.14486486486486488,79621.85436907357,75155.42753223421
28,0.1498598598598599,79651.71128128831,75169.07609227304
29,0.15485485485485487,79681.72760185503,75182.77554037841
30,0.15984984984984987,79711.90444837957,75196.52616542453
31,0.16484484484484485,79742.24294611739,75210.32825802546
32,0.16983983983983986,79772.74422801696,75224.18211054448
33,0.17483483483483486,79803.40943476337,75238.08801710322
34,0.17982982982982984,79834.23971482208,75252.04627359092
35,0.18482482482482485,79865.23622448299,75266.05717767382
36,0.18981981981981982,79896.40012790446,75280.12102880434
37,0.19481481481481483,79927.73259715771,75294.23812823057
38,0.19980980980980984,79959.23481227137,75308.40877900574
39,0.2048048048048048,79990.9079612762,75322.63328599757
40,0.20979979979979982,80022.75324024992,75336.91195589787
41,0.21479479479479482,80054.77185336238,75351.24509723201
42,0.2197897897897898,80086.96501292085,75365.63302036856
43,0.2247847847847848,80119.33393941539,75380.07603752884
44,0.2297797797797798,80151.87986156464,75394.57446279666
45,0.2347747747747748,80184.60401636166,75409.12861212806
46,0.2397697697697698,80217.50764911994,75423.73880336093
47,0.24476476476476478,80250.59201351972,75438.40535622495
48,0.24975975975975978,80283.85837165442,75453.12859235134
49,0.2547547547547548,80317.3079940773,75467.90883528275
50,0.25974974974974974,80350.94215984827,75482.74641048325
51,0.26474474474474474,80384.76215658104,75497.64164534817
52,0.26973973973973975,80418.76928049026,75512.59486921421
53,0.27473473473473475,80452.96483643915,75527.60641336955
54,0.27972972972972976,80487.35013798696,75542.67661106375
55,0.28472472472472476,80521.92650743708,75557.80579751814
56,0.28971971971971977,80556.69527588491,75572.99430993584
57,0.2947147147147147,80591.65778326629,75588.24248751199
58,0.2997097097097097,80626.81537840597,75603.55067144423
59,0.30470470470470473,80662.16941906635,75618.9192049428
60,0.30969969969969974,80697.72127199631,75634.34843324099
61,0.31469469469469474,80733.47231298052,75649.83870360564
62,0.3196896896896897,80769.4239268887,75665.39036534754
63,0.3246846846846847,80805.57750772526,75681.00376983196
64,0.3296796796796797,80841.93445867908,75696.67927048927
65,0.3346746746746747,80878.49619217355,75712.41722282545
66,0.3396696696696697,80915.26412991682,75728.21798443285
67,0.34466466466466467,80952.2397029523,75744.08191500089
68,0.34965965965965967,80989.4243517094,75760.00937632684
69,0.3546546546546547,81026.81952605445,75776.0007323266
70,0.3596496496496497,81064.42668534182,75792.0563490456
71,0.3646446446446447,81102.24729846545,75808.17659466971
72,0.36963963963963964,81140.28284391038,75824.36183953621
73,0.37463463463463464,81178.53480980468,75840.61245614485
74,0.37962962962962965,81217.00469397173,75856.92881916894
75,0.38462462462462466,81255.69400398231,75873.31130546641
76,0.38961961961961966,81294.60425720747,75889.76029409109
77,0.39461461461461467,81333.73698087125,75906.27616630388
78,0.3996096096096096,81373.09371210389,75922.85930558413
79,0.4046046046046046,81412.67599799522,75939.51009764099
80,0.40959959959959963,81452.48539564821,75956.22893042475
81,0.41459459459459463,81492.52347223292,75973.0161941384
82,0.41958958958958964,81532.79180504066,75989.87228124912
83,0.4245845845845846,81573.29198153838,76006.79758649989
84,0.4295795795795796,81614.02559942348,76023.79250692118
85,0.4345745745745746,81654.99426667855,76040.85744184259
86,0.4395695695695696,81696.19960162687,76057.99279290465
87,0.4445645645645646,81737.64323298774,76075.19896407072
88,0.4495595595595596,81779.32679993236,76092.47636163882
89,0.45455455455455457,81821.25195213995,76109.82539425364
90,0.4595495495495496,81863.42034985404,76127.24647291854
91,0.4645445445445446,81905.83366393922,76144.74001100769
92,0.4695395395395396,81948.4935759381,76162.30642427818
93,0.4745345345345346,81991.40177812851,76179.94613088232
94,0.47952952952952954,82034.55997358118,76197.65955137985
95,0.48452452452452455,82077.96987621754,76215.44710875042
96,0.48951951951951955,82121.63321086799,76233.30922840592
97,0.49451451451451456,82165.55171333038,76251.2463382031
98,0.49950950950950956,82209.72713042886,76269.25886845608
99,0.5045045045045045,82254.1612200731,76287.34725194903
100,0.5094994994994995,82298.8557513177,76305.51192394894
101,0.5144944944944946,82343.81250442208,76323.75332221836
102,0.5194894894894895,82389.03327091076,76342.07188702832
103,0.5244844844844845,82434.51985363378,76360.46806117136
104,0.5294794794794795,82480.27406682764,76378.94228997445
105,0.5344744744744745,82526.29773617657,76397.49502131225
106,0.5394694694694695,82572.59269887413,76416.12670562022
107,0.5444644644644645,82619.16080368527,76434.83779590798
108,0.5494594594594595,82666.00391100865,76453.62874777261
109,0.5544544544544545,82713.1238929394,76472.50001941225
110,0.5594494494494495,82760.52263333235,76491.45207163946
111,0.5644444444444445,82808.20202786557,76510.48536789507
112,0.5694394394394395,82856.16398410428,76529.60037426176
113,0.5744344344344344,82904.41042156535,76548.79755947797
114,0.5794294294294294,82952.94327178205,76568.07739495178
115,0.5844244244244244,83001.7644783693,76587.44035477494
116,0.5894194194194194,83050.87599708939,76606.88691573702
117,0.5944144144144144,83100.27979591815,76626.41755733962
118,0.5994094094094095,83149.97785511146,76646.0327618106
119,0.6044044044044045,83199.97216727243,76665.7330141186
120,0.6093993993993995,83250.26473741887,76685.51880198755
121,0.6143943943943945,83300.8575830514,76705.39061591132
122,0.6193893893893895,83351.75273422194,76725.34894916839
123,0.6243843843843844,83402.95223360282,76745.39429783678
124,0.6293793793793794,83454.45813655626,76765.52716080901
125,0.6343743743743744,83506.27251120462,76785.74803980718
126,0.6393693693693694,83558.39743850096,76806.0574393982
127,0.6443643643643644,83610.83501230027,76826.45586700908
128,0.6493593593593594,83663.58733943121,76846.94383294237
129,0.6543543543543544,83716.6565397686,76867.52185039184
130,0.6593493493493494,83770.04474630632,76888.19043545812
131,0.6643443443443444,83823.7541052309,76908.95010716452
132,0.6693393393393394,83877.78677599572,76929.8013874731
133,0.6743343343343344,83932.14493139586,76950.74480130068
134,0.6793293293293293,83986.8307576437,76971.78087653514
135,0.6843243243243243,84041.84645444498,76992.91014405187
136,0.6893193193193193,84097.19423507588,77014.13313773033
137,0.6943143143143143,84152.87632646033,77035.4503944706
138,0.6993093093093093,84208.89496924865,77056.8624542104
139,0.7043043043043044,84265.25241789645,77078.36985994207
140,0.7092992992992994,84321.9509407445,77099.97315772972
141,0.7142942942942944,84378.99282009939,77121.67289672657
142,0.7192892892892894,84436.38035231498,77143.46962919242
143,0.7242842842842844,84494.1158478747,77165.36391051147
144,0.7292792792792793,84552.20163147466,77187.3562992101
145,0.7342742742742743,84610.64004210771,77209.44735697491
146,0.7392692692692693,84669.43343314834,77231.63764867093
147,0.7442642642642643,84728.5841724385,77253.92774236015
148,0.7492592592592593,84788.09464237456,77276.31820932002
149,0.7542542542542543,84847.9672399949,77298.8096240623
150,0.7592492492492493,84908.20437706899,77321.40256435222
151,0.7642442442442443,84968.80848018703,77344.09761122755
152,0.7692392392392393,85029.78199085098,77366.89534901814
153,0.7742342342342343,85091.12736556666,77389.79636536558
154,0.7792292292292293,85152.84707593684,77412.80125124307
155,0.7842242242242242,85214.94360875568,77435.91060097571
156,0.7892192192192192,85277.41946610429,77459.12501226067
157,0.7942142142142142,85340.27716544758,77482.445086188
158,0.7992092092092092,85403.51923973233,77505.87142726143
159,0.8042042042042042,85467.14823748668,77529.40464341948
160,0.8091991991991992,85531.166722921,77553.04534605698
161,0.8141941941941943,85595.57727603002,77576.79415004668
162,0.8191891891891893,85660.3824926966,77600.6516737612
163,0.8241841841841843,85725.58498479695,77624.61853909533
164,0.8291791791791793,85791.18738030737,77648.69537148857
165,0.8341741741741743,85857.19232341263,77672.88279994806
166,0.8391691691691692,85923.60247461601,77697.1814570716
167,0.8441641641641642,85990.42051085104,77721.59197907125
168,0.8491591591591592,86057.64912559502,77746.1150057972
169,0.8541541541541542,86125.29102898446,77770.75118076184
170,0.8591491491491492,86193.34894793225,77795.50115116438
171,0.8641441441441442,86261.82562624692,77820.3655679157
172,0.8691391391391392,86330.72382475389,77845.34508566358
173,0.8741341341341342,86400.04632141879,77870.4403628184
174,0.8791291291291292,86469.79591147297,77895.65206157911
175,0.8841241241241242,86539.97540754135,77920.98084795977
176,0.8891191191191192,86610.58763977236,77946.42739181631
177,0.8941141141141141,86681.63545597054,77971.99236687389
178,0.8991091091091091,86753.1217217315,77997.67645075465
179,0.9041041041041041,86825.04932057945,78023.48032500579
180,0.9090990990990991,86897.42115410743,78049.40467512833
181,0.9140940940940941,86970.2401421204,78075.4501906063
182,0.9190890890890892,87043.509222781,78101.6175649362
183,0.9240840840840842,87117.23135275843,78127.90749565737
184,0.9290790790790792,87191.40950738042,78154.32068438258
185,0.9340740740740742,87266.04668078828,78180.85783682922
186,0.9390690690690692,87341.14588609534,78207.51966285118
187,0.9440640640640641,87416.71015554886,78234.30687647116
188,0.9490590590590591,87492.74254069536,78261.2201959137
189,0.9540540540540541,87569.24611254974,78288.2603436387
190,0.9590490490490491,87646.22396176841,78315.42804637578
191,0.9640440440440441,87723.67919882595,78342.72403515902
192,0.9690390390390391,87801.61495419628,78370.14904536254
193,0.9740340340340341,87880.034378538,78397.70381673684
194,0.9790290290290291,87958.9406428841,78425.38909344573
195,0.9840240240240241,88038.33693883644,78453.205624104
196,0.9890190190190191,88118.22647876479,78481.15416181594
197,0.9940140140140141,88198.61249601113,78509.2354642147
198,0.999009009009009,88279.4982450989,78537.45029350222
199,1.004004004004004,88360.88700194767,78565.7994164903
200,1.008998998998999,88442.78188759348,78594.2835575581
201,1.0139939939939941,88525.18600044047,78622.90343401888
202,1.0189889889889892,88608.10245977547,78651.65976774278
203,1.023983983983984,88691.5344056729,78680.55328513573
204,1.028978978978979,88775.48499890929,78709.58471712042
205,1.033973973973974,88859.95742088676,78738.75479911882
206,1.038968968968969,88944.95487356492,78768.06427103643
207,1.043963963963964,89030.48057940086,78797.51387724814
208,1.048958958958959,89116.5377812965,78827.10436658552
209,1.053953953953954,89203.129742553,78856.83649232551
210,1.058948948948949,89290.25974683189,78886.71101218047
211,1.063943943943944,89377.93109812221,78916.72868828941
212,1.068938938938939,89466.14712071374,78946.8902872105
213,1.073933933933934,89554.91115917572,78977.19657991457
214,1.078928928928929,89644.22657834068,79007.64834177976
215,1.083923923923924,89734.09676329332,79038.2463525873
216,1.088918918918919,89824.52511936403,79068.9913965179
217,1.093913913913914,89915.51507212668,79099.88426214941
218,1.098908908908909,90007.07006740081,79130.92574245516
219,1.103903903903904,90099.19357125748,79162.1166348031
220,1.108898898898899,90191.88907002902,79193.45774095586
221,1.113893893893894,90285.16007032225,79224.94986707132
222,1.118888888888889,90379.010099035,79256.59382370418
223,1.123883883883884,90473.44270337587,79288.3904258079
224,1.128878878878879,90568.46145088688,79320.3404927375
225,1.1338738738738738,90664.06992946911,79352.44484825281
226,1.1388688688688688,90760.27174741091,79384.70432052253
227,1.1438638638638639,90857.07053341871,79417.11974212849
228,1.1488588588588589,90954.46993665028,79449.69195007072
229,1.1538538538538539,91052.4736267504,79482.42178577294
230,1.1588488488488489,91151.08529388857,79515.31009508853
231,1.1638438438438439,91250.30864879892,79548.35772830695
232,1.1688388388388389,91350.14742282212,79581.56554016055
233,1.1738338338338339,91450.60536794917,79614.93438983189
234,1.178828828828829,91551.68625686705,79648.46514096145
235,1.183823823823824,91653.39388300605,79682.15866165567
236,1.188818818818819,91755.73206058885,79716.01582449538
237,1.193813813813814,91858.70462468106,79750.03750654457
238,1.198808808808809,91962.31543124339,79784.2245893596
239,1.203803803803804,92066.5683571852,79818.57795899852
240,1.208798798798799,92171.46730041946,79853.09850603095
241,1.213793793793794,92277.01617991907,79887.78712554806
242,1.218788788788789,92383.21893577435,79922.64471717294
243,1.223783783783784,92490.07952925193,79957.67218507126
244,1.228778778778779,92597.60194285464,79992.87043796213
245,1.233773773773774,92705.7901803826,80028.24038912925
246,1.2387687687687687,92814.64826699538,80063.78295643226
247,1.2437637637637637,92924.18024927525,80099.49906231844
248,1.2487587587587587,93034.39019529134,80135.38963383452
249,1.2537537537537538,93145.28219466485,80171.4556026388
250,1.2587487487487488,93256.86035863508,80207.69790501337
251,1.2637437437437438,93369.12882012647,80244.11748187666
252,1.2687387387387388,93482.09173381646,80280.71527879611
253,1.2737337337337338,93595.75327620412,80317.49224600104
254,1.2787287287287288,93710.1176456797,80354.44933839579
255,1.2837237237237238,93825.18906259487,80391.58751557287
256,1.2887187187187188,93940.97176933372,80428.90774182644
257,1.2937137137137138,94057.47003038453,80466.41098616591
258,1.2987087087087088,94174.68813241221,80504.09822232963
259,1.3037037037037038,94292.6303843314,80541.97042879887
260,1.3086986986986988,94411.30111738021,80580.02858881181
261,1.3136936936936938,94530.70468519485,80618.27369037778
262,1.3186886886886888,94650.84546388447,80656.7067262917
263,1.3236836836836838,94771.72785210692,80695.32869414843
264,1.3286786786786788,94893.35627114493,80734.14059635745
265,1.3336736736736738,95015.73516498297,80773.14344015767
266,1.3386686686686688,95138.86900038463,80812.33823763227
267,1.3436636636636636,95262.76226697053,80851.72600572373
268,1.3486586586586586,95387.41947729675,80891.30776624903
269,1.3536536536536536,95512.84516693374,80931.08454591474
270,1.3586486486486486,95639.04389454586,80971.05737633258
271,1.3636436436436437,95766.02024197123,81011.22729403473
272,1.3686386386386387,95893.77881430229,81051.59534048966
273,1.3736336336336337,96022.3242399666,81092.16256211759
274,1.3786286286286287,96151.66117080819,81132.93001030639
275,1.3836236236236237,96281.79428216936,81173.89874142755
276,1.3886186186186187,96412.72827297298,81215.0698168521
277,1.3936136136136137,96544.46786580508,81256.44430296683
278,1.3986086086086087,96677.01780699806,81298.02327119038
279,1.4036036036036037,96810.38286671403,81339.80779798958
280,1.4085985985985987,96944.56783902874,81381.79896489583
281,1.4135935935935937,97079.57754201604,81423.99785852167
282,1.4185885885885887,97215.41681783248,81466.40557057729
283,1.4235835835835837,97352.09053280231,81509.02319788713
284,1.4285785785785787,97489.60357750308,81551.85184240673
285,1.4335735735735737,97627.96086685135,81594.8926112395
286,1.4385685685685687,97767.16734018899,81638.14661665366
287,1.4435635635635637,97907.22796136964,81681.6149760992
288,1.4485585585585585,98048.14771884574,81725.298812225
289,1.4535535535535535,98189.93162575558,81769.19925289592
290,1.4585485485485485,98332.58472001117,81813.31743121013
291,1.4635435435435435,98476.11206438598,81857.65448551628
292,1.4685385385385386,98620.51874660332,81902.21155943097
293,1.4735335335335336,98765.80987942498,81946.98980185624
294,1.4785285285285286,98911.99060074009,81991.99036699702
295,1.4835235235235236,99059.06607365434,82037.21441437867
296,1.4885185185185186,99207.04148657974,82082.66310886483
297,1.4935135135135136,99355.92205332442,82128.33762067505
298,1.4985085085085086,99505.71301318283,82174.23912540262
299,1.5035035035035036,99656.41963102629,82220.36880403238
300,1.5084984984984986,99808.0471973938,82266.72784295875
301,1.5134934934934936,99960.60102858317,82313.31743400372
302,1.5184884884884886,100114.08646674259,82360.13877443496
303,1.5234834834834836,100268.50887996217,82407.19306698392
304,1.5284784784784786,100423.8736623661,82454.48151986398
305,1.5334734734734736,100580.18623420491,82502.00534678886
306,1.5384684684684686,100737.45204194808,82549.76576699082
307,1.5434634634634636,100895.67655837709,82597.76400523915
308,1.5484584584584586,101054.8652826784,82646.00129185857
309,1.5534534534534536,101215.02374053706,82694.47886274781
310,1.5584484484484484,101376.15748423044,82743.19795939812
311,1.5634434434434434,101538.27209272224,82792.15982891194
312,1.5684384384384384,101701.3731717569,82841.36572402164
313,1.5734334334334334,101865.4663539541,82890.81690310822
314,1.5784284284284285,102030.55729890364,82940.51463022016
315,1.5834234234234235,102196.65169326063,82990.4601750923
316,1.5884184184184185,102363.75525084086,83040.65481316473
317,1.5934134134134135,102531.87371271658,83091.09982560188
318,1.5984084084084085,102701.01284731238,83141.79649931147
319,1.6034034034034035,102871.17845050141,83192.74612696368
320,1.6083983983983985,103042.37634570186,83243.95000701025
321,1.6133933933933935,103214.61238397387,83295.40944370377
322,1.6183883883883885,103387.89244411635,83347.12574711691
323,1.6233833833833835,103562.22243276442,83399.1002331618
324,1.6283783783783785,103737.60828448692,83451.33422360937
325,1.6333733733733735,103914.0559618841,83503.82904610875
326,1.6383683683683685,104091.57145568592,83556.58603420683
327,1.6433633633633635,104270.16078485022,83609.60652736787
328,1.6483583583583585,104449.8299966613,83662.89187099291
329,1.6533533533533535,104630.58516682894,83716.44341643965
330,1.6583483483483485,104812.43239958725,83770.26252104195
331,1.6633433433433433,104995.37782779433,83824.3505481298
332,1.6683383383383383,105179.4276130316,83878.70886704898
333,1.6733333333333333,105364.58794570385,83933.33885318093
334,1.6783283283283283,105550.86504513933,83988.24188796281
335,1.6833233233233234,105738.26515969011,84043.41935890731
336,1.6883183183183184,105926.7945668327,84098.87265962281
337,1.6933133133133134,106116.45957326898,84154.60318983332
338,1.6983083083083084,106307.26651502735,84210.61235539877
339,1.7033033033033034,106499.22175756407,84266.90156833509
340,1.7082982982982984,106692.33169586485,84323.47224683438
341,1.7132932932932934,106886.60275454687,84380.32581528535
342,1.7182882882882884,107082.04138796088,84437.4637042936
343,1.7232832832832834,107278.65408029353,84494.8873507019
344,1.7282782782782784,107476.44734567002,84552.59819761076
345,1.7332732732732734,107675.42772825705,84610.59769439885
346,1.7382682682682684,107875.6018023659,84668.88729674357
347,1.7432632632632634,108076.97617255582,84727.46846664161
348,1.7482582582582584,108279.55747373767,84786.34267242959
349,1.7532532532532534,108483.35237127784,84845.51138880478
350,1.7582482482482484,108688.36756110226,84904.97609684576
351,1.7632432432432434,108894.60976980084,84964.73828403332
352,1.7682382382382384,109102.08575473215,85024.79944427124
353,1.7732332332332332,109310.8023041282,85085.16107790713
354,1.7782282282282282,109520.76623719957,85145.8246917535
355,1.7832232232232232,109731.9844042407,85206.79179910854
356,1.7882182182182182,109944.46368673569,85268.06391977741
357,1.7932132132132133,110158.21099746392,85329.64258009315
358,1.7982082082082083,110373.23328060625,85391.52931293781
359,1.8032032032032033,110589.53751185135,85453.72565776376
360,1.8081981981981983,110807.13069850227,85516.2331606148
361,1.8131931931931933,111026.01987958327,85579.05337414752
362,1.8181881881881883,111246.21212594687,85642.18785765259
363,1.8231831831831833,111467.71454038122,85705.63817707618
364,1.8281781781781783,111690.53425771756,85769.40590504132
365,1.8331731731731733,111914.67844493814,85833.49262086945
366,1.8381681681681683,112140.15430128413,85897.89991060189
367,1.8431631631631633,112366.96905836409,85962.6293670215
368,1.8481581581581583,112595.12998026237,86027.68258967424
369,1.8531531531531533,112824.6443636479,86093.06118489083
370,1.8581481481481483,113055.51953788323,86158.76676580851
371,1.8631431431431433,113287.76286513382,86224.80095239279
372,1.8681381381381383,113521.38174047758,86291.1653714593
373,1.8731331331331333,113756.38359201446,86357.8616566956
374,1.8781281281281281,113992.77588097668,86424.89144868319
375,1.8831231231231231,114230.56610183878,86492.25639491933
376,1.8881181181181181,114469.76178242819,86559.9581498392
377,1.8931131131131131,114710.37048403599,86627.99837483793
378,1.8981081081081081,114952.3998015278,86696.37873829262
379,1.9031031031031032,115195.85736345503,86765.1009155846
380,1.9080980980980982,115440.75083216632,86834.16658912152
381,1.9130930930930932,115687.08790391931,86903.57744835978
382,1.9180880880880882,115934.8763089925,86973.33518982668
383,1.9230830830830832,116184.12381179754,87043.44151714287
384,1.9280780780780782,116434.83821099154,87113.89814104463
385,1.9330730730730732,116687.02733958981,87184.70677940644
386,1.9380680680680682,116940.69906507878,87255.8691572634
387,1.9430630630630632,117195.86128952923,87327.38700683386
388,1.9480580580580582,117452.52194970957,87399.2620675419
389,1.9530530530530532,117710.68901719956,87471.49608604005
390,1.9580480480480482,117970.37049850423,87544.09081623194
391,1.9630430430430432,118231.57443516796,87617.04801929505
392,1.9680380380380382,118494.30890388893,87690.36946370351
393,1.9730330330330332,118758.5820166337,87764.05692525094
394,1.9780280280280282,119024.40192075212,87838.11218707326
395,1.983023023023023,119291.77679909237,87912.53703967169
396,1.988018018018018,119560.71487011647,87987.33328093574
397,1.993013013013013,119831.22438801569,88062.50271616614
398,1.998008008008008,120103.3136428266,88138.04715809805
399,2.003003003003003,120376.99096054706,88213.96842692408
400,2.007997997997998,120652.26470325248,88290.26835031743
401,2.012992992992993,120929.14326921263,88366.94876345526
402,2.017987987987988,121207.63509300824,88444.01150904183
403,2.022982982982983,121487.74864564823,88521.45843733179
404,2.027977977977978,121769.49243468695,88599.29140615372
405,2.032972972972973,122052.87500434175,88677.51228093331
406,2.0379679679679676,122337.90493561089,88756.12293471703
407,2.042962962962963,122624.59084639147,88835.12524819546
408,2.0479579579579577,122912.94139159775,88914.52110972695
409,2.052952952952953,123202.96526327978,88994.31241536122
410,2.0579479479479477,123494.67119074213,89074.50106886296
411,2.062942942942943,123788.06794066294,89155.08898173556
412,2.0679379379379377,124083.1643172132,89236.07807324489
413,2.072932932932933,124379.96916217635,89317.47027044307
414,2.0779279279279277,124678.49135506793,89399.26750819226
415,2.082922922922923,124978.7398132557,89481.47172918863
416,2.0879179179179177,125280.72349207985,89564.08488398626
417,2.092912912912913,125584.45138497371,89647.10893102118
418,2.0979079079079077,125889.93252358418,89730.54583663537
419,2.102902902902903,126197.17597789303,89814.39757510081
420,2.1078978978978977,126506.19085633806,89898.66612864369
421,2.112892892892893,126816.98630593451,89983.35348746851
422,2.1178878878878877,127129.57151239701,90068.46164978243
423,2.122882882882883,127443.95570026146,90153.99262181943
424,2.1278778778778777,127760.14813300729,90239.94841786471
425,2.132872872872873,128078.15811317989,90326.331060279
426,2.1378678678678678,128397.99498251354,90413.14257952306
427,2.1428628628628625,128719.66812205428,90500.38501418213
428,2.1478578578578578,129043.18695228315,90588.06041099047
429,2.1528528528528525,129368.56093323973,90676.17082485586
430,2.1578478478478478,129695.79956464577,90764.71831888426
431,2.1628428428428426,130024.9123860293,90853.70496440452
432,2.167837837837838,130355.90897684892,90943.13284099304
433,2.1728328328328326,130688.79895661808,91033.00403649858
434,2.177827827827828,131023.59198502991,91123.32064706698
435,2.1828228228228226,131360.2977620823,91214.08477716618
436,2.187817817817818,131698.92602820302,91305.29853961096
437,2.1928128128128126,132039.48656437526,91396.96405558806
438,2.197807807807808,132381.98919226328,91489.08345468105
439,2.2028028028028026,132726.44377433858,91581.6588748955
440,2.207797797797798,133072.86021400592,91674.69246268396
441,2.2127927927927926,133421.24845572986,91768.18637297123
442,2.217787787787788,133771.61848516163,91862.14276917955
443,2.2227827827827826,134123.98032926596,91956.56382325376
444,2.227777777777778,134478.3440564484,92051.45171568674
445,2.2327727727727726,134834.71977668273,92146.8086355446
446,2.237767767767768,135193.11764163882,92242.63678049222
447,2.2427627627627627,135553.54784481047,92338.93835681863
448,2.247757757757758,135916.0206216438,92435.71557946253
449,2.2527527527527527,136280.54624966564,92532.9706720378
450,2.2577477477477474,136647.1350486123,92630.70586685915
451,2.2627427427427427,137015.7973805586,92728.9234049677
452,2.2677377377377375,137386.5436500471,92827.62553615676
453,2.2727327327327327,137759.38430421756,92926.81451899746
454,2.2777277277277275,138134.32983293678,93026.49262086468
455,2.2827227227227227,138511.39076892848,93126.66211796271
456,2.2877177177177175,138890.57768790374,93227.3252953513
457,2.2927127127127127,139271.90120869133,93328.48444697159
458,2.2977077077077075,139655.37199336855,93430.14187567195
459,2.3027027027027027,140041.00074739233,93532.29989323416
460,2.3076976976976975,140428.79821973032,93634.96082039944
461,2.3126926926926927,140818.7752029926,93738.12698689463
462,2.3176876876876875,141210.94253356336,93841.80073145834
463,2.3226826826826827,141605.311091733,93945.98440186719
464,2.3276776776776775,142001.8918018303,94050.68035496207
465,2.3326726726726728,142400.69563235505,94155.89095667448
466,2.3376676676676675,142801.73359611086,94261.618582053
467,2.3426626626626628,143205.01675033823,94367.86561528961
468,2.3476576576576575,143610.55619684776,94474.63444974626
469,2.3526526526526528,144018.36308215372,94581.92748798127
470,2.3576476476476476,144428.44859760805,94689.74714177605
471,2.3626426426426423,144840.82397953415,94798.0958321617
472,2.3676376376376376,145255.50050936147,94906.97598944567
473,2.3726326326326324,145672.48951375997,95016.39005323843
474,2.3776276276276276,146091.80236477492,95126.34047248041
475,2.3826226226226224,146513.45047996205,95236.82970546867
476,2.3876176176176176,146937.44532252295,95347.86021988383
477,2.3926126126126124,147363.79840144064,95459.43449281706
478,2.3976076076076076,147792.52127161538,95571.55501079698
479,2.4026026026026024,148223.62553400086,95684.22426981672
480,2.4075975975975976,148657.12283574056,95797.44477536103
481,2.4125925925925924,149093.02487030445,95911.21904243334
482,2.4175875875875876,149531.34337762574,96025.54959558303
483,2.4225825825825824,149972.09014423823,96140.43896893253
484,2.4275775775775776,150415.27700341347,96255.88970620475
485,2.4325725725725724,150860.91583529866,96371.90436075027
486,2.4375675675675677,151309.01856705445,96488.48549557482
487,2.4425625625625624,151759.59717299318,96605.63568336665
488,2.4475575575575577,152212.6636747173,96723.35750652407
489,2.4525525525525524,152668.2301412581,96841.65355718293
490,2.4575475475475477,153126.3086892146,96960.52643724419
491,2.4625425425425425,153586.91148289284,97079.97875840159
492,2.4675375375375372,154050.0507344454,97200.01314216934
493,2.4725325325325325,154515.73870401105,97320.63221990982
494,2.4775275275275273,154983.98769985474,97441.83863286136
495,2.4825225225225225,155454.81007850796,97563.63503216606
496,2.4875175175175173,155928.2182449091,97686.02407889767
497,2.4925125125125125,156404.22465254445,97809.00844408962
498,2.4975075075075073,156882.84180358896,97932.59080876286
499,2.5025025025025025,157364.08224904787,98056.77386395399
500,2.5074974974974973,157847.958588898,98181.56031074333
501,2.5124924924924925,158334.48347222962,98306.95286028297
502,2.5174874874874873,158823.66959738865,98432.95423382505
503,2.5224824824824825,159315.52971211897,98559.56716275
504,2.5274774774774773,159810.076613705,98686.79438859483
505,2.5324724724724725,160307.3231491144,98814.63866308135
506,2.5374674674674673,160807.28221514152,98943.10274814468
507,2.5424624624624625,161309.9667585505,99072.18941596163
508,2.5474574574574573,161815.38977621918,99201.90144897926
509,2.5524524524524526,162323.56431528274,99332.24163994328
510,2.5574474474474473,162834.50347327822,99463.21279192687
511,2.5624424424424426,163348.2203982886,99594.81771835906
512,2.5674374374374374,163864.72828908774,99727.05924305363
513,2.572432432432432,164384.04039528526,99859.9402002377
514,2.5774274274274274,164906.17001747177,99993.46343458066
515,2.582422422422422,165431.13050736446,100127.63180122292
516,2.5874174174174174,165958.93526795274,100262.44816580488
517,2.592412412412412,166489.59775364422,100397.91540449578
518,2.5974074074074074,167023.1314704112,100534.03640402286
519,2.602402402402402,167559.5499759371,100670.81406170024
520,2.6073973973973974,168098.86687976317,100808.2512854581
521,2.612392392392392,168641.0958434357,100946.3509938718
522,2.6173873873873874,169186.25058065337,101085.11611619117
523,2.622382382382382,169734.3448574149,101224.5495923697
524,2.6273773773773774,170285.3924921666,101364.65437309377
525,2.632372372372372,170839.40735595106,101505.43341981225
526,2.6373673673673674,171396.4033725551,101646.88970476565
527,2.642362362362362,171956.39451865855,101789.02621101568
528,2.6473573573573574,172519.3948239833,101931.84593247481
529,2.6523523523523522,173085.4183714426,102075.35187393581
530,2.6573473473473475,173654.47929729,102219.54705110134
531,2.6623423423423422,174226.59179126972,102364.43449061355
532,2.6673373373373375,174801.7700967663,102510.01723008393
533,2.6723323323323322,175380.02851095493,102656.29831812312
534,2.677327327327327,175961.38138495205,102803.28081437053
535,2.6823223223223223,176545.84312396616,102950.9677895244
536,2.687317317317317,177133.42818744874,103099.36232537158
537,2.6923123123123123,177724.1510892457,103248.4675148176
538,2.697307307307307,178318.02639774905,103398.28646191677
539,2.7023023023023023,178915.06873604874,103548.8222819021
540,2.707297297297297,179515.29278208467,103700.0781012155
541,2.7122922922922923,180118.71326879918,103852.05705753806
542,2.717287287287287,180725.34498428978,104004.76229982004
543,2.7222822822822823,181335.20277196213,104158.19698831145
544,2.727277277277277,181948.30153068315,104312.36429459232
545,2.7322722722722723,182564.6562149345,104467.26740160288
546,2.737267267267267,183184.28183496647,104622.90950367427
547,2.7422622622622623,183807.1934569518,104779.29380655887
548,2.747257257257257,184433.40620314018,104936.42352746098
549,2.7522522522522523,185062.93525201283,105094.30189506736
550,2.757247247247247,185695.795838437,105252.9321495778
551,2.7622422422422424,186332.00325382152,105412.31754273595
552,2.767237237237237,186971.57284627177,105572.46133786003
553,2.7722322322322324,187614.5200207457,105733.36680987368
554,2.777227227227227,188260.86023920952,105895.03724533677
555,2.782222222222222,188910.60902079387,106057.47594247639
556,2.787217217217217,189563.78194195044,106220.68621121769
557,2.792212212212212,190220.3946366085,106384.671373215
558,2.797207207207207,190880.46279633202,106549.4347618829
559,2.802202202202202,191544.00217047706,106714.97972242735
560,2.807197197197197,192211.02856634906,106881.3096118769
561,2.812192192192192,192881.55784936086,107048.42779911374
562,2.817187187187187,193555.60594319057,107216.33766490516
563,2.822182182182182,194233.1888299403,107385.04260193498
564,2.827177177177177,194914.32255029437,107554.5460148346
565,2.832172172172172,195599.0232036785,107724.8513202148
566,2.837167167167167,196287.30694841896,107895.96194669706
567,2.842162162162162,196979.19000190188,108067.88133494506
568,2.8471571571571572,197674.68864073313,108240.61293769645
569,2.852152152152152,198373.8192008983,108414.1602197944
570,2.8571471471471472,199076.59807792283,108588.52665821921
571,2.862142142142142,199783.04172703277,108763.71574212027
572,2.8671371371371372,200493.1666633154,108939.73097284773
573,2.872132132132132,201206.98946188047,109116.57586398446
574,2.8771271271271273,201924.52675802162,109294.25394137789
575,2.882122122122122,202645.79524737777,109472.76874317208
576,2.887117117117117,203370.8116860954,109652.12381983965
577,2.892112112112112,204099.59289099032,109832.32273421383
578,2.897107107107107,204832.15573971055,110013.36906152073
579,2.902102102102102,205568.51717089882,110195.26638941144
580,2.907097097097097,206308.6941843557,110378.01831799424
581,2.912092092092092,207052.7038412029,110561.62845986703
582,2.917087087087087,207800.56326404674,110746.10044014946
583,2.922082082082082,208552.2896371421,110931.43789651546
584,2.927077077077077,209307.9002065565,111117.6444792258
585,2.932072072072072,210067.41228033457,111304.72385116034
586,2.937067067067067,210830.84322866256,111492.67968785073
587,2.942062062062062,211598.21048403357,111681.51567751309
588,2.947057057057057,212369.53154141252,111871.23552108053
589,2.952052052052052,213144.82395840183,112061.842932236
590,2.957047047047047,213924.10535540717,112253.34163744497
591,2.962042042042042,214707.39341580356,112445.73537598836
592,2.967037037037037,215494.70588610147,112639.02789999518
593,2.972032032032032,216286.06057611387,112833.22297447585
594,2.977027027027027,217081.47535912288,113028.3243773549
595,2.982022022022022,217880.96817204682,113224.33589950402
596,2.987017017017017,218684.55701560795,113421.26134477527
597,2.992012012012012,219492.2599544999,113619.10453003415
598,2.997007007007007,220304.09511755605,113817.8692851929
599,3.0020020020020017,221120.0806979178,114017.55945324371
600,3.006996996996997,221940.23495320254,114218.178890292
601,3.0119919919919917,222764.57620567328,114419.7314655897
602,3.016986986986987,223593.12284240732,114622.22106156894
603,3.0219819819819818,224425.8933154659,114825.65157387522
604,3.026976976976977,225262.90614206373,115030.02691140125
605,3.0319719719719718,226104.17990473902,115235.35099632016
606,3.036966966966967,226949.73325152375,115441.62776411945
607,3.041961961961962,227799.58489611407,115648.86116363446
608,3.046956956956957,228653.75361804152,115857.05515708245
609,3.051951951951952,229512.25826284368,116066.21372009591
610,3.056946946946947,230375.11774223574,116276.34084175684
611,3.061941941941942,231242.35103428215,116487.44052463048
612,3.066936936936937,232113.9771835684,116699.5167847991
613,3.071931931931932,232990.01530137367,116912.57365189647
614,3.076926926926927,233870.484565843,117126.61516914156
615,3.081921921921922,234755.40422215994,117341.64539337272
616,3.086916916916917,235644.79358271998,117557.66839508194
617,3.091911911911912,236538.6720273036,117774.68825844905
618,3.096906906906907,237437.0590032502,117992.709081376
619,3.101901901901902,238339.9740256319,118211.73497552135
620,3.1068968968968966,239247.4366774275,118431.77006633434
621,3.111891891891892,240159.46660969732,118652.81849308974
622,3.1168868868868866,241076.08354175778,118874.884408922
623,3.121881881881882,241997.30726135639,119097.97198086002
624,3.1268768768768767,242923.15762484737,119322.08538986178
625,3.131871871871872,243853.65455736686,119547.22883084888
626,3.1368668668668667,244788.81805300928,119773.40651274144
627,3.141861861861862,245728.66817500303,120000.62265849265
628,3.1468568568568567,246673.22505588742,120228.88150512386
629,3.151851851851852,247622.50889768914,120458.18730375933
630,3.1568468468468467,248576.5399720993,120688.54431966116
631,3.161841841841842,249535.338620651,120919.9568322644
632,3.1668368368368367,250498.92525489655,121152.42913521198
633,3.171831831831832,251467.32035658584,121385.96553638995
634,3.1768268268268267,252440.54447784417,121620.57035796257
635,3.181821821821822,253418.6182413508,121856.24793640754
636,3.1868168168168167,254401.56234051776,122093.00262255128
637,3.191811811811812,255389.39753966883,122330.83878160428
638,3.1968068068068067,256382.14467421896,122569.76079319647
639,3.201801801801802,257379.82465085387,122809.77305141275
640,3.2067967967967967,258382.4584477098,123050.87996482829
641,3.2117917917917915,259390.06711455376,123293.08595654432
642,3.2167867867867868,260402.67177296418,123536.3954642236
643,3.2217817817817815,261420.2936165115,123780.81294012614
644,3.2267767767767768,262442.95391093934,124026.3428511449
645,3.2317717717717716,263470.6739943456,124272.98967884155
646,3.236766766766767,264503.4752773643,124520.75791948236
647,3.2417617617617616,265541.37924334744,124769.65208407395
648,3.246756756756757,266584.4074485472,125019.67669839945
649,3.2517517517517516,267632.58152229845,125270.8363030543
650,3.256746746746747,268685.92316720146,125523.1354534825
651,3.2617417417417416,269744.4541593051,125776.5787200125
652,3.266736736736737,270808.19634828984,126031.17068789358
653,3.2717317317317316,271877.1716576521,126286.91595733189
654,3.276726726726727,272951.4020848874,126543.81914352684
655,3.2817217217217216,274030.9097016751,126801.88487670745
656,3.286716716716717,275115.7166540627,127061.11780216866
657,3.2917117117117116,276205.84516265045,127321.52258030779
658,3.296706706706707,277301.31752277724,127583.10388666122
659,3.3017017017017016,278402.156104705,127845.86641194063
660,3.306696696696697,279508.3833538049,128109.81486206982
661,3.3116916916916916,280620.0217907431,128374.95395822136
662,3.3166866866866864,281737.09401166736,128641.28843685336
663,3.3216816816816817,282859.6226883931,128908.82304974605
664,3.3266766766766764,283987.63056859066,129177.56256403889
665,3.3316716716716717,285121.14047597215,129447.51176226728
666,3.3366666666666664,286260.17531047907,129718.67544239962
667,3.3416616616616617,287404.7580484698,129991.05841787424
668,3.3466566566566565,288554.91174290795,130264.66551763655
669,3.3516516516516517,289710.6595235501,130539.50158617593
670,3.3566466466466465,290872.0245971349,130815.5714835633
671,3.3616416416416417,292039.0302475719,131092.88008548802
672,3.3666366366366365,293211.69983613037,131371.43228329526
673,3.3716316316316317,294390.0568016291,131651.23298402352
674,3.3766266266266265,295574.12466062617,131932.28711044192
675,3.3816216216216217,296763.92700760876,132214.59960108742
676,3.3866166166166165,297959.4875151835,132498.17541030276
677,3.3916116116116117,299160.82993426744,132783.01950827372
678,3.3966066066066065,300367.9780942786,133069.13688106686
679,3.4016016016016017,301580.95590332756,133356.53253066735
680,3.4065965965965965,302799.7873484086,133645.21147501637
681,3.4115915915915918,304024.4964955918,133935.17874804925
682,3.4165865865865865,305255.1074902149,134226.43939973312
683,3.4215815815815813,306491.64455707616,134518.9984961049
684,3.4265765765765765,307734.1320006265,134812.86111930932
685,3.4315715715715713,308982.5942051627,135108.0323676368
686,3.4365665665665666,310237.05563502107,135404.51735556166
687,3.4415615615615613,311497.5408347703,135702.3212137803
688,3.4465565565565566,312764.074429406,136001.44908924925
689,3.4515515515515514,314036.6811245447,136301.9061452235
690,3.4565465465465466,315315.38570661785,136603.69756129486
691,3.4615415415415414,316600.2130430673,136906.82853343023
692,3.4665365365365366,317891.1880825399,137211.30427401015
693,3.4715315315315314,319188.3358550829,137517.13001186715
694,3.4765265265265266,320491.68147234,137824.31099232443
695,3.4815215215215214,321801.25012774684,138132.85247723432
696,3.4865165165165166,323117.0670967272,138442.75974501704
697,3.4915115115115114,324439.15773688996,138754.03809069935
698,3.4965065065065066,325767.5474882258,139066.69282595333
699,3.5015015015015014,327102.26187330426,139380.72927913535
700,3.5064964964964966,328443.3264974712,139696.15279532477
701,3.5114914914914914,329790.7670490464,140012.96873636285
702,3.5164864864864867,331144.60929952184,140331.18248089193
703,3.5214814814814814,332504.8791037599,140650.7994243945
704,3.5264764764764767,333871.60240019206,140971.82497923207
705,3.5314714714714714,335244.8052110179,141294.26457468458
706,3.5364664664664662,336624.513642404,141618.1236569895
707,3.5414614614614615,338010.75388468377,141943.4076893812
708,3.5464564564564562,339403.5522125573,142270.1221521302
709,3.5514514514514515,340802.93498529115,142598.2725425828
710,3.5564464464464463,342208.9286469192,142927.86437520015
711,3.5614414414414415,343621.5597264432,143258.90318159823
712,3.5664364364364363,345040.85483803356,143591.39451058698
713,3.5714314314314315,346466.840681231,143925.34392821032
714,3.5764264264264263,347899.54404114827,144260.75701778557
715,3.5814214214214215,349338.9917886716,144597.6393799434
716,3.5864164164164163,350785.2108806632,144935.99663266746
717,3.5914114114114115,352238.22836016386,145275.83441133436
718,3.5964064064064063,353698.0713565958,145617.15836875362
719,3.6014014014014015,355164.7670859655,145959.9741752075
720,3.6063963963963963,356638.34285106754,146304.2875184912
721,3.6113913913913915,358118.82604168786,146650.104103953
722,3.6163863863863863,359606.2441348082,146997.42965453415
723,3.6213813813813815,361100.62469481037,147346.26991080932
724,3.6263763763763763,362601.99537368055,147696.63063102696
725,3.6313713713713716,364110.3839112147,148048.51759114926
726,3.6363663663663663,365625.81813522347,148401.93658489286
727,3.641361361361361,367148.3259617379,148756.89342376922
728,3.6463563563563564,368677.935395215,149113.39393712505
729,3.651351351351351,370214.67452874454,149471.4439721831
730,3.6563463463463464,371758.57154425466,149831.04939408245
731,3.661341341341341,373309.65471271914,150192.2160859194
732,3.6663363363363364,374867.9523943644,150554.94994878818
733,3.671331331331331,376433.4930388767,150919.2569018218
734,3.6763263263263264,378006.3051856101,151285.1428822328
735,3.681321321321321,379586.4174637941,151652.61384535424
736,3.6863163163163164,381173.8585927421,152021.67576468067
737,3.691311311311311,382768.65738205984,152392.3346319091
738,3.6963063063063064,384370.8427318544,152764.5964569802
739,3.701301301301301,385980.4436329435,153138.4672681194
740,3.7062962962962964,387597.4891670645,153513.95311187796
741,3.711291291291291,389222.0085070847,153891.06005317456
742,3.7162862862862864,390854.0309172113,154269.7941753363
743,3.721281281281281,392493.5857532016,154650.16158014024
744,3.7262762762762764,394140.702462574,155032.16838785488
745,3.7312712712712712,395795.4105848189,155415.82073728158
746,3.7362662662662665,397457.73975160986,155801.1247857961
747,3.7412612612612612,399127.71968701534,156188.08670939037
748,3.746256256256256,400805.38020771084,156576.7127027141
749,3.7512512512512513,402490.7512231907,156967.0089791163
750,3.756246246246246,404183.8627359809,157358.98177068745
751,3.7612412412412413,405884.7448418521,157752.6373283012
752,3.766236236236236,407593.42773003224,158147.98192165612
753,3.7712312312312313,409309.9416834207,158545.0218393179
754,3.776226226226226,411034.3170788012,158943.76338876132
755,3.7812212212212213,412766.58438705676,159344.2128964123
756,3.786216216216216,414506.7741733835,159746.37670768995
757,3.7912112112112113,416254.91709750536,160150.26118704915
758,3.796206206206206,418011.04391388944,160555.87271802238
759,3.8012012012012013,419775.18547196104,160963.2177032624
760,3.806196196196196,421547.37271631917,161372.30256458436
761,3.8111911911911913,423327.63668695267,161783.1337430083
762,3.816186186186186,425116.00851945626,162195.71769880186
763,3.8211811811811813,426912.5194452472,162610.06091152277
764,3.826176176176176,428717.2007917822,163026.16988006124
765,3.8311711711711713,430530.0839827742,163444.0511226829
766,3.836166166166166,432351.2005384099,163863.71117707144
767,3.8411611611611614,434180.5820755678,164285.15660037135
768,3.846156156156156,436018.26030803635,164708.39396923102
769,3.851151151151151,437864.26704673155,165133.42987984535
770,3.856146146146146,439718.6341999164,165560.27094799897
771,3.861141141141141,441581.3937734197,165988.92380910908
772,3.866136136136136,443452.577870855,166419.39511826867
773,3.871131131131131,445332.21869384055,166851.69155028978
774,3.876126126126126,447220.348542219,167285.81979974633
775,3.881121121121121,449116.999814278,167721.78658101783
776,3.886116116116116,451022.20500696974,168159.59862833246
777,3.891111111111111,452935.99671613285,168599.26269581055
778,3.896106106106106,454858.40763671324,169040.78555750794
779,3.901101101101101,456789.470562985,169484.1740074596
780,3.906096096096096,458729.2183887727,169929.4348597231
781,3.911091091091091,460677.6841076731,170376.57494842232
782,3.916086086086086,462634.9008132778,170825.60112779104
783,3.921081081081081,464600.9016993956,171276.5202722168
784,3.9260760760760762,466575.7200602755,171729.33927628445
785,3.931071071071071,468559.38929083024,172184.06505482038
786,3.9360660660660662,470551.9428868595,172640.7045429361
787,3.941061061061061,472553.4144452738,173099.26469607232
788,3.9460560560560562,474563.83766431897,173559.75249004303
789,3.951051051051051,476583.24634380045,174022.17492107966
790,3.956046046046046,478611.6743853077,174486.53900587495
791,3.961041041041041,480649.1557924398,174952.8517816274
792,3.966036036036036,482695.72467103065,175421.12030608545
793,3.971031031031031,484751.41522937466,175891.35165759176
794,3.976026026026026,486816.26177845267,176363.55293512775
795,3.981021021021021,488890.298732158,176837.73125835773
796,3.986016016016016,490973.56060752313,177313.89376767352
797,3.991011011011011,493066.0820249469,177792.04762423906
798,3.996006006006006,495167.8977084215,178272.20001003513
799,4.0010010010010015,497279.0424857595,178754.35812790357
800,4.005995995995996,499399.55128882214,179238.5292015925
801,4.010990990990991,501529.459153747,179724.72047580048
802,4.015985985985986,503668.8012211763,180212.93921622186
803,4.020980980980981,505817.61273648596,180703.19270959156
804,4.025975975975976,507975.9290500139,181195.48826372973
805,4.030970970970971,510143.7856172895,181689.83320758684
806,4.035965965965966,512321.21799926297,182186.23489128874
807,4.040960960960961,514508.26186253526,182684.70068618184
808,4.045955955955956,516704.95297958807,183185.237984878
809,4.050950950950951,518911.3272290137,183687.85420130004
810,4.055945945945946,521127.4205957458,184192.5567707264
811,4.060940940940941,523353.26917129057,184699.35314983712
812,4.0659359359359355,525588.9091539573,185208.25081675858
813,4.070930930930931,527834.37684909,185719.25727110918
814,4.075925925925926,530089.7086692993,186232.38003404476
815,4.080920920920921,532354.9411346933,186747.62664830397
816,4.0859159159159155,534630.110873111,187265.00467825367
817,4.090910910910911,536915.2546203538,187784.52170993463
818,4.095905905905906,539210.4092204178,188306.18535110715
819,4.100900900900901,541515.6116257277,188830.0032312966
820,4.1058958958958955,543830.8988973689,189355.98300183914
821,4.110890890890891,546156.3082053214,189884.13233592742
822,4.115885885885886,548491.8768286929,190414.4589286562
823,4.120880880880881,550837.6421559526,190946.97049706854
824,4.125875875875876,553193.6416851655,191481.6747802011
825,4.130870870870871,555559.9130242253,192018.57953913018
826,4.135865865865866,557936.4938910904,192557.69255701773
827,4.140860860860861,560323.422114017,193099.02163915706
828,4.145855855855856,562720.7356317946,193642.57461301895
829,4.150850850850851,565128.4724939801,194188.35932829743
830,4.155845845845846,567546.6708611331,194736.38365695573
831,4.160840840840841,569975.3690050514,195286.65549327247
832,4.165835835835836,572414.6053090054,195839.18275388758
833,4.17083083083083,574864.4182679735,196393.97337784804
834,4.175825825825826,577324.846488878,196951.03532665432
835,4.180820820820821,579795.9286908205,197510.376584306
836,4.185815815815816,582277.7037053171,198072.00515734806
837,4.19081081081081,584770.210476534,198635.92907491687
838,4.195805805805806,587273.4880615238,199202.15638878616
839,4.200800800800801,589787.5756304599,199770.69517341288
840,4.205795795795796,592312.5124668736,200341.5535259833
841,4.21079079079079,594848.3379678882,200914.7395664589
842,4.215785785785786,597395.0916444554,201490.26143762234
843,4.220780780780781,599952.8131215908,202068.12730512331
844,4.225775775775776,602521.5421386082,202648.34535752446
845,4.2307707707707705,605101.3185493557,203230.92380634684
846,4.235765765765766,607692.1823224509,203815.87088611623
847,4.240760760760761,610294.1735415142,204403.19485440815
848,4.245755755755756,612907.332405405,204992.9039918938
849,4.2507507507507505,615531.6992284548,205585.00660238566
850,4.255745745745746,618167.3144407014,206179.51101288272
851,4.260740740740741,620814.2185881224,206776.42557361562
852,4.265735735735736,623472.452332868,207375.7586580922
853,4.2707307307307305,626142.0564534944,207977.5186631425
854,4.275725725725725,628823.0718451947,208581.7140089634
855,4.280720720720721,631515.5395200311,209188.35313916366
856,4.285715715715716,634219.5006071655,209797.44452080838
857,4.2907107107107105,636934.9963530896,210408.99664446356
858,4.295705705705705,639662.0681218538,211023.01802424013
859,4.300700700700701,642400.7573952964,211639.51719783802
860,4.305695695695696,645151.1057732699,212258.50272659003
861,4.3106906906906906,647913.1549738685,212879.98319550516
862,4.315685685685685,650686.9468336524,213503.96721331196
863,4.320680680680681,653472.5233078726,214130.4634125015
864,4.325675675675676,656269.926470693,214759.48044936976
865,4.330670670670671,659079.1985154112,215391.02700406
866,4.335665665665665,661900.3817546791,216025.11178060435
867,4.340660660660661,664733.5186207199,216661.74350696593
868,4.345655655655656,667578.6516655443,217300.93093507906
869,4.350650650650651,670435.8235611643,217942.68284089025
870,4.355645645645645,673305.0770998052,218587.0080243981
871,4.360640640640641,676186.4551941152,219233.9153096927
872,4.365635635635636,679080.000877371,219883.41354499426
873,4.370630630630631,681985.7573036836,220535.51160269193
874,4.375625625625625,684903.7677481979,221190.21837938065
875,4.38062062062062,687834.0756072917,221847.54279589825
876,4.385615615615616,690776.7243987697,222507.49379736156
877,4.390610610610611,693731.7577620543,223170.08035320116
878,4.395605605605605,696699.2194583726,223835.31145719576
879,4.4006006006006,699679.1533709385,224503.19612750568
880,4.405595595595596,702671.6035051311,225173.74340670445
881,4.410590590590591,705676.6139886675,225846.9623618103
882,4.4155855855855854,708694.2290717706,226522.8620843158
883,4.42058058058058,711724.4931273304,227201.45169021637
884,4.425575575575576,714767.4506510613,227882.7403200374
885,4.430570570570571,717823.1462616497,228566.73713885996
886,4.4355655655655655,720891.6247008974,229253.45133634494
887,4.44056056056056,723972.930833856,229942.89212675503
888,4.445555555555556,727067.109648953,230635.06874897526
889,4.450550550550551,730174.2062581099,231329.9904665318
890,4.4555455455455455,733294.2658968512,232027.6665676083
891,4.46054054054054,736427.3339244022,232728.1063650597
892,4.465535535535536,739573.4558237764,233431.31919642442
893,4.470530530530531,742732.6772018534,234137.3144239334
894,4.4755255255255255,745905.0437894405,234846.10143451634
895,4.48052052052052,749090.6014413254,235557.68963980538
896,4.485515515515516,752289.3961363109,236272.0884761353
897,4.490510510510511,755501.4739772379,236989.3074045404
898,4.4955055055055055,758726.8811909892,237709.35591074807
899,4.5005005005005,761965.6641284779,238432.24350516807
900,4.505495495495495,765217.8692646154,239157.9797228777
901,4.510490490490491,768483.5431982614,239886.574123603
902,4.515485485485486,771762.7326521506,240618.03629169462
903,4.52048048048048,775055.4844727975,241352.37583609927
904,4.525475475475475,778361.845630376,242089.60239032505
905,4.530470470470471,781681.8632185741,242829.72561240153
906,4.535465465465466,785015.584454418,243572.7551848336
907,4.54046046046046,788363.0566780678,244318.70081454827
908,4.545455455455455,791724.3273525805,245067.57223283494
909,4.550450450450451,795099.4440636382,245819.3791952779
910,4.555445445445446,798488.4545192388,246574.1314816804
911,4.56044044044044,801891.406549348,247331.83889598088
912,4.565435435435435,805308.3481055077,248092.51126615898
913,4.570430430430431,808739.3272603997,248856.15844413228
914,4.575425425425426,812184.3922073604,249622.79030564256
915,4.58042042042042,815643.5912598423,250392.41675013027
916,4.585415415415415,819116.9728508211,251165.0477005971
917,4.590410410410411,822604.5855321425,251940.69310345605
918,4.595405405405406,826106.4779738048,252719.36292836705
919,4.6004004004004,829622.698963172,253501.06716805825
920,4.605395395395395,833153.297404115,254285.81583813136
921,4.61039039039039,836698.3223160733,255073.61897685012
922,4.615385385385386,840257.8228330319,255864.4866449105
923,4.6203803803803805,843831.8482024097,256658.42892519216
924,4.625375375375375,847420.4477838498,257455.45592248882
925,4.63037037037037,851023.6710479069,258255.5777632168
926,4.635365365365366,854641.5675746247,259058.80459509956
927,4.6403603603603605,858274.1870519936,259865.1465868277
928,4.645355355355355,861921.5792742826,260674.61392769177
929,4.65035035035035,865583.7941402349,261487.21682718562
930,4.655345345345346,869260.8816511182,262302.9655145799
931,4.6603403403403405,872952.8919086191,263121.87023846223
932,4.665335335335335,876659.8751125706,263943.9412662417
933,4.67033033033033,880381.8815585026,264769.1888836166
934,4.675325325325326,884118.9616349989,265597.62339400104
935,4.6803203203203205,887871.1658208512,266429.25511790905
936,4.685315315315315,891638.544681994,267264.0943922925
937,4.69031031031031,895421.1488682032,268102.15156982956
938,4.695305305305306,899219.0291095467,268943.43701816123
939,4.7003003003003005,903032.2362125629,269787.9611190709
940,4.705295295295295,906860.8210561522,270635.73426760355
941,4.71029029029029,910704.8345871615,271486.76687112194
942,4.715285285285285,914564.3278156357,272341.0693482922
943,4.720280280280281,918439.3518097189,273198.6521279976
944,4.725275275275275,922329.9576901747,274059.52564817236
945,4.73027027027027,926236.1966245011,274923.70035455213
946,4.735265265265265,930158.119820613,275791.18669933407
947,4.740260260260261,934095.7785200574,276661.9951397411
948,4.745255255255255,938049.2239907335,277536.13613648334
949,4.75025025025025,942018.5075190772,278413.6201521094
950,4.755245245245245,946003.6804016759,279294.4576492398
951,4.760240240240241,950004.793936272,280178.6590886753
952,4.765235235235235,954021.8994121116,281066.23492737033
953,4.77023023023023,958055.0480995916,281957.1956162629
954,4.775225225225225,962104.2912391563,282851.55159795017
955,4.780220220220221,966169.6800293899,283749.31330420007
956,4.785215215215215,970251.2656142481,284650.4911532867
957,4.79021021021021,974349.0990693662,285555.0955471385
958,4.795205205205205,978463.2313873809,286463.13686828327
959,4.800200200200201,982593.713462193,287374.62547658046
960,4.8051951951951954,986740.5960720982,288289.57170572155
961,4.81019019019019,990903.9298617032,289207.9858594849
962,4.815185185185185,995083.7653225425,290129.8782077278
963,4.82018018018018,999280.1527723041,291055.258982096
964,4.8251751751751755,1003493.1423325624,291984.1383714336
965,4.83017017017017,1007722.783904915,292916.5265168691
966,4.835165165165165,1011969.1271454104,293852.4335065584
967,4.84016016016016,1016232.2214371401,294791.86937005894
968,4.8451551551551555,1020512.1158608723,295734.84407230926
969,4.85015015015015,1024808.8591635795,296681.3675071873
970,4.855145145145145,1029122.4997247173,297631.4494906189
971,4.86014014014014,1033453.085520091,298585.09975320136
972,4.8651351351351355,1037800.664083136,299542.3279323144
973,4.87013013013013,1042165.2824634345,300503.1435636765
974,4.875125125125125,1046546.9871822642,301467.5560723123
975,4.88012012012012,1050945.8241849728,302435.57476288814
976,4.8851151151151155,1055361.83878995,303407.2088093725
977,4.89011011011011,1059795.0756339552,304382.46724397305
978,4.895105105105105,1064245.5786135406,305361.3589453014
979,4.9001001001001,1068713.3908222918,306343.89262571005
980,4.905095095095096,1073198.5544835874,307330.0768177459
981,4.91009009009009,1077701.1108785584,308319.91985965567
982,4.915085085085085,1082221.1002689046,309313.4298798804
983,4.92008008008008,1086758.561814201,310310.6147804657
984,4.925075075075075,1091313.5334833027,311311.4822193135
985,4.93007007007007,1095886.0519594224,312316.03959119343
986,4.935065065065065,1100476.1525384365,313324.2940074288
987,4.94006006006006,1105083.8690199258,314336.2522741625
988,4.945055055055055,1109709.233590445,315351.92086910416
989,4.95005005005005,1114352.2766984534,316371.30591665464
990,4.955045045045045,1119013.0269203167,317394.4131612899
991,4.96004004004004,1123691.5108167448,318421.2479390863
992,4.965035035035035,1128387.7527789762,319451.8151472573
993,4.97003003003003,1133101.7748639775,320486.119211558
994,4.975025025025025,1137833.596617875,321524.16405141546
995,4.98002002002002,1142583.2348867755,322565.95304261777
996,4.985015015015015,1147350.703614071,323611.48897739674
997,4.99001001001001,1152136.0136232665,324660.7740217203
998,4.995005005005005,1156939.1723852898,325713.8096695975
999,5.0,1161760.183769172,326770.5966941874
