,eps,G_up,G_down
0,0.01,841.9218770792705,643.5260651780227
1,0.014994994994994995,843.6018661267381,644.2808484527335
2,0.019989989989989992,845.2933180870848,645.0393297432995
3,0.024984984984984984,846.9963395675211,645.8015367409561
4,0.029979979979979983,848.7110383131514,646.5674973985354
5,0.034974974974974975,850.4375230940891,647.3372399005235
6,0.03996996996996997,852.1759037134777,648.1107926647094
7,0.04496496496496497,853.9262910157686,648.8881843438971
8,0.049959959959959964,855.6887968950413,649.6694438276269
9,0.054954954954954956,857.4635343033718,650.4546002439051
10,0.059949949949949954,859.2506172592451,651.2436829609428
11,0.06494494494494495,861.0501608560145,652.0367215889053
12,0.06993993993993994,862.862281270405,652.8337459816668
13,0.07493493493493493,864.6870957710657,653.6347862385786
14,0.07992992992992994,866.5247227271639,654.4398727062423
15,0.08492492492492493,868.3752816170294,655.2490359802952
16,0.08991991991991992,870.2388930368433,656.0623069072025
17,0.09491491491491491,872.1156787093727,656.87971658606
18,0.0999099099099099,874.0057614927525,657.701296370405
19,0.10490490490490491,875.9092653893142,658.5270778700374
20,0.1098998998998999,877.8263155544605,659.3570929528487
21,0.11489489489489489,879.7570383055871,660.1913737466612
22,0.1198898898898899,881.7015611310521,661.0299526410763
23,0.12488488488488489,883.6600126991904,661.8728622893304
24,0.1298798798798799,885.6325228673775,662.7201356101635
25,0.13487487487487487,887.6192226911398,663.5718057896931
26,0.13986986986986988,889.6202444333113,664.4279062833006
27,0.14486486486486488,891.6357215732389,665.2884708175249
28,0.1498598598598599,893.6657888160348,666.1535333919667
29,0.15485485485485487,895.7105821018758,667.023128281201
30,0.15984984984984987,897.7702386153526,667.8972900367004
31,0.16484484484484485,899.8448967948647,668.7760534887668
32,0.16983983983983986,901.934696342064,669.6594537484726
33,0.17483483483483486,904.0397782313471,670.5475262096119
34,0.17982982982982984,906.1602847193952,671.4403065506601
35,0.18482482482482485,908.2963593547626,672.337830736745
36,0.18981981981981982,910.4481469875132,673.2401350216254
37,0.19481481481481483,912.6157937789063,674.1472559496805
38,0.19980980980980984,914.7994472111309,675.0592303579081
39,0.2048048048048048,916.9992560970875,675.9760953779333
40,0.20979979979979982,919.2153705902211,676.8978884380263
41,0.21479479479479482,921.4479421944009,677.8246472651294
42,0.2197897897897898,923.6971237738509,678.7564098868955
43,0.2247847847847848,925.9630695631282,679.6932146337335
44,0.2297797797797798,928.2459351771522,680.6351001408665
45,0.2347747747747748,930.5458776212821,681.5821053503976
46,0.2397697697697698,932.8630553014441,682.5342695133862
47,0.24476476476476478,935.1976280343088,683.491632191935
48,0.24975975975975978,937.549757057518,684.454233261285
49,0.2547547547547548,939.9196050399621,685.4221129119223
50,0.25974974974974974,942.3073360921061,686.3953116516941
51,0.26474474474474474,944.7131157763667,687.3738703079337
52,0.26973973973973975,947.137111117541,688.3578300295974
53,0.27473473473473475,949.5794906132822,689.34723228941
54,0.27972972972972976,952.0404242446295,690.3421188860212
55,0.28472472472472476,954.5200834865858,691.3425319461708
56,0.28971971971971977,957.0186413187483,692.348513926866
57,0.2947147147147147,959.5362722359886,693.3601076175671
58,0.2997097097097097,962.0731522591841,694.3773561423848
59,0.30470470470470473,964.6294589460007,695.4003029622861
60,0.30969969969969974,967.2053714017275,696.4289918773123
61,0.31469469469469474,969.8010702901609,697.4634670288062
62,0.3196896896896897,972.4167378445428,698.5037729016498
63,0.3246846846846847,975.0525578785484,699.5499543265126
64,0.3296796796796797,977.7087157973265,700.6020564821105
65,0.3346746746746747,980.3853986085926,701.6601248974746
66,0.3396696696696697,983.0827949337724,702.7242054542312
67,0.34466466466466467,985.801095019199,703.7943443888917
68,0.34965965965965967,988.540490747361,704.8705882951538
69,0.3546546546546547,991.3011756482053,705.952984126213
70,0.3596496496496497,994.0833449104902,707.041579197085
71,0.3646446446446447,996.8871953931924,708.1364211869384
72,0.36963963963963964,999.7129256369677,709.237558141439
73,0.37463463463463464,1002.5607358756636,710.3450384751048
74,0.37962962962962965,1005.4308280478846,711.4589109736712
75,0.38462462462462466,1008.3234058086133,712.5792247964675
76,0.38961961961961966,1011.2386745408833,713.7060294788058
77,0.39461461461461467,1014.176841367506,714.8393749343792
78,0.3996096096096096,1017.1381151628524,715.9793114576723
79,0.4046046046046046,1020.1227065646875,717.1258897263824
80,0.40959959959959963,1023.1308279860605,718.2791608038524
81,0.41459459459459463,1026.162693627248,719.4391761415152
82,0.41958958958958964,1029.2185194877543,720.6059875813493
83,0.4245845845845846,1032.2985233783636,721.7796473583461
84,0.4295795795795796,1035.4029249332498,722.9602081029893
85,0.4345745745745746,1038.5319456221396,724.1477228437454
86,0.4395695695695696,1041.6858087625349,725.3422450095671
87,0.4445645645645646,1044.8647395319847,726.5438284324067
88,0.4495595595595596,1048.0689649804194,727.7525273497441
89,0.45455455455455457,1051.2987140425378,728.9683964071256
90,0.4595495495495496,1054.5542175502521,730.191490660715
91,0.4645445445445446,1057.8357082451892,731.4218655798577
92,0.4695395395395396,1061.1434207912484,732.6595770496572
93,0.4745345345345346,1064.4775917872187,733.9046813735642
94,0.47952952952952954,1067.8384597794518,735.1572352759786
95,0.48452452452452455,1071.2262652745937,736.4172959048649
96,0.48951951951951955,1074.6412507523755,737.6849208343804
97,0.49451451451451456,1078.083660678462,738.9601680675172
98,0.49950950950950956,1081.5537415173599,740.2430960387577
99,0.5045045045045045,1085.0517417453866,741.533763616744
100,0.5094994994994995,1088.5779118636965,742.83223010696
101,0.5144944944944946,1092.1325044113703,744.1385552544307
102,0.5194894894894895,1095.715773978564,745.4527992464334
103,0.5244844844844845,1099.3279772197197,746.7750227152245
104,0.5294794794794795,1102.9693728668378,748.1052867407815
105,0.5344744744744745,1106.6402217428135,749.4436528535607
106,0.5394694694694695,1110.3407867748335,750.7901830372698
107,0.5444644644644645,1114.0713330078402,752.144939731657
108,0.5494594594594595,1117.8321276180573,753.5079858353167
109,0.5544544544544545,1121.6234399265823,754.8793847085116
110,0.5594494494494495,1125.4455414130452,756.2592001760127
111,0.5644444444444445,1129.2987057293335,757.6474965299558
112,0.5694394394394395,1133.1832087133848,759.0443385327179
113,0.5744344344344344,1137.0993284030496,760.4497914198109
114,0.5794294294294294,1141.0473450500235,761.863920902796
115,0.5844244244244244,1145.0275411338498,763.2867931722163
116,0.5894194194194194,1149.0402013759945,764.718474900552
117,0.5944144144144144,1153.0856127539969,766.1590332451958
118,0.5994094094094095,1157.1640645156936,767.6085358514508
119,0.6044044044044045,1161.2758481935193,769.0670508555517
120,0.6093993993993995,1165.421257618888,770.5346468877095
121,0.6143943943943945,1169.6005889366504,772.011393075182
122,0.6193893893893895,1173.8141406196405,773.4973590453699
123,0.6243843843843844,1178.0622134833015,774.9926149289404
124,0.6293793793793794,1182.3451107003991,776.4972313629795
125,0.6343743743743744,1186.663137815829,778.0112794941748
126,0.6393693693693694,1191.016602761512,779.5348309820295
127,0.6443643643643644,1195.4058158713897,781.0679580021101
128,0.6493593593593594,1199.831089896516,782.6107332493305
129,0.6543543543543544,1204.2927400202548,784.1632299412706
130,0.6593493493493494,1208.7910838735847,785.7255218215391
131,0.6643443443443444,1213.3264415505162,787.2976831631743
132,0.6693393393393394,1217.8991356236272,788.8797887720932
133,0.6743343343343344,1222.5094911597218,790.4719139905867
134,0.6793293293293293,1227.1578357356195,792.0741347008674
135,0.6843243243243243,1231.844499454083,793.6865273286726
136,0.6893193193193193,1236.5698149598884,795.309168846926
137,0.6943143143143143,1241.3341174560535,796.9421367794644
138,0.6993093093093093,1246.137744720228,798.5855092048333
139,0.7043043043043044,1250.9810371212595,800.2393647601567
140,0.7092992992992994,1255.8643376359487,801.9037826450892
141,0.7142942942942944,1260.7879918660062,803.5788426258564
142,0.7192892892892894,1265.7523480552254,805.2646250393898
143,0.7242842842842844,1270.7577571068944,806.9612107975696
144,0.7292792792792793,1275.8045726014593,808.6686813915801
145,0.7342742742742743,1280.8931508144706,810.3871188963928
146,0.7392692692692693,1286.0238507348306,812.1166059753889
147,0.7442642642642643,1291.1970340833745,813.8572258851327
148,0.7492592592592593,1296.4130653318211,815.6090624803173
149,0.7542542542542543,1301.6723117221245,817.3722002188957
150,0.7592492492492493,1306.9751432862759,819.1467241674206
151,0.7642442442442443,1312.321932866605,820.9327200066168
152,0.7692392392392393,1317.713056136635,822.7302740372112
153,0.7742342342342343,1323.14889162256,824.5394731860533
154,0.7792292292292293,1328.6298207254208,826.3604050125593
155,0.7842242242242242,1334.156227744064,828.1931577155217
156,0.7892192192192192,1339.728499898997,830.0378201403314
157,0.7942142142142142,1345.3470273572432,831.8944817866628
158,0.7992092092092092,1351.0122032583515,833.7632328166886
159,0.8042042042042042,1356.7244237417174,835.6441640638938
160,0.8091991991991992,1362.4840879754065,837.5373670425727
161,0.8141941941941943,1368.291598186714,839.4429339581088
162,0.8191891891891893,1374.1473596947235,841.3609577181523
163,0.8241841841841843,1380.0517809451899,843.2915319448281
164,0.8291791791791793,1386.0052735481231,845.2347509881375
165,0.8341741741741743,1392.008252318536,847.190709940741
166,0.8391691691691692,1398.0611353208992,849.1595046543433
167,0.8441641641641642,1404.164343917973,851.1412317579545
168,0.8491591591591592,1410.3183028248168,853.135988678343
169,0.8541541541541542,1416.5234401689602,855.143873663066
170,0.8591491491491492,1422.780187557932,857.1649858065447
171,0.8641441441441442,1429.0889801556355,859.199425079748
172,0.8691391391391392,1435.450256769383,861.2472923641724
173,0.8741341341341342,1441.8644599498814,863.3086894909607
174,0.8791291291291292,1448.3320361070014,865.3837192862
175,0.8841241241241242,1454.8534356449204,867.4724856236821
176,0.8891191191191192,1461.4291131211753,869.5750934867301
177,0.8941141141141141,1468.059527435414,871.6916490410947
178,0.8991091091091091,1474.7451420552766,873.8222597214508
179,0.9041041041041041,1481.4864252890259,875.9670343347038
180,0.9090990990990991,1488.283850617469,878.126083184211
181,0.9140940940940941,1495.137897101646,880.2995182201931
182,0.9190890890890892,1502.0490498881545,882.4874532231963
183,0.9240840840840842,1509.0178008413463,884.6900040295641
184,0.9290790790790792,1516.0446493419151,886.9072888107448
185,0.9340740740740742,1523.1301033058012,889.1394284221823
186,0.9390690690690692,1530.2746804978053,891.3865468429525
187,0.9440640640640641,1537.478910243719,893.6487717348869
188,0.9490590590590591,1544.7433356875742,895.9262351606313
189,0.9540540540540541,1552.0685168037214,898.2190745154167
190,0.9590490490490491,1559.4550344678241,900.5274337495007
191,0.9640440440440441,1566.9034960341396,902.8514649908541
192,0.9690390390390391,1574.4145430873973,905.1913307261777
193,0.9740340340340341,1581.988862384188,907.5472067717369
194,0.9790290290290291,1589.6272015521527,909.9192863781986
195,0.9840240240240241,1597.3303920158912,912.307785989754
196,0.9890190190190191,1605.099383114251,914.7129534579202
197,0.9940140140140141,1612.9352939119542,917.135079964605
198,0.999009009009009,1620.8394936164607,919.5745176606168
199,1.004004004004004,1628.8137293562897,922.0317062968728
200,1.008998998998999,1636.8578115899436,924.5065757043593
201,1.0139939939939941,1644.9713676794108,926.998998355878
202,1.0189889889889892,1653.1543026598542,929.5089133544705
203,1.023983983983984,1661.406706256665,932.0363062631621
204,1.028978978978979,1669.728794374699,934.5811957825433
205,1.033973973973974,1678.1208713524672,937.1436247562077
206,1.038968968968969,1686.5833050499866,939.7236539746705
207,1.043963963963964,1695.1165100585583,942.3213578274037
208,1.048958958958959,1703.7209361643331,944.9368211993924
209,1.053953953953954,1712.3970602798772,947.5701372209867
210,1.058948948948949,1721.1453807083367,950.2214056126858
211,1.063943943943944,1729.9664130040933,952.8907314511997
212,1.068938938938939,1738.8606869439514,955.5782242381612
213,1.073933933933934,1747.8287442825626,958.2839971892078
214,1.078928928928929,1756.8711370695141,961.0081666855509
215,1.083923923923924,1765.9884263740016,963.7508518467607
216,1.088918918918919,1775.1811813089298,966.512174194977
217,1.093913913913914,1784.4499782775367,969.2922573887915
218,1.098908908908909,1793.7954003871885,972.0912270107351
219,1.103903903903904,1803.2180369900311,974.9092103963828
220,1.108898898898899,1812.718483320851,977.7463364960499
221,1.113893893893894,1822.2973402100808,980.6027357622154
222,1.118888888888889,1831.9552138553986,983.4785400574053
223,1.123883883883884,1841.6927156393858,986.3738825784702
224,1.128878878878879,1851.5104619836561,989.2888977940811
225,1.1338738738738738,1861.409074232086,992.2237213929577
226,1.1388688688688688,1871.3891785574142,995.1784902408629
227,1.1438638638638639,1881.4514058867367,998.153342344793
228,1.1488588588588589,1891.5963918423702,1001.1484168231174
229,1.1538538538538539,1901.8247766952952,1004.1638538806542
230,1.1588488488488489,1912.137205328946,1007.1997947878647
231,1.1638438438438439,1922.5343272115688,1010.2563818635037
232,1.1688388388388389,1933.0167963756967,1013.3337584601779
233,1.1738338338338339,1943.5852714035864,1016.432068952367
234,1.178828828828829,1954.240415417649,1019.5514587265332
235,1.183823823823824,1964.9828960751038,1022.6920741730166
236,1.188818818818819,1975.81338556621,1025.8540626794572
237,1.193813813813814,1986.7325606155414,1029.0375726255274
238,1.198808808808809,1997.7411024858702,1032.2427533787998
239,1.203803803803804,2008.8396969842802,1035.4697552915911
240,1.208798798798799,2020.0290344702114,1038.7187296986594
241,1.213793793793794,2031.3098098651767,1041.9898289156438
242,1.218788788788789,2042.68272266392,1045.28320623815
243,1.223783783783784,2054.1484769468466,1048.5990159414043
244,1.228778778778779,2065.707781393556,1051.93741328041
245,1.233773773773774,2077.361349297355,1055.2985544905414
246,1.2387687687687687,2089.1098985806193,1058.6825967885293
247,1.2437637637637637,2100.954151810928,1062.089698373794
248,1.2487587587587587,2112.8948362178667,1065.5200184300822
249,1.2537537537537538,2124.932683710437,1068.973717127385
250,1.2587487487487488,2137.068430895003,1072.4509556240914
251,1.2637437437437438,2149.302819093732,1075.9518960693727
252,1.2687387387387388,2161.636594363463,1079.4767016057574
253,1.2737337337337338,2174.070507514981,1083.0255363718888
254,1.2787287287287288,2186.6053141326493,1086.598565505443
255,1.2837237237237238,2199.241774594369,1090.1959551461907
256,1.2887187187187188,2211.9806540918444,1093.8178724391953
257,1.2937137137137138,2224.8227226511217,1097.46448553813
258,1.2987087087087088,2237.7687551533863,1101.135963608706
259,1.3037037037037038,2250.8195313559963,1104.832476832203
260,1.3086986986986988,2263.9758359137372,1108.5541964090894
261,1.3136936936936938,2277.2384584002766,1112.3012945627315
262,1.3186886886886888,2290.60819332982,1116.0739445431793
263,1.3236836836836838,2304.08584017894,1119.872320631026
264,1.3286786786786788,2317.6722034085765,1123.696598141335
265,1.3336736736736738,2331.368092486201,1127.54695342763
266,1.3386686686686688,2345.174321908129,1131.4235638859413
267,1.3436636636636636,2359.0917112219813,1135.3266079589112
268,1.3486586586586586,2373.1210850492785,1139.2562651399467
269,1.3536536536536536,2387.263273108174,1143.2127159774218
270,1.3586486486486486,2401.51911023631,1147.1961420789235
271,1.3636436436436437,2415.8894364137964,1151.206726115544
272,1.3686386386386387,2430.3750967863048,1155.2446518262082
273,1.3736336336336337,2444.9769416882846,1159.3101040220436
274,1.3786286286286287,2459.6958266662778,1163.4032685907837
275,1.3836236236236237,2474.532612502352,1167.5243325012077
276,1.3886186186186187,2489.48816523763,1171.6734838076118
277,1.3936136136136137,2504.563356195922,1175.8509116543119
278,1.3986086086086087,2519.7590620074634,1180.0568062801776
279,1.4036036036036037,2535.07616463274,1184.2913590231954
280,1.4085985985985987,2550.5155513864142,1188.5547623250548
281,1.4135935935935937,2566.078114961347,1192.8472097357703
282,1.4185885885885887,2581.7647534527014,1197.168895918319
283,1.4235835835835837,2597.57637038215,1201.5200166533132
284,1.4285785785785787,2613.5138747221604,1205.9007688436884
285,1.4335735735735737,2629.578180920371,1210.311350519419
286,1.4385685685685687,2645.7702089240574,1214.7519608422585
287,1.4435635635635637,2662.0908842046806,1219.2228001104986
288,1.4485585585585585,2678.5411377825194,1223.724069763751
289,1.4535535535535535,2695.1219062513906,1228.2559723877512
290,1.4585485485485485,2711.8341318034454,1232.8187117191828
291,1.4635435435435435,2728.678762254057,1237.4124926505208
292,1.4685385385385386,2745.6567510667796,1242.037521234896
293,1.4735335335335336,2762.769057378401,1246.6940046909804
294,1.4785285285285286,2780.0166460240625,1251.382151407886
295,1.4835235235235236,2797.400487562466,1256.1021709500903
296,1.4885185185185186,2814.921558301163,1260.8542740623743
297,1.4935135135135136,2832.580840321916,1265.6386726747808
298,1.4985085085085086,2850.379321506145,1270.4555799075913
299,1.5035035035035036,2868.317995560448,1275.3052100763202
300,1.5084984984984986,2886.397862042202,1280.187778696727
301,1.5134934934934936,2904.6199263852427,1285.1035024898442
302,1.5184884884884886,2922.9851999256152,1290.0525993870237
303,1.5234834834834836,2941.494699927415,1295.0352885349996
304,1.5284784784784786,2960.149449608693,1300.0517903009702
305,1.5334734734734736,2978.950478167447,1305.1023262776928
306,1.5384684684684686,2997.8988208076807,1310.1871192885978
307,1.5434634634634636,3016.9955187655505,1315.3063933929193
308,1.5484584584584586,3036.241619335581,1320.4603738908374
309,1.5534534534534536,3055.638175896959,1325.649287328647
310,1.5584484484484484,3075.1862479399024,1330.8733615039296
311,1.5634434434434434,3094.8869010921117,1336.1328254707519
312,1.5684384384384384,3114.741207145285,1341.4279095448737
313,1.5734334334334334,3134.7502440817243,1346.7588453089747
314,1.5784284284284285,3154.9150961010064,1352.125865617898
315,1.5834234234234235,3175.236853646733,1357.5292046039044
316,1.5884184184184185,3195.716613433362,1362.9690976819486
317,1.5934134134134135,3216.3554784731036,1368.445781554966
318,1.5984084084084085,3237.1545581029022,1373.959494219178
319,1.6034034034034035,3258.1149680114922,1379.5104749694106
320,1.6083983983983985,3279.237830266521,1385.0989644044316
321,1.6133933933933935,3300.5242733417635,1390.7252044322981
322,1.6183883883883885,3321.9754321443957,1396.3894382757244
323,1.6233833833833835,3343.592448042357,1402.0919104774634
324,1.6283783783783785,3365.37646889178,1407.8328669057018
325,1.6333733733733735,3387.3286490645005,1413.612554759471
326,1.6383683683683685,3409.4501494756405,1419.4312225740755
327,1.6433633633633635,3431.742137611268,1425.2891202265332
328,1.6483583583583585,3454.205787556137,1431.1864989410349
329,1.6533533533533535,3476.8422800214917,1437.1236112944134
330,1.6583483483483485,3499.652802372962,1443.1007112216316
331,1.6633433433433433,3522.63854865852,1449.1180540212868
332,1.6683383383383383,3545.8007196365256,1455.175896361127
333,1.6733333333333333,3569.140522803837,1461.274496283581
334,1.6783283283283283,3592.659172424004,1467.4141132113111
335,1.6833233233233234,3616.357889555533,1473.5950079527686
336,1.6883183183183184,3640.237902080234,1479.8174427077777
337,1.6933133133133134,3664.3004447316375,1486.0816810731237
338,1.6983083083083084,3688.546759123489,1492.387988048164
339,1.7033033033033034,3712.978093778322,1498.7366300404467
340,1.7082982982982984,3737.5957041561096,1505.127874871352
341,1.7132932932932934,3762.400852682981,1511.5619917817403
342,1.7182882882882884,3787.394808780029,1518.0392514376242
343,1.7232832832832834,3812.578848892182,1524.5599259358478
344,1.7282782782782784,3837.9542565171614,1531.124288809785
345,1.7332732732732734,3863.5223222345066,1537.732615035051
346,1.7382682682682684,3889.28434373469,1544.385181035232
347,1.7432632632632634,3915.24162584829,1551.0822646876252
348,1.7482582582582584,3941.3954805752564,1557.8241453289947
349,1.7532532532532534,3967.747227114246,1564.6111037613477
350,1.7582482482482484,3994.298191892037,1571.443422257718
351,1.7632432432432434,4021.0497085930156,1578.321384567971
352,1.7682382382382384,4048.003118188746,1585.245275924617
353,1.7732332332332332,4075.1597689676155,1592.2153830486482
354,1.7782282282282282,4102.521016564553,1599.2319941553824
355,1.7832232232232232,4130.08822399083,1606.2953989603252
356,1.7882182182182182,4157.862761663931,1613.405888685049
357,1.7932132132132133,4185.846007437511,1620.563756063082
358,1.7982082082082083,4214.039346631425,1627.7692953458186
359,1.8032032032032033,4242.444172061834,1635.0228023084396
360,1.8081981981981983,4271.0618840713905,1642.3245742558497
361,1.8131931931931933,4299.893890559499,1649.6749100286286
362,1.8181881881881883,4328.941607012661,1657.0741100090013
363,1.8231831831831833,4358.206456534885,1664.522476126816
364,1.8281781781781783,4387.689869878187,1672.0203118655445
365,1.8331731731731733,4417.3932854731665,1679.5679222682943
366,1.8381681681681683,4447.31814945965,1687.1656139438337
367,1.8431631631631633,4477.465915717427,1694.8136950726378
368,1.8481581581581583,4507.8380458970505,1702.5124754129438
369,1.8531531531531533,4538.4360094507265,1710.2622663068228
370,1.8581481481481483,4569.261283663274,1718.0633806862693
371,1.8631431431431433,4600.315353683174,1725.9161330793065
372,1.8681381381381383,4631.59971255368,1733.8208396160971
373,1.8731331331331333,4663.115861244018,1741.7778180350836
374,1.8781281281281281,4694.86530868067,1749.787387689135
375,1.8831231231231231,4726.849571778721,1757.8498695517073
376,1.8881181181181181,4759.070175473295,1765.9655862230238
377,1.8931131131131131,4791.5286527510725,1774.1348619362718
378,1.8981081081081081,4824.226544681874,1782.358022563807
379,1.9031031031031032,4857.1654004503325,1790.6353956233806
380,1.9080980980980982,4890.346777387647,1798.96731028438
381,1.9130930930930932,4923.772241003404,1807.354097374078
382,1.9180880880880882,4957.443365017487,1815.796089383909
383,1.9230830830830832,4991.361731392063,1824.293620475752
384,1.9280780780780782,5025.528930363647,1832.8470264882292
385,1.9330730730730732,5059.946560475244,1841.4566449430233
386,1.9380680680680682,5094.61622860858,1850.1228150512095
387,1.9430630630630632,5129.539550016396,1858.8458777196001
388,1.9480580580580582,5164.7181483548375,1867.6261755571072
389,1.9530530530530532,5200.153655715914,1876.4640528811185
390,1.9580480480480482,5235.84771266004,1885.3598557238915
391,1.9630430430430432,5271.801968248659,1894.3139318389597
392,1.9680380380380382,5308.018080076945,1903.3266307075573
393,1.9730330330330332,5344.497714306579,1912.398303545054
394,1.9780280280280282,5381.242545698615,1921.529303307411
395,1.983023023023023,5418.254257646424,1930.7199846976544
396,1.988018018018018,5455.534542208705,1939.9707041723525
397,1.993013013013013,5493.085100142596,1949.281819948119
398,1.998008008008008,5530.907640936853,1958.6536920081296
399,2.003003003003003,5569.003882845112,1968.0866821086524
400,2.007997997997998,5607.375552919228,1977.5811537855925
401,2.012992992992993,5646.024387042703,1987.1374723610566
402,2.017987987987988,5684.952129964189,1996.7560049499284
403,2.022982982982983,5724.160535331073,2006.4371204664635
404,2.027977977977978,5763.65136572313,2016.181189630894
405,2.032972972972973,5803.42639268629,2025.988584976058
406,2.0379679679679676,5843.487396766444,2035.8596808540333
407,2.042962962962963,5883.836167543366,2045.794853442796
408,2.0479579579579577,5924.474503664691,2055.794480752892
409,2.052952952952953,5965.404212879996,2065.8589426341205
410,2.0579479479479477,6006.627112074933,2075.9886207822356
411,2.062942942942943,6048.145027305487,2086.183898745667
412,2.0679379379379377,6089.9597938322595,2096.445161932251
413,2.072932932932933,6132.073256154887,2106.7727976159767
414,2.0779279279279277,6174.487268046501,2117.167194943755
415,2.082922922922923,6217.203692588305,2127.6287449422
416,2.0879179179179177,6260.224402204187,2138.1578405244163
417,2.092912912912913,6303.551278695464,2148.7548764968174
418,2.0979079079079077,6347.186213275676,2159.420249565952
419,2.102902902902903,6391.131106605464,2170.154358345344
420,2.1078978978978977,6435.387868827547,2180.9576033623543
421,2.112892892892893,6479.9584196017695,2191.8303870650534
422,2.1178878878878877,6524.844688140224,2202.773113829112
423,2.122882882882883,6570.048613242472,2213.7861899647064
424,2.1278778778778777,6615.572143330835,2224.8700237234407
425,2.132872872872873,6661.417236485777,2236.0250253052855
426,2.1378678678678678,6707.585860481355,2247.251606865529
427,2.1428628628628625,6754.079992820769,2258.550182521749
428,2.1478578578578578,6800.901620771985,2269.92116836079
429,2.1528528528528525,6848.052741403442,2281.3649824457793
430,2.1578478478478478,6895.535361619841,2292.882044823127
431,2.1628428428428426,6943.351498198018,2304.4727775295705
432,2.167837837837838,6991.503177822903,2316.1376045992174
433,2.1728328328328326,7039.9924371235575,2327.876952070612
434,2.177827827827828,7088.821322709287,2339.691247993814
435,2.1828228228228226,7137.991891205864,2351.580922437498
436,2.187817817817818,7187.506209291798,2363.546407496063
437,2.1928128128128126,7237.366353734718,2375.5881372967606
438,2.197807807807808,7287.574411427822,2387.7065480068413
439,2.2028028028028026,7338.1324794264165,2399.9020778407144
440,2.207797797797798,7389.042664984534,2412.175167067121
441,2.2127927927927926,7440.307085591647,2424.5262580163335
442,2.217787787787788,7491.927869009445,2436.955795087356
443,2.2227827827827826,7543.907153308715,2449.4642247551533
444,2.227777777777778,7596.247086906293,2462.051995577891
445,2.2327727727727726,7648.949828602108,2474.719558204191
446,2.237767767767768,7702.0175476162985,2487.467365380405
447,2.2427627627627627,7755.45242362643,2500.2958719579046
448,2.247757757757758,7809.2566468047735,2513.205534900382
449,2.2527527527527527,7863.432417855698,2526.1968132911775
450,2.2577477477477474,7917.981948053119,2539.2701683406103
451,2.2627427427427427,7972.90745927804,2552.426063393336
452,2.2677377377377375,8028.211184056194,2565.6649639357165
453,2.2727327327327327,8083.895365595747,2578.987337603203
454,2.2777277277277275,8139.962257825096,2592.39365418774
455,2.2827227227227227,8196.414125430758,2605.884385645186
456,2.2877177177177175,8253.253243895333,2619.46000610274
457,2.2927127127127127,8310.481899535549,2633.1209918664017
458,2.2977077077077075,8368.102389540414,2646.8678214284328
459,2.3027027027027027,8426.117022009423,2660.7009754748433
460,2.3076976976976975,8484.52811599087,2674.6209368928885
461,2.3126926926926927,8543.338001520247,2688.6281907785874
462,2.3176876876876875,8602.549019658705,2702.723224444255
463,2.3226826826826827,8662.163522531628,2716.906527426047
464,2.3276776776776775,8722.183873367274,2731.1785914915304
465,2.3326726726726728,8782.61244653552,2745.5399106472632
466,2.3376676676676675,8843.451627586659,2759.9909811463876
467,2.3426626626626628,8904.70381329032,2774.532301496252
468,2.3476576576576575,8966.371411674452,2789.164372466035
469,2.3526526526526528,9028.4568420644,2803.887697094394
470,2.3576476476476476,9090.96253512206,2818.702780697131
471,2.3626426426426423,9153.890932885131,2833.6101308748707
472,2.3676376376376376,9217.244488806453,2848.6102575207583
473,2.3726326326326324,9281.025667793412,2863.703672828171
474,2.3776276276276276,9345.236946247445,2878.890891298445
475,2.3826226226226224,9409.880812103649,2894.1724297486276
476,2.3876176176176176,9474.959764870433,2909.5488073192355
477,2.3926126126126124,9540.476315669304,2925.0205454820325
478,2.3976076076076076,9606.43298727469,2940.5881680478283
479,2.4026026026026024,9672.832314153904,2956.252201174287
480,2.4075975975975976,9739.676842507137,2972.0131733737617
481,2.4125925925925924,9806.9691303076,2987.8716155211323
482,2.4175875875875876,9874.711747341691,3003.8280608616737
483,2.4225825825825824,9942.907275249288,3019.88304501893
484,2.4275775775775776,10011.558307564119,3036.0371060026123
485,2.4325725725725724,10080.667449754212,3052.2907842165077
486,2.4375675675675677,10150.237319262451,3068.6446224664137
487,2.4425625625625624,10220.270545547182,3085.099165968073
488,2.4475575575575577,10290.769770122959,3101.6549623551455
489,2.4525525525525524,10361.737646601323,3118.312561687181
490,2.4575475475475477,10433.176840731714,3135.0725164576206
491,2.4625425425425425,10505.090030442425,3151.9353816017992
492,2.4675375375375372,10577.479905881695,3168.901714504983
493,2.4725325325325325,10650.349169458841,3185.972075010407
494,2.4775275275275273,10723.700535885517,3203.1470254273495
495,2.4825225225225225,10797.536732217017,3220.4271305391953
496,2.4875175175175173,10871.860497893722,3237.8129576115475
497,2.4925125125125125,10946.674584782586,3255.3050764003274
498,2.4975075075075073,11021.981757218724,3272.904059159909
499,2.5025025025025025,11097.784792047116,3290.610480651271
500,2.5074974974974973,11174.08647866434,3308.4249181501496
501,2.5124924924924925,11250.889619060457,3326.3479514552264
502,2.5174874874874873,11328.197027860939,3344.3801628963215
503,2.5224824824824825,11406.01153236871,3362.522137342611
504,2.5274774774774773,11484.335972606259,3380.7744622108557
505,2.5324724724724725,11563.173201357862,3399.1377274736483
506,2.5374674674674673,11642.526084211859,3417.6125256676787
507,2.5424624624624625,11722.397499603061,3436.1994519020177
508,2.5474574574574573,11802.790338855208,3454.8991038664094
509,2.5524524524524526,11883.707506223545,3473.712081839598
510,2.5574474474474473,11965.151918937467,3492.638988697651
511,2.5624424424424426,12047.126507243262,3511.6804299223127
512,2.5674374374374374,12129.634214446933,3530.837013609368
513,2.572432432432432,12212.677996957133,3550.109350477034
514,2.5774274274274274,12296.260824328152,3569.4980538743475
515,2.582422422422422,12380.385679303039,3589.0037397896
516,2.5874174174174174,12465.055557856764,3608.6270268587546
517,2.592412412412412,12550.273469239506,3628.368536373915
518,2.5974074074074074,12636.042436020012,3648.228892291783
519,2.602402402402402,12722.365494129066,3668.2087212421507
520,2.6073973973973974,12809.245692903003,3688.308652536398
521,2.612392392392392,12896.686095127374,3708.5293181760244
522,2.6173873873873874,12984.689777080643,3728.8713528611734
523,2.622382382382382,13073.259828578022,3749.3353939992
524,2.6273773773773774,13162.399353015357,3769.922081713233
525,2.632372372372372,13252.111467413122,3790.632058850772
526,2.6373673673673674,13342.399302460504,3811.465970992284
527,2.642362362362362,13433.266002559581,3832.4244664598427
528,2.6473573573573574,13524.714725869573,3853.5081963257553
529,2.6523523523523522,13616.748644351206,3874.7178144212303
530,2.6573473473473475,13709.37094381114,3896.0539773450464
531,2.6623423423423422,13802.584823946516,3917.5173444722536
532,2.6673373373373375,13896.393498389567,3939.1085779628734
533,2.6723323323323322,13990.800194752346,3960.8283427706347
534,2.677327327327327,14085.808154671515,3982.6773066517194
535,2.6823223223223223,14181.42063385325,4004.6561401735134
536,2.687317317317317,14277.64090211822,4026.7655167234047
537,2.6923123123123123,14374.472243446671,4049.0061125175603
538,2.697307307307307,14471.917956023583,4071.378606609755
539,2.7023023023023023,14569.981352283936,4093.8836809002028
540,2.707297297297297,14668.665758958054,4116.522020144398
541,2.7122922922922923,14767.974517117056,4139.2943119619895
542,2.717287287287287,14867.910982218367,4162.201246845659
543,2.7222822822822823,14968.478524151356,4185.243518170029
544,2.727277277277277,15069.680527283039,4208.421822200578
545,2.7322722722722723,15171.520390503902,4231.7368581025785
546,2.737267267267267,15274.001527273766,4255.189327950044
547,2.7422622622622623,15377.127365667806,4278.779936734719
548,2.747257257257257,15480.901348422623,4302.50939237505
549,2.7522522522522523,15585.326932982396,4326.3784057252005
550,2.757247247247247,15690.407591545169,4350.387690584074
551,2.7622422422422424,15796.146811109185,4374.537963704357
552,2.767237237237237,15902.548093519352,4398.829944801577
553,2.7722322322322324,16009.614955513764,4423.264356563178
554,2.777227227227227,16117.350928770338,4447.841924657616
555,2.782222222222222,16225.759559953538,4472.563377743481
556,2.787217217217217,16334.84441076119,4497.429447478609
557,2.792212212212212,16444.609057971375,4522.440868529246
558,2.797207207207207,16555.057093489457,4547.598378579203
559,2.802202202202202,16666.192124395144,4572.902718339045
560,2.807197197197197,16778.017772989682,4598.35463155529
561,2.812192192192192,16890.537676843145,4623.954865019625
562,2.817187187187187,17003.755488841784,4649.704168578147
563,2.822182182182182,17117.67487723549,4675.603295140612
564,2.827177177177177,17232.299525685372,4701.653000689708
565,2.832172172172172,17347.633133311363,4727.854044290347
566,2.837167167167167,17463.679414739996,4754.20718809897
567,2.842162162162162,17580.442100152228,4780.713197372869
568,2.8471571571571572,17697.924935331353,4807.372840479542
569,2.852152152152152,17816.131681711035,4834.186888906038
570,2.8571471471471472,17935.06611642341,4861.156117268345
571,2.862142142142142,18054.7320323473,4888.281303320782
572,2.8671371371371372,18175.1332381565,4915.56322796542
573,2.872132132132132,18296.273558368186,4943.002675261502
574,2.8771271271271273,18418.156833391382,4970.600432434905
575,2.882122122122122,18540.786919575556,4998.357289887602
576,2.887117117117117,18664.167689259284,5026.274041207144
577,2.892112112112112,18788.303030819014,5054.3514831761795
578,2.897107107107107,18913.196848717933,5082.590415781955
579,2.902102102102102,19038.853063554918,5110.991642225872
580,2.907097097097097,19165.27561211356,5139.555968933031
581,2.912092092092092,19292.468447411367,5168.284205561815
582,2.917087087087087,19420.435538748934,5197.177165013488
583,2.922082082082082,19549.1808717593,5226.235663441791
584,2.927077077077077,19678.708448457393,5255.460520262592
585,2.932072072072072,19809.022287289496,5284.852558163511
586,2.937067067067067,19940.126423182912,5314.412603113604
587,2.942062062062062,20072.024907595638,5344.141484373037
588,2.947057057057057,20204.72180856618,5374.040034502797
589,2.952052052052052,20338.221210763462,5404.109089374399
590,2.957047047047047,20472.527215536767,5434.349488179637
591,2.962042042042042,20607.64394096589,5464.762073440325
592,2.967037037037037,20743.57552191126,5495.347691018097
593,2.972032032032032,20880.32611006426,5526.107190124166
594,2.977027027027027,21017.89987399755,5557.041423329162
595,2.982022022022022,21156.300999215586,5588.151246572949
596,2.987017017017017,21295.533688205127,5619.437519174471
597,2.992012012012012,21435.60216048592,5650.901103841627
598,2.997007007007007,21576.510652661447,5682.542866681137
599,3.0020020020020017,21718.263418469774,5714.363677208464
600,3.006996996996997,21860.864728834476,5746.36440835772
601,3.0119919919919917,22004.318871915682,5778.545936491608
602,3.016986986986987,22148.630153161204,5810.90914141138
603,3.0219819819819818,22293.802895357774,5843.454906366811
604,3.026976976976977,22439.841438682357,5876.1841180661895
605,3.0319719719719718,22586.750140753567,5909.097666686334
606,3.036966966966967,22734.533376683186,5942.196445882621
607,3.041961961961962,22883.195539127773,5975.481352799027
608,3.046956956956957,23032.741038340384,6008.953288078205
609,3.051951951951952,23183.17430222234,6042.613155871559
610,3.056946946946947,23334.499776375163,6076.461863849353
611,3.061941941941942,23486.721924152538,6110.500323210838
612,3.066936936936937,23639.845226712416,6144.729448694377
613,3.071931931931932,23793.87418306923,6179.150158587623
614,3.076926926926927,23948.813310146114,6213.76337473767
615,3.081921921921922,24104.66714282734,6248.570022561274
616,3.086916916916917,24261.440234010763,6283.57103105505
617,3.091911911911912,24419.137154660406,6318.767332805721
618,3.096906906906907,24577.762493859125,6354.159864000341
619,3.101901901901902,24737.32085886137,6389.749564436599
620,3.1068968968968966,24897.816875146054,6425.537377533076
621,3.111891891891892,25059.255186469527,6461.524250339568
622,3.1168868868868866,25221.640454918597,6497.711133547406
623,3.121881881881882,25384.977360963698,6534.098981499797
624,3.1268768768768767,25549.270603512156,6570.688752202194
625,3.131871871871872,25714.524899961514,6607.481407332671
626,3.1368668668668667,25880.744986253005,6644.47791225232
627,3.141861861861862,26047.935616925057,6681.679236015678
628,3.1468568568568567,26216.10156516695,6719.086351381136
629,3.151851851851852,26385.24762287257,6756.700234821446
630,3.1568468468468467,26555.37860069421,6794.52186653414
631,3.161841841841842,26726.49932809653,6832.5522304520455
632,3.1668368368368367,26898.61465341055,6870.79231425381
633,3.171831831831832,27071.729443887827,6909.243109374407
634,3.1768268268268267,27245.848585754648,6947.905611015695
635,3.181821821821822,27420.97698426635,6986.780818156988
636,3.1868168168168167,27597.119563761753,7025.869733565633
637,3.191811811811812,27774.281267717663,7065.173363807621
638,3.1968068068068067,27952.46705880352,7104.692719258211
639,3.201801801801802,28131.681918936065,7144.428814112556
640,3.2067967967967967,28311.9308493342,7184.382666396391
641,3.2117917917917915,28493.218870573874,7224.555297976695
642,3.2167867867867868,28675.551022643085,7264.9477345723935
643,3.2217817817817815,28858.932364997014,7305.561005765067
644,3.2267767767767768,29043.367976613197,7346.396145009703
645,3.2317717717717716,29228.86295604686,7387.454189645444
646,3.236766766766767,29415.422421486324,7428.736180906352
647,3.2417617617617616,29603.05151080848,7470.243163932224
648,3.246756756756757,29791.755381634397,7511.976187779384
649,3.2517517517517516,29981.539211385036,7553.936305431505
650,3.256746746746747,30172.40819733705,7596.124573810498
651,3.2617417417417416,30364.367556678648,7638.542053787328
652,3.266736736736737,30557.422526565664,7681.1898101929555
653,3.2717317317317316,30751.57836417755,7724.06891182919
654,3.276726726726727,30946.840346773643,7767.180431479657
655,3.2817217217217216,31143.21377174947,7810.525445920714
656,3.286716716716717,31340.70395669307,7854.105035932436
657,3.2917117117117116,31539.31623944155,7897.9202863095825
658,3.296706706706707,31739.055978137665,7941.972285872608
659,3.3017017017017016,31939.928551286495,7986.262127478665
660,3.306696696696697,32141.93935781224,8030.790908032671
661,3.3116916916916916,32345.0938171151,8075.55972849834
662,3.3166866866866864,32549.3973691283,8120.569693909285
663,3.3216816816816817,32754.85547437516,8165.8219133800885
664,3.3266766766766764,32961.473614026276,8211.317500117439
665,3.3316716716716717,33169.25728995683,8257.057571431254
666,3.3366666666666664,33378.21202480397,8303.043248745844
667,3.3416616616616617,33588.34336202429,8349.27565761107
668,3.3466566566566565,33799.65686595143,8395.755927713552
669,3.3516516516516517,34012.15812185379,8442.485192887874
670,3.3566466466466465,34225.85273599229,8489.464591127813
671,3.3616416416416417,34440.74633567824,8536.695264597583
672,3.3666366366366365,34656.84456933143,8584.178359643118
673,3.3716316316316317,34874.15310653812,8631.915026803357
674,3.3766266266266265,35092.67763810926,8679.90642082154
675,3.3816216216216217,35312.42387613878,8728.153700656545
676,3.3866166166166165,35533.39755406206,8776.65802949423
677,3.3916116116116117,35755.6044267143,8825.420574758804
678,3.3966066066066065,35979.05027038921,8874.442508124197
679,3.4016016016016017,36203.74088289768,8923.725005525484
680,3.4065965965965965,36429.68208362655,8973.26924717029
681,3.4115915915915918,36656.87971359756,9023.076417550254
682,3.4165865865865865,36885.339635526325,9073.147705452451
683,3.4215815815815813,37115.06773388142,9123.484303970929
684,3.4265765765765765,37346.0699149436,9174.087410518165
685,3.4315715715715713,37578.35210686512,9224.958226836592
686,3.4365665665665666,37811.92025972909,9276.097959010162
687,3.4415615615615613,38046.78034560906,9327.507817475882
688,3.4465565565565566,38282.93835862857,9379.189017035396
689,3.4515515515515514,38520.40031502086,9431.142776866594
690,3.4565465465465466,38759.172253188706,9483.370320535212
691,3.4615415415415414,38999.26023376432,9535.87287600648
692,3.4665365365365366,39240.67033966938,9588.65167565677
693,3.4715315315315314,39483.40867617515,9641.70795628528
694,3.4765265265265266,39727.48137096266,9695.042959125729
695,3.4815215215215214,39972.89457418308,9748.657929858075
696,3.4865165165165166,40219.654458518104,9802.554118620214
697,3.4915115115115114,40467.76721924049,9856.732780019784
698,3.4965065065065066,40717.239074274716,9911.195173145912
699,3.5015015015015014,40968.076264257645,9965.942561581007
700,3.5064964964964966,41220.285052599414,10020.976213412576
701,3.5114914914914914,41473.87172554438,10076.297401245054
702,3.5164864864864867,41728.842592232075,10131.907402211653
703,3.5214814814814814,41985.20398475845,10187.807497986245
704,3.5264764764764767,42242.96225823705,10243.998974795239
705,3.5314714714714714,42502.12379086037,10300.483123429489
706,3.5364664664664662,42762.69498396134,10357.261239256244
707,3.5414614614614615,43024.682262074835,10414.334622231072
708,3.5464564564564562,43288.09207299935,10471.704576909868
709,3.5514514514514515,43552.93088785874,10529.372412460772
710,3.5564464464464463,43819.20520116411,10587.339442676266
711,3.5614414414414415,44086.921530875756,10645.606985985134
712,3.5664364364364363,44356.08641846523,10704.176365464547
713,3.5714314314314315,44626.70642897753,10763.048908852112
714,3.5764264264264263,44898.78815109335,10822.225948557963
715,3.5814214214214215,45172.33819719151,10881.708821676895
716,3.5864164164164163,45447.363203411354,10941.498870000447
717,3.5914114114114115,45723.869829715375,11001.59744002908
718,3.5964064064064063,46001.86475995192,11062.00588298433
719,3.6014014014014015,46281.35470191798,11122.725554820998
720,3.6063963963963963,46562.34638742206,11183.757816239358
721,3.6113913913913915,46844.846572347175,11245.104032697394
722,3.6163863863863863,47128.86203671397,11306.765574423014
723,3.6213813813813815,47414.399584743966,11368.743816426362
724,3.6263763763763763,47701.46604492279,11431.040138512059
725,3.6313713713713716,47990.06827006365,11493.65592529154
726,3.6363663663663663,48280.21313737081,11556.59256619537
727,3.641361361361361,48571.90754850327,11619.851455485581
728,3.6463563563563564,48865.15842963848,11683.433992268054
729,3.651351351351351,49159.972731536094,11747.341580504877
730,3.6563463463463464,49456.35742960201,11811.575629026804
731,3.661341341341341,49754.319523952385,11876.137551545626
732,3.6663363363363364,50053.86603947774,11941.028766666632
733,3.671331331331331,50355.004025907234,12006.250697901081
734,3.6763263263263264,50657.740557873054,12071.804773678698
735,3.681321321321321,50962.08273497483,12137.69242736015
736,3.6863163163163164,51268.0376818442,12203.915097249617
737,3.691311311311311,51575.61254820954,12270.474226607294
738,3.6963063063063064,51884.81450896064,12337.371263661962
739,3.701301301301301,52195.65076421367,12404.607661623602
740,3.7062962962962964,52508.12853937612,12472.184878695973
741,3.711291291291291,52822.25508521194,12540.10437808926
742,3.7162862862862864,53138.03767790666,12608.367628032696
743,3.721281281281281,53455.48361913275,12676.97610178726
744,3.7262762762762764,53774.60023611503,12745.931277658334
745,3.7312712712712712,54095.39488169613,12815.234639008411
746,3.7362662662662665,54417.87493440216,12884.887674269858
747,3.7412612612612612,54742.04779850841,12954.891876957625
748,3.746256256256256,55067.92090410518,13025.24874568201
749,3.7512512512512513,55395.50170716373,13095.959784161472
750,3.756246246246246,55724.797689602274,13167.02650123543
751,3.7612412412412413,56055.81635935222,13238.450410877102
752,3.766236236236236,56388.565250424304,13310.233032206314
753,3.7712312312312313,56723.051922975035,13382.375889502397
754,3.776226226226226,57059.283963373164,13454.880512217102
755,3.7812212212212213,57397.268984266186,13527.74843498745
756,3.786216216216216,57737.01462464706,13600.981197648687
757,3.7912112112112113,58078.528549921,13674.580345247274
758,3.796206206206206,58421.81845197237,13748.547428053787
759,3.8012012012012013,58766.892049231625,13822.884001575954
760,3.806196196196196,59113.757086742495,13897.591626571648
761,3.8111911911911913,59462.42133622912,13972.671869061936
762,3.816186186186186,59812.89259616344,14048.12630034411
763,3.8211811811811813,60165.17869183251,14123.956497004761
764,3.826176176176176,60519.287475406156,14200.164040932877
765,3.8311711711711713,60875.22682600455,14276.750519332974
766,3.836166166166166,61233.00464976595,14353.717524738187
767,3.8411611611611614,61592.628879914526,14431.066655023458
768,3.846156156156156,61954.10747682837,14508.799513418695
769,3.851151151151151,62317.448428107586,14586.917708521976
770,3.856146146146146,62682.65974864234,14665.422854312757
771,3.861141141141141,63049.74948068125,14744.316570165109
772,3.866136136136136,63418.72569389976,14823.600480860974
773,3.871131131131131,63789.59648546857,14903.276216603435
774,3.876126126126126,64162.36998012229,14983.345413030034
775,3.881121121121121,64537.05433022816,15063.809711226057
776,3.886116116116116,64913.65771585482,15144.670757737907
777,3.891111111111111,65292.18834484127,15225.930204586435
778,3.896106106106106,65672.65445286589,15307.589709280326
779,3.901101101101101,66055.06430351557,15389.650934829524
780,3.906096096096096,66439.42618835499,15472.115549758608
781,3.911091091091091,66825.74842699594,15554.985228120277
782,3.916086086086086,67214.0393671668,15638.26164950879
783,3.921081081081081,67604.30738478209,15721.94649907342
784,3.9260760760760762,67996.56088401223,15806.041467532017
785,3.931071071071071,68390.80829735321,15890.548251184508
786,3.9360660660660662,68787.05808569652,15975.46855192641
787,3.941061061061061,69185.31873839925,16060.804077262423
788,3.9460560560560562,69585.59877335408,16146.556540320038
789,3.951051051051051,69987.90673705962,16232.727659863096
790,3.956046046046046,70392.25120469059,16319.319160305437
791,3.961041041041041,70798.64078016838,16406.33277172458
792,3.966036036036036,71207.08409623157,16493.770229875332
793,3.971031031031031,71617.58981450656,16581.633276203494
794,3.976026026026026,72030.16662557833,16669.923657859636
795,3.981021021021021,72444.82324906142,16758.643127712738
796,3.986016016016016,72861.56843367073,16847.793444363975
797,3.991011011011011,73280.41095729277,16937.376372160525
798,3.996006006006006,73701.35962705678,17027.39368120931
799,4.0010010010010015,74124.42327940604,17117.847147390843
800,4.005995995995996,74549.61078016937,17208.73855237305
801,4.010990990990991,74976.93102463253,17300.069683625137
802,4.015985985985986,75406.39293760998,17391.84233443145
803,4.020980980980981,75838.00547351656,17484.05830390539
804,4.025975975975976,76271.77761643934,17576.719397003337
805,4.030970970970971,76707.71838020964,17669.827424538562
806,4.035965965965966,77145.83680847508,17763.384203195215
807,4.040960960960961,77586.14197477172,17857.39155554228
808,4.045955955955956,78028.64298259643,17951.851310047627
809,4.050950950950951,78473.34896547924,18046.765301091964
810,4.055945945945946,78920.26908705593,18142.135368982952
811,4.060940940940941,79369.41254114051,18237.963359969228
812,4.0659359359359355,79820.78855179815,18334.251126254505
813,4.070930930930931,80274.40637341783,18431.00052601167
814,4.075925925925926,80730.27529078547,18528.21342339694
815,4.080920920920921,81188.40461915688,18625.891688563963
816,4.0859159159159155,81648.80370433093,18724.037197678066
817,4.090910910910911,82111.481922723,18822.65183293037
818,4.095905905905906,82576.44868143811,18921.737482552024
819,4.100900900900901,83043.71341834465,19021.29604082847
820,4.1058958958958955,83513.28560214795,19121.329408113663
821,4.110890890890891,83985.1747324639,19221.839490844373
822,4.115885885885886,84459.3903398929,19322.828201554472
823,4.120880880880881,84935.94198609382,19424.29745888925
824,4.125875875875876,85414.83926385795,19526.249187619756
825,4.130870870870871,85896.0917971833,19628.685318657153
826,4.135865865865866,86379.7092413488,19731.607789067122
827,4.140860860860861,86865.70128298872,19835.018542084246
828,4.145855855855856,87354.07764016718,19938.919527126425
829,4.150850850850851,87844.84806245273,20043.312699809387
830,4.155845845845846,88338.02233099316,20148.200021961064
831,4.160840840840841,88833.61025859026,20253.583461636103
832,4.165835835835836,89331.62168977475,20359.464993130456
833,4.17083083083083,89832.06650088145,20465.8465969958
834,4.175825825825826,90334.95460012442,20572.730260054184
835,4.180820820820821,90840.2959276721,20680.117975412515
836,4.185815815815816,91348.10045572292,20788.011742477214
837,4.19081081081081,91858.37818858067,20896.413566968822
838,4.195805805805806,92371.13916273016,21005.325460936638
839,4.200800800800801,92886.39344691296,21114.749442773336
840,4.205795795795796,93404.15114220322,21224.687537229733
841,4.21079079079079,93924.42238208366,21335.141775429394
842,4.215785785785786,94447.2173325216,21446.114194883412
843,4.220780780780781,94972.54619204515,21557.60683950515
844,4.225775775775776,95500.4191918195,21669.62175962498
845,4.2307707707707705,96030.84659572339,21782.161012005115
846,4.235765765765766,96563.83870042548,21895.226659854383
847,4.240760760760761,97099.4058354611,22008.820772843024
848,4.245755755755756,97637.55836330901,22122.94542711763
849,4.2507507507507505,98178.30667946814,22237.602705315963
850,4.255745745745746,98721.66121253463,22352.794696581866
851,4.260740740740741,99267.63242427891,22468.523496580157
852,4.265735735735736,99816.23080972282,22584.791207511556
853,4.2707307307307305,100367.46689721706,22701.599938127718
854,4.275725725725725,100921.35124851845,22818.95180374615
855,4.280720720720721,101477.89445886757,22936.848926265237
856,4.285715715715716,102037.10715706629,23055.293434179206
857,4.2907107107107105,102599.00000555566,23174.2874625933
858,4.295705705705705,103163.58370049373,23293.83315323873
859,4.300700700700701,103730.86897183345,23413.932654487802
860,4.305695695695696,104300.8665834009,23534.58812136905
861,4.3106906906906906,104873.58733297337,23655.80171558231
862,4.315685685685685,105449.04205235775,23777.575605513954
863,4.320680680680681,106027.24160746903,23899.911966251988
864,4.325675675675676,106608.19689840867,24022.812979601316
865,4.330670670670671,107191.91885954342,24146.280834098892
866,4.335665665665665,107778.41845958409,24270.31772502903
867,4.340660660660661,108367.7067016643,24394.925854438592
868,4.345655655655656,108959.79462341961,24520.107431152348
869,4.350650650650651,109554.6932970667,24645.864670788214
870,4.355645645645645,110152.41382948235,24772.199795772645
871,4.360640640640641,110752.96736228306,24899.11503535592
872,4.365635635635636,111356.3650719043,25026.61262562754
873,4.370630630630631,111962.61816968027,25154.69480953164
874,4.375625625625625,112571.73790192339,25283.363836882378
875,4.38062062062062,113183.73555000429,25412.621964379377
876,4.385615615615616,113798.62243043163,25542.471455623203
877,4.390610610610611,114416.40989493203,25672.91458113083
878,4.395605605605605,115037.10933053044,25803.953618351083
879,4.4006006006006,115660.73215963025,25935.5908516803
880,4.405595595595596,116287.28984009367,26067.82857247774
881,4.410590590590591,116916.7938653223,26200.669079081235
882,4.4155855855855854,117549.25576433755,26334.114676822726
883,4.42058058058058,118184.68710186161,26468.167678043916
884,4.425575575575576,118823.09947839814,26602.830402111893
885,4.430570570570571,119464.50453031319,26738.10517543473
886,4.4355655655655655,120108.91392991628,26873.994331477275
887,4.44056056056056,120756.33938554165,27010.50021077675
888,4.445555555555556,121406.79264162955,27147.625160958523
889,4.450550550550551,122060.28547880752,27285.37153675181
890,4.4555455455455455,122716.829713972,27423.74170000548
891,4.46054054054054,123376.43720036997,27562.73801970384
892,4.465535535535536,124039.11982768074,27702.362871982416
893,4.470530530530531,124704.88952209773,27842.618640143777
894,4.4755255255255255,125373.75824641052,27983.50771467346
895,4.48052052052052,126045.73800008684,28125.032493255752
896,4.485515515515516,126720.84081935501,28267.195380789643
897,4.490510510510511,127399.07877728605,28409.998789404748
898,4.4955055055055055,128080.46398387628,28553.44513847723
899,4.5005005005005,128765.00858612973,28697.53685464573
900,4.505495495495495,129452.72476814088,28842.276371827415
901,4.510490490490491,130143.62475117753,28987.666131233967
902,4.515485485485486,130837.72079376367,29133.70858138757
903,4.52048048048048,131535.02519176243,29280.40617813706
904,4.525475475475475,132235.55027845938,29427.761384673868
905,4.530470470470471,132939.3084246455,29575.776671548236
906,4.535465465465466,133646.312038701,29724.454516685255
907,4.54046046046046,134356.57356667827,29873.797405401026
908,4.545455455455455,135070.10549238606,30023.807830418853
909,4.550450450450451,135786.9203374727,30174.4882918854
910,4.555445445445446,136507.0306615102,30325.84129738689
911,4.56044044044044,137230.4490620782,30477.869361965393
912,4.565435435435435,137957.1881748481,30630.575008134983
913,4.570430430430431,138687.2606736669,30783.960765898082
914,4.575425425425426,139420.679270642,30938.029172761744
915,4.58042042042042,140157.45671622525,31092.78277375397
916,4.585415415415415,140897.60579929774,31248.224121440027
917,4.590410410410411,141641.13934725424,31404.35577593887
918,4.595405405405406,142388.07022608808,31561.18030493946
919,4.6004004004004,143138.41134047613,31718.700283717168
920,4.605395395395395,143892.17563386358,31876.918295150273
921,4.61039039039039,144649.37608854938,32035.836929736448
922,4.615385385385386,145410.02572577112,32195.458785609066
923,4.6203803803803805,146174.13760579072,32355.786468553815
924,4.625375375375375,146941.7248279797,32516.822592025223
925,4.63037037037037,147712.80053090476,32678.569777163197
926,4.635365365365366,148487.37789241382,32841.030652809524
927,4.6403603603603605,149265.47012972133,33004.20785552453
928,4.645355355355355,150047.09049949463,33168.104029603695
929,4.65035035035035,150832.2522979399,33332.72182709421
930,4.655345345345346,151620.96886088816,33498.063907811666
931,4.6603403403403405,152413.25356388197,33664.13293935678
932,4.665335335335335,153209.11982226145,33830.931597132054
933,4.67033033033033,154008.58109125105,33998.46256435851
934,4.675325325325326,154811.65086604605,34166.72853209234
935,4.6803203203203205,155618.3426818995,34335.73219924185
936,4.685315315315315,156428.67011420897,34505.47627258413
937,4.69031031031031,157242.6467786037,34675.9634667819
938,4.695305305305306,158060.2863310316,34847.19650440033
939,4.7003003003003005,158881.6024678465,35019.1781159239
940,4.705295295295295,159706.60892589565,35191.91103977328
941,4.71029029029029,160535.31948260707,35365.398022322246
942,4.715285285285285,161367.74795607722,35539.64181791459
943,4.720280280280281,162203.90820515857,35714.64518888116
944,4.725275275275275,163043.81412954786,35890.41090555665
945,4.73027027027027,163887.47966987343,36066.941746296725
946,4.735265265265265,164734.91880778383,36244.24049749496
947,4.740260260260261,165586.14556603576,36422.30995360002
948,4.745255255255255,166441.1740085825,36601.152917132546
949,4.75025025025025,167300.01824066215,36780.77219870236
950,4.755245245245245,168162.6924088865,36961.17061702547
951,4.760240240240241,169029.2107013294,37142.350998941365
952,4.765235235235235,169899.58734761574,37324.31617942992
953,4.77023023023023,170773.83661901025,37507.06900162885
954,4.775225225225225,171651.9728285066,37690.61231685063
955,4.780220220220221,172534.01033091647,37874.948984600014
956,4.785215215215215,173419.96352295898,38060.081872591036
957,4.79021021021021,174309.84684334986,38246.01385676435
958,4.795205205205205,175203.6747728912,38432.74782130457
959,4.800200200200201,176101.46183456082,38620.286658657504
960,4.8051951951951954,177003.2225936022,38808.63326954753
961,4.81019019019019,177908.97165761434,38997.79056299499
962,4.815185185185185,178818.7236766416,39187.7614563335
963,4.82018018018018,179732.49334326398,39378.54887522742
964,4.8251751751751755,180650.29539268726,39570.1557536892
965,4.83017017017017,181572.14460283334,39762.58503409693
966,4.835165165165165,182498.05579443072,39955.83966721166
967,4.84016016016016,183428.04383110523,40149.92261219518
968,4.8451551551551555,184362.12361947045,40344.83683662711
969,4.85015015015015,185300.3101092187,40540.585316522884
970,4.855145145145145,186242.61829321203,40737.171036350985
971,4.86014014014014,187189.06320757326,40934.59698905072
972,4.8651351351351355,188139.6599317771,41132.86617604979
973,4.87013013013013,189094.42358874157,41331.98160728182
974,4.875125125125125,190053.36934491928,41531.94630120421
975,4.88012012012012,191016.51241038914,41732.763284815606
976,4.8851151151151155,191983.86803894787,41934.435593673756
977,4.89011011011011,192955.45152820204,42136.96627191312
978,4.895105105105105,193931.27821965975,42340.35837226277
979,4.9001001001001,194911.3634988226,42544.61495606394
980,4.905095095095096,195895.7227952783,42749.73909328805
981,4.91009009009009,196884.37158279237,42955.73386255438
982,4.915085085085085,197877.32537940083,43162.602351147936
983,4.92008008008008,198874.59974750289,43370.3476550374
984,4.925075075075075,199876.21029395313,43578.97287889289
985,4.93007007007007,200882.17267015472,43788.48113610392
986,4.935065065065065,201892.502572152,43998.87554879737
987,4.94006006006006,202907.21574072365,44210.15924785539
988,4.945055055055055,203926.32796147576,44422.33537293341
989,4.95005005005005,204949.85506493493,44635.407072478156
990,4.955045045045045,205977.812926642,44849.3775037456
991,4.96004004004004,207010.21746724503,45064.249832819114
992,4.965035035035035,208047.0846525924,45280.02723462723
993,4.97003003003003,209088.43049382063,45496.71289296074
994,4.975025025025025,210134.27104740014,45714.31000048102
995,4.98002002002002,211184.622414847,45932.82175866171
996,4.985015015015015,212239.50073976192,46152.25137719606
997,4.99001001001001,213298.92218349315,46372.602069138375
998,4.995005005005005,214362.9027298541,46593.87701198175
999,5.0,215431.45662241676,46816.079036673014
